#include "common_types.h"
#include "generated_syms.h"

static char NXArgc[4] = {0};

static char NXArgv[4] = {0};

static char environ[4] = {0};

unsigned char ___progname[20] = {
    0xb8, 0x57, 0x21, 0x00, 0x00, 0x00, 0x00, 0x00, 0x00, 0x00, 0x00, 0x00, 0x00, 0x00, 0x00, 0x00,
    0x00, 0x00, 0x00, 0x00
};

char g_InhibitOpenGLErrors[32] = {0};

/* wasm duplicate omitted: sEnableSwap */

/* wasm duplicate omitted: kDisplayRectKey */

/* wasm duplicate omitted: kDisplayIndexKey */

/* wasm duplicate omitted: kFirstTimeKey */

static char sResult[32] = {0};

/* wasm duplicate omitted: sSystemCursorVisible */

/* wasm duplicate omitted: sVisibleCursor */

/* wasm duplicate omitted: sCurrentWinCursor */

unsigned char __ZZN7WinIconC4EvE7sNextID[4] = {
    0x01, 0x00, 0x00, 0x00
};

unsigned char __ZZN9WinCursorC4EvE11sNextHandle[20] = {
    0x01, 0x00, 0x00, 0x00, 0x00, 0x00, 0x00, 0x00, 0x00, 0x00, 0x00, 0x00, 0x00, 0x00, 0x00, 0x00,
    0x00, 0x00, 0x00, 0x00
};

unsigned char sGerman_ISO_VK_Map[128] = {
    0x41, 0x53, 0x44, 0x46, 0x48, 0x47, 0x59, 0x58, 0x43, 0x56, 0x00, 0x42, 0x51, 0x57, 0x45, 0x52,
    0x5a, 0x54, 0x31, 0x32, 0x33, 0x34, 0x36, 0x35, 0xbb, 0x39, 0x37, 0xbd, 0x38, 0x30, 0xdd, 0x4f,
    0x55, 0xdb, 0x49, 0x50, 0x0d, 0x4c, 0x4a, 0xde, 0x4b, 0xba, 0xdc, 0xbc, 0xbf, 0x4e, 0x4d, 0xbe,
    0x09, 0x20, 0xc0, 0x08, 0x0d, 0x1b, 0x00, 0x13, 0x10, 0x14, 0x12, 0x11, 0x00, 0x00, 0x00, 0x00,
    0x00, 0x6e, 0x00, 0x6a, 0x00, 0x6b, 0x00, 0x90, 0x00, 0x00, 0x00, 0x6f,  0x00, 0x00, 0x00, 0x00,
    0x00, 0x92, 0x60, 0x61, 0x62, 0x63, 0x64, 0x65, 0x66, 0x67, 0x00, 0x68, 0x69, 0x00, 0x00, 0x00,
    0x74, 0x75, 0x76, 0x72, 0x77, 0x78, 0x00, 0x7a, 0x00, 0x7c, 0x7f, 0x7d, 0x00, 0x79, 0x00, 0x7b,
    0x00, 0x7e, 0x2d, 0x24, 0x21, 0x2e, 0x73, 0x23, 0x71, 0x22, 0x70, 0x25,  0x00, 0x00, 0x00, 0x00
};

unsigned char sFrench_ISO_VK_Map[128] = {
    0x51, 0x53, 0x44, 0x46, 0x48, 0x47, 0x57, 0x58, 0x43, 0x56, 0x00, 0x42, 0x41, 0x5a, 0x45, 0x52,
    0x59, 0x54, 0x31, 0x32, 0x33, 0x34, 0x36, 0x35, 0xbb, 0x39, 0x37, 0xbd, 0x38, 0x30, 0xdd, 0x4f,
    0x55, 0xdb, 0x49, 0x50, 0x0d, 0x4c, 0x4a, 0xde, 0x4b, 0x4d, 0xdc, 0xba, 0xbf, 0x4e, 0xbc, 0xbe,
    0x09, 0x20, 0xc0, 0x08, 0x0d, 0x1b, 0x00, 0x13, 0x10, 0x14, 0x12, 0x11, 0x00, 0x00, 0x00, 0x00,
    0x00, 0x6e, 0x00, 0x6a, 0x00, 0x6b, 0x00, 0x90, 0x00, 0x00, 0x00, 0x6f,  0x00, 0x00, 0x00, 0x00,
    0x00, 0x92, 0x60, 0x61, 0x62, 0x63, 0x64, 0x65, 0x66, 0x67, 0x00, 0x68, 0x69, 0x00, 0x00, 0x00,
    0x74, 0x75, 0x76, 0x72, 0x77, 0x78, 0x00, 0x7a, 0x00, 0x7c, 0x00, 0x7d, 0x00, 0x79, 0x00, 0x7b,
    0x00, 0x7e, 0x2d, 0x24, 0x21, 0x2e, 0x73, 0x23, 0x71, 0x22, 0x70, 0x25,  0x00, 0x00, 0x00, 0x00
};

/* wasm duplicate omitted: sANSI_VK_Map */

char g_CurrentGenericPacket[12] = {0};

/* wasm duplicate omitted: D3DToOpenGLPrimitive */

char g_InhibitCopy[4] = {0};

/* wasm duplicate omitted: g_scale2 */

/* wasm duplicate omitted: g_scale1 */

static char g_showtexid[4] = {0};

char g_RenderToShadowCookie[4] = {0};

char g_NumBlurShadowPasses[4] = {0};

char g_ShowShadowCookies[1] = {0};

unsigned char __ZN15CDirect3DDevice29mNeedsRasterizationValidationE[1] = {
    0x01
};

unsigned char __ZN15CDirect3DDevice30mNeedsTransformationValidationE[1] = {
    0x01
};

unsigned char __ZN15CDirect3DDevice28mNeedsVertexShaderValidationE[5] = {
    0x01, 0x00, 0x00, 0x00, 0x00
};

static char __ZN13CMemoryBuffer31sMemoryDesignatedForDelayedFreeE[4] = {0};

/* wasm duplicate omitted: g_VAOID */

char __ZN7COpenGL14sShowTextureIDE[4] = {0};

unsigned char __ZN7COpenGL9sDrawFlagE[4] = {
    0x01, 0x00, 0x00, 0x00
};

char __ZN7COpenGL11sFrameCountE[24] = {0};

static char g_NumShadowCookies[24] = {0};

unsigned char __ZN13COpenGLMatrix9sIdentityE[64] = {
    0x00, 0x00, 0x80, 0x3f, 0x00, 0x00, 0x00, 0x00, 0x00, 0x00, 0x00, 0x00, 0x00, 0x00, 0x00, 0x00,
    0x00, 0x00, 0x00, 0x00, 0x00, 0x00, 0x80, 0x3f, 0x00, 0x00, 0x00, 0x00, 0x00, 0x00, 0x00, 0x00,
    0x00, 0x00, 0x00, 0x00, 0x00, 0x00, 0x00, 0x00, 0x00, 0x00, 0x80, 0x3f, 0x00, 0x00, 0x00, 0x00,
    0x00, 0x00, 0x00, 0x00, 0x00, 0x00, 0x00, 0x00, 0x00, 0x00, 0x00, 0x00, 0x00, 0x00, 0x80, 0x3f
};

unsigned char sDeclarationTable[32] = {
    0x40, 0x60, 0x40, 0x11, 0x40, 0x60, 0x40, 0x21, 0x40, 0x60, 0x40, 0x31, 0x40, 0x60, 0x40, 0x41,
    0x11, 0x10, 0x40, 0x41, 0x10, 0x10, 0x40, 0x41, 0x20, 0x20, 0x40, 0x21, 0x20, 0x20, 0x40, 0x41
};

unsigned char FastTranslateTbl[32] = {
     0x00, 0x00, 0x00, 0x00, 0x30, 0x12, 0x12, 0x40, 0x00, 0x00, 0x00, 0x00, 0x00, 0x00, 0x00, 0x00,
    0x00, 0x00, 0x00, 0x00, 0x00, 0x00, 0x00, 0x00, 0x00, 0x00, 0x00, 0x00, 0x00, 0x00, 0x00, 0x00
};

unsigned char sD3DTextureOpToOpenGL[64] = {
     0x00, 0x00, 0x00, 0x00,  0x00, 0x00, 0x00, 0x00,  0x00, 0x00, 0x00, 0x00,  0x00, 0x00, 0x00, 0x00,
    0x00, 0x00, 0x00, 0x00, 0x00, 0x00, 0x00, 0x00, 0x00, 0x00, 0x00, 0x00, 0x00, 0x00, 0x00, 0x00,
    0x00, 0x00, 0x00, 0x00, 0x00, 0x00, 0x00, 0x00, 0x00, 0x00, 0x00, 0x00, 0x00, 0x00, 0x00, 0x00,
    0x00, 0x00, 0x00, 0x00, 0x00, 0x00, 0x00, 0x00, 0x00, 0x00, 0x00, 0x00, 0x00, 0x00, 0x00, 0x00
};

/* wasm duplicate omitted: kBuildTag */

/* wasm duplicate omitted: kProductTag */

/* wasm duplicate omitted: bytedirs */

/* wasm duplicate omitted: holdrand */

/* wasm duplicate omitted: cl_cdkeychecksum */

/* wasm duplicate omitted: cl_cdkey */

/* wasm duplicate omitted: noticeErrors */

/* wasm duplicate omitted: g_languages */

/* wasm duplicate omitted: fs_numServerIwds */

/* wasm duplicate omitted: fs_packFiles */

char fs_searchpaths[24] = {0};

static char TheStringPackage[32] = {0};

unsigned char bg_itemlist[5824] = {
    0x00, 0x00, 0x00, 0x00, 0x00, 0x00, 0x00, 0x00, 0x00, 0x00, 0x00, 0x00, 0x00, 0x00, 0x00, 0x00,
    0x00, 0x00, 0x00, 0x00, 0x00, 0x00, 0x00, 0x00, 0x00, 0x00, 0x00, 0x00, 0x00, 0x00, 0x00, 0x00,
    0x00, 0x00, 0x00, 0x00, 0x00, 0x00, 0x00, 0x00, 0x00, 0x00, 0x00, 0x00, 0x00, 0x00, 0x00, 0x00,
    0xb8, 0x57, 0x21, 0x00, 0xb8, 0x57, 0x21, 0x00, 0xb8, 0x57, 0x21, 0x00, 0xb8, 0x57, 0x21, 0x00,
    0xb8, 0x57, 0x21, 0x00, 0x00, 0x00, 0x00, 0x00, 0x00, 0x00, 0x00, 0x00, 0x00, 0x00, 0x00, 0x00,
    0x00, 0x00, 0x00, 0x00, 0x00, 0x00, 0x00, 0x00, 0x00, 0x00, 0x00, 0x00, 0xb8, 0x57, 0x21, 0x00,
    0xb8, 0x57, 0x21, 0x00, 0xb8, 0x57, 0x21, 0x00, 0xb8, 0x57, 0x21, 0x00, 0xb8, 0x57, 0x21, 0x00,
    0x00, 0x00, 0x00, 0x00, 0x00, 0x00, 0x00, 0x00, 0x00, 0x00, 0x00, 0x00, 0x00, 0x00, 0x00, 0x00,
    0x00, 0x00, 0x00, 0x00, 0x00, 0x00, 0x00, 0x00, 0xb8, 0x57, 0x21, 0x00, 0xb8, 0x57, 0x21, 0x00,
    0xb8, 0x57, 0x21, 0x00, 0xb8, 0x57, 0x21, 0x00, 0xb8, 0x57, 0x21, 0x00, 0x00, 0x00, 0x00, 0x00,
    0x00, 0x00, 0x00, 0x00, 0x00, 0x00, 0x00, 0x00, 0x00, 0x00, 0x00, 0x00, 0x00, 0x00, 0x00, 0x00,
    0x00, 0x00, 0x00, 0x00, 0xb8, 0x57, 0x21, 0x00, 0xb8, 0x57, 0x21, 0x00, 0xb8, 0x57, 0x21, 0x00,
    0xb8, 0x57, 0x21, 0x00, 0xb8, 0x57, 0x21, 0x00, 0x00, 0x00, 0x00, 0x00, 0x00, 0x00, 0x00, 0x00,
    0x00, 0x00, 0x00, 0x00, 0x00, 0x00, 0x00, 0x00, 0x00, 0x00, 0x00, 0x00, 0x00, 0x00, 0x00, 0x00,
    0xb8, 0x57, 0x21, 0x00, 0xb8, 0x57, 0x21, 0x00, 0xb8, 0x57, 0x21, 0x00, 0xb8, 0x57, 0x21, 0x00,
    0xb8, 0x57, 0x21, 0x00, 0x00, 0x00, 0x00, 0x00, 0x00, 0x00, 0x00, 0x00, 0x00, 0x00, 0x00, 0x00,
    0x00, 0x00, 0x00, 0x00, 0x00, 0x00, 0x00, 0x00, 0x00, 0x00, 0x00, 0x00, 0xb8, 0x57, 0x21, 0x00,
    0xb8, 0x57, 0x21, 0x00, 0xb8, 0x57, 0x21, 0x00, 0xb8, 0x57, 0x21, 0x00, 0xb8, 0x57, 0x21, 0x00,
    0x00, 0x00, 0x00, 0x00, 0x00, 0x00, 0x00, 0x00, 0x00, 0x00, 0x00, 0x00, 0x00, 0x00, 0x00, 0x00,
    0x00, 0x00, 0x00, 0x00, 0x00, 0x00, 0x00, 0x00, 0xb8, 0x57, 0x21, 0x00, 0xb8, 0x57, 0x21, 0x00,
    0xb8, 0x57, 0x21, 0x00, 0xb8, 0x57, 0x21, 0x00, 0xb8, 0x57, 0x21, 0x00, 0x00, 0x00, 0x00, 0x00,
    0x00, 0x00, 0x00, 0x00, 0x00, 0x00, 0x00, 0x00, 0x00, 0x00, 0x00, 0x00, 0x00, 0x00, 0x00, 0x00,
    0x00, 0x00, 0x00, 0x00, 0xb8, 0x57, 0x21, 0x00, 0xb8, 0x57, 0x21, 0x00, 0xb8, 0x57, 0x21, 0x00,
    0xb8, 0x57, 0x21, 0x00, 0xb8, 0x57, 0x21, 0x00, 0x00, 0x00, 0x00, 0x00, 0x00, 0x00, 0x00, 0x00,
    0x00, 0x00, 0x00, 0x00, 0x00, 0x00, 0x00, 0x00, 0x00, 0x00, 0x00, 0x00, 0x00, 0x00, 0x00, 0x00,
    0xb8, 0x57, 0x21, 0x00, 0xb8, 0x57, 0x21, 0x00, 0xb8, 0x57, 0x21, 0x00, 0xb8, 0x57, 0x21, 0x00,
    0xb8, 0x57, 0x21, 0x00, 0x00, 0x00, 0x00, 0x00, 0x00, 0x00, 0x00, 0x00, 0x00, 0x00, 0x00, 0x00,
    0x00, 0x00, 0x00, 0x00, 0x00, 0x00, 0x00, 0x00, 0x00, 0x00, 0x00, 0x00, 0xb8, 0x57, 0x21, 0x00,
    0xb8, 0x57, 0x21, 0x00, 0xb8, 0x57, 0x21, 0x00, 0xb8, 0x57, 0x21, 0x00, 0xb8, 0x57, 0x21, 0x00,
    0x00, 0x00, 0x00, 0x00, 0x00, 0x00, 0x00, 0x00, 0x00, 0x00, 0x00, 0x00, 0x00, 0x00, 0x00, 0x00,
    0x00, 0x00, 0x00, 0x00, 0x00, 0x00, 0x00, 0x00, 0xb8, 0x57, 0x21, 0x00, 0xb8, 0x57, 0x21, 0x00,
    0xb8, 0x57, 0x21, 0x00, 0xb8, 0x57, 0x21, 0x00, 0xb8, 0x57, 0x21, 0x00, 0x00, 0x00, 0x00, 0x00,
    0x00, 0x00, 0x00, 0x00, 0x00, 0x00, 0x00, 0x00, 0x00, 0x00, 0x00, 0x00, 0x00, 0x00, 0x00, 0x00,
    0x00, 0x00, 0x00, 0x00, 0xb8, 0x57, 0x21, 0x00, 0xb8, 0x57, 0x21, 0x00, 0xb8, 0x57, 0x21, 0x00,
    0xb8, 0x57, 0x21, 0x00, 0xb8, 0x57, 0x21, 0x00, 0x00, 0x00, 0x00, 0x00, 0x00, 0x00, 0x00, 0x00,
    0x00, 0x00, 0x00, 0x00, 0x00, 0x00, 0x00, 0x00, 0x00, 0x00, 0x00, 0x00, 0x00, 0x00, 0x00, 0x00,
    0xb8, 0x57, 0x21, 0x00, 0xb8, 0x57, 0x21, 0x00, 0xb8, 0x57, 0x21, 0x00, 0xb8, 0x57, 0x21, 0x00,
    0xb8, 0x57, 0x21, 0x00, 0x00, 0x00, 0x00, 0x00, 0x00, 0x00, 0x00, 0x00, 0x00, 0x00, 0x00, 0x00,
    0x00, 0x00, 0x00, 0x00, 0x00, 0x00, 0x00, 0x00, 0x00, 0x00, 0x00, 0x00, 0xb8, 0x57, 0x21, 0x00,
    0xb8, 0x57, 0x21, 0x00, 0xb8, 0x57, 0x21, 0x00, 0xb8, 0x57, 0x21, 0x00, 0xb8, 0x57, 0x21, 0x00,
    0x00, 0x00, 0x00, 0x00, 0x00, 0x00, 0x00, 0x00, 0x00, 0x00, 0x00, 0x00, 0x00, 0x00, 0x00, 0x00,
    0x00, 0x00, 0x00, 0x00, 0x00, 0x00, 0x00, 0x00, 0xb8, 0x57, 0x21, 0x00, 0xb8, 0x57, 0x21, 0x00,
    0xb8, 0x57, 0x21, 0x00, 0xb8, 0x57, 0x21, 0x00, 0xb8, 0x57, 0x21, 0x00, 0x00, 0x00, 0x00, 0x00,
    0x00, 0x00, 0x00, 0x00, 0x00, 0x00, 0x00, 0x00, 0x00, 0x00, 0x00, 0x00, 0x00, 0x00, 0x00, 0x00,
    0x00, 0x00, 0x00, 0x00, 0xb8, 0x57, 0x21, 0x00, 0xb8, 0x57, 0x21, 0x00, 0xb8, 0x57, 0x21, 0x00,
    0xb8, 0x57, 0x21, 0x00, 0xb8, 0x57, 0x21, 0x00, 0x00, 0x00, 0x00, 0x00, 0x00, 0x00, 0x00, 0x00,
    0x00, 0x00, 0x00, 0x00, 0x00, 0x00, 0x00, 0x00, 0x00, 0x00, 0x00, 0x00, 0x00, 0x00, 0x00, 0x00,
    0xb8, 0x57, 0x21, 0x00, 0xb8, 0x57, 0x21, 0x00, 0xb8, 0x57, 0x21, 0x00, 0xb8, 0x57, 0x21, 0x00,
    0xb8, 0x57, 0x21, 0x00, 0x00, 0x00, 0x00, 0x00, 0x00, 0x00, 0x00, 0x00, 0x00, 0x00, 0x00, 0x00,
    0x00, 0x00, 0x00, 0x00, 0x00, 0x00, 0x00, 0x00, 0x00, 0x00, 0x00, 0x00, 0xb8, 0x57, 0x21, 0x00,
    0xb8, 0x57, 0x21, 0x00, 0xb8, 0x57, 0x21, 0x00, 0xb8, 0x57, 0x21, 0x00, 0xb8, 0x57, 0x21, 0x00,
    0x00, 0x00, 0x00, 0x00, 0x00, 0x00, 0x00, 0x00, 0x00, 0x00, 0x00, 0x00, 0x00, 0x00, 0x00, 0x00,
    0x00, 0x00, 0x00, 0x00, 0x00, 0x00, 0x00, 0x00, 0xb8, 0x57, 0x21, 0x00, 0xb8, 0x57, 0x21, 0x00,
    0xb8, 0x57, 0x21, 0x00, 0xb8, 0x57, 0x21, 0x00, 0xb8, 0x57, 0x21, 0x00, 0x00, 0x00, 0x00, 0x00,
    0x00, 0x00, 0x00, 0x00, 0x00, 0x00, 0x00, 0x00, 0x00, 0x00, 0x00, 0x00, 0x00, 0x00, 0x00, 0x00,
    0x00, 0x00, 0x00, 0x00, 0xb8, 0x57, 0x21, 0x00, 0xb8, 0x57, 0x21, 0x00, 0xb8, 0x57, 0x21, 0x00,
    0xb8, 0x57, 0x21, 0x00, 0xb8, 0x57, 0x21, 0x00, 0x00, 0x00, 0x00, 0x00, 0x00, 0x00, 0x00, 0x00,
    0x00, 0x00, 0x00, 0x00, 0x00, 0x00, 0x00, 0x00, 0x00, 0x00, 0x00, 0x00, 0x00, 0x00, 0x00, 0x00,
    0xb8, 0x57, 0x21, 0x00, 0xb8, 0x57, 0x21, 0x00, 0xb8, 0x57, 0x21, 0x00, 0xb8, 0x57, 0x21, 0x00,
    0xb8, 0x57, 0x21, 0x00, 0x00, 0x00, 0x00, 0x00, 0x00, 0x00, 0x00, 0x00, 0x00, 0x00, 0x00, 0x00,
    0x00, 0x00, 0x00, 0x00, 0x00, 0x00, 0x00, 0x00, 0x00, 0x00, 0x00, 0x00, 0xb8, 0x57, 0x21, 0x00,
    0xb8, 0x57, 0x21, 0x00, 0xb8, 0x57, 0x21, 0x00, 0xb8, 0x57, 0x21, 0x00, 0xb8, 0x57, 0x21, 0x00,
    0x00, 0x00, 0x00, 0x00, 0x00, 0x00, 0x00, 0x00, 0x00, 0x00, 0x00, 0x00, 0x00, 0x00, 0x00, 0x00,
    0x00, 0x00, 0x00, 0x00, 0x00, 0x00, 0x00, 0x00, 0xb8, 0x57, 0x21, 0x00, 0xb8, 0x57, 0x21, 0x00,
    0xb8, 0x57, 0x21, 0x00, 0xb8, 0x57, 0x21, 0x00, 0xb8, 0x57, 0x21, 0x00, 0x00, 0x00, 0x00, 0x00,
    0x00, 0x00, 0x00, 0x00, 0x00, 0x00, 0x00, 0x00, 0x00, 0x00, 0x00, 0x00, 0x00, 0x00, 0x00, 0x00,
    0x00, 0x00, 0x00, 0x00, 0xb8, 0x57, 0x21, 0x00, 0xb8, 0x57, 0x21, 0x00, 0xb8, 0x57, 0x21, 0x00,
    0xb8, 0x57, 0x21, 0x00, 0xb8, 0x57, 0x21, 0x00, 0x00, 0x00, 0x00, 0x00, 0x00, 0x00, 0x00, 0x00,
    0x00, 0x00, 0x00, 0x00, 0x00, 0x00, 0x00, 0x00, 0x00, 0x00, 0x00, 0x00, 0x00, 0x00, 0x00, 0x00,
    0xb8, 0x57, 0x21, 0x00, 0xb8, 0x57, 0x21, 0x00, 0xb8, 0x57, 0x21, 0x00, 0xb8, 0x57, 0x21, 0x00,
    0xb8, 0x57, 0x21, 0x00, 0x00, 0x00, 0x00, 0x00, 0x00, 0x00, 0x00, 0x00, 0x00, 0x00, 0x00, 0x00,
    0x00, 0x00, 0x00, 0x00, 0x00, 0x00, 0x00, 0x00, 0x00, 0x00, 0x00, 0x00, 0xb8, 0x57, 0x21, 0x00,
    0xb8, 0x57, 0x21, 0x00, 0xb8, 0x57, 0x21, 0x00, 0xb8, 0x57, 0x21, 0x00, 0xb8, 0x57, 0x21, 0x00,
    0x00, 0x00, 0x00, 0x00, 0x00, 0x00, 0x00, 0x00, 0x00, 0x00, 0x00, 0x00, 0x00, 0x00, 0x00, 0x00,
    0x00, 0x00, 0x00, 0x00, 0x00, 0x00, 0x00, 0x00, 0xb8, 0x57, 0x21, 0x00, 0xb8, 0x57, 0x21, 0x00,
    0xb8, 0x57, 0x21, 0x00, 0xb8, 0x57, 0x21, 0x00, 0xb8, 0x57, 0x21, 0x00, 0x00, 0x00, 0x00, 0x00,
    0x00, 0x00, 0x00, 0x00, 0x00, 0x00, 0x00, 0x00, 0x00, 0x00, 0x00, 0x00, 0x00, 0x00, 0x00, 0x00,
    0x00, 0x00, 0x00, 0x00, 0xb8, 0x57, 0x21, 0x00, 0xb8, 0x57, 0x21, 0x00, 0xb8, 0x57, 0x21, 0x00,
    0xb8, 0x57, 0x21, 0x00, 0xb8, 0x57, 0x21, 0x00, 0x00, 0x00, 0x00, 0x00, 0x00, 0x00, 0x00, 0x00,
    0x00, 0x00, 0x00, 0x00, 0x00, 0x00, 0x00, 0x00, 0x00, 0x00, 0x00, 0x00, 0x00, 0x00, 0x00, 0x00,
    0xb8, 0x57, 0x21, 0x00, 0xb8, 0x57, 0x21, 0x00, 0xb8, 0x57, 0x21, 0x00, 0xb8, 0x57, 0x21, 0x00,
    0xb8, 0x57, 0x21, 0x00, 0x00, 0x00, 0x00, 0x00, 0x00, 0x00, 0x00, 0x00, 0x00, 0x00, 0x00, 0x00,
    0x00, 0x00, 0x00, 0x00, 0x00, 0x00, 0x00, 0x00, 0x00, 0x00, 0x00, 0x00, 0xb8, 0x57, 0x21, 0x00,
    0xb8, 0x57, 0x21, 0x00, 0xb8, 0x57, 0x21, 0x00, 0xb8, 0x57, 0x21, 0x00, 0xb8, 0x57, 0x21, 0x00,
    0x00, 0x00, 0x00, 0x00, 0x00, 0x00, 0x00, 0x00, 0x00, 0x00, 0x00, 0x00, 0x00, 0x00, 0x00, 0x00,
    0x00, 0x00, 0x00, 0x00, 0x00, 0x00, 0x00, 0x00, 0xb8, 0x57, 0x21, 0x00, 0xb8, 0x57, 0x21, 0x00,
    0xb8, 0x57, 0x21, 0x00, 0xb8, 0x57, 0x21, 0x00, 0xb8, 0x57, 0x21, 0x00, 0x00, 0x00, 0x00, 0x00,
    0x00, 0x00, 0x00, 0x00, 0x00, 0x00, 0x00, 0x00, 0x00, 0x00, 0x00, 0x00, 0x00, 0x00, 0x00, 0x00,
    0x00, 0x00, 0x00, 0x00, 0xb8, 0x57, 0x21, 0x00, 0xb8, 0x57, 0x21, 0x00, 0xb8, 0x57, 0x21, 0x00,
    0xb8, 0x57, 0x21, 0x00, 0xb8, 0x57, 0x21, 0x00, 0x00, 0x00, 0x00, 0x00, 0x00, 0x00, 0x00, 0x00,
    0x00, 0x00, 0x00, 0x00, 0x00, 0x00, 0x00, 0x00, 0x00, 0x00, 0x00, 0x00, 0x00, 0x00, 0x00, 0x00,
    0xb8, 0x57, 0x21, 0x00, 0xb8, 0x57, 0x21, 0x00, 0xb8, 0x57, 0x21, 0x00, 0xb8, 0x57, 0x21, 0x00,
    0xb8, 0x57, 0x21, 0x00, 0x00, 0x00, 0x00, 0x00, 0x00, 0x00, 0x00, 0x00, 0x00, 0x00, 0x00, 0x00,
    0x00, 0x00, 0x00, 0x00, 0x00, 0x00, 0x00, 0x00, 0x00, 0x00, 0x00, 0x00, 0xb8, 0x57, 0x21, 0x00,
    0xb8, 0x57, 0x21, 0x00, 0xb8, 0x57, 0x21, 0x00, 0xb8, 0x57, 0x21, 0x00, 0xb8, 0x57, 0x21, 0x00,
    0x00, 0x00, 0x00, 0x00, 0x00, 0x00, 0x00, 0x00, 0x00, 0x00, 0x00, 0x00, 0x00, 0x00, 0x00, 0x00,
    0x00, 0x00, 0x00, 0x00, 0x00, 0x00, 0x00, 0x00, 0xb8, 0x57, 0x21, 0x00, 0xb8, 0x57, 0x21, 0x00,
    0xb8, 0x57, 0x21, 0x00, 0xb8, 0x57, 0x21, 0x00, 0xb8, 0x57, 0x21, 0x00, 0x00, 0x00, 0x00, 0x00,
    0x00, 0x00, 0x00, 0x00, 0x00, 0x00, 0x00, 0x00, 0x00, 0x00, 0x00, 0x00, 0x00, 0x00, 0x00, 0x00,
    0x00, 0x00, 0x00, 0x00, 0xb8, 0x57, 0x21, 0x00, 0xb8, 0x57, 0x21, 0x00, 0xb8, 0x57, 0x21, 0x00,
    0xb8, 0x57, 0x21, 0x00, 0xb8, 0x57, 0x21, 0x00, 0x00, 0x00, 0x00, 0x00, 0x00, 0x00, 0x00, 0x00,
    0x00, 0x00, 0x00, 0x00, 0x00, 0x00, 0x00, 0x00, 0x00, 0x00, 0x00, 0x00, 0x00, 0x00, 0x00, 0x00,
    0xb8, 0x57, 0x21, 0x00, 0xb8, 0x57, 0x21, 0x00, 0xb8, 0x57, 0x21, 0x00, 0xb8, 0x57, 0x21, 0x00,
    0xb8, 0x57, 0x21, 0x00, 0x00, 0x00, 0x00, 0x00, 0x00, 0x00, 0x00, 0x00, 0x00, 0x00, 0x00, 0x00,
    0x00, 0x00, 0x00, 0x00, 0x00, 0x00, 0x00, 0x00, 0x00, 0x00, 0x00, 0x00, 0xb8, 0x57, 0x21, 0x00,
    0xb8, 0x57, 0x21, 0x00, 0xb8, 0x57, 0x21, 0x00, 0xb8, 0x57, 0x21, 0x00, 0xb8, 0x57, 0x21, 0x00,
    0x00, 0x00, 0x00, 0x00, 0x00, 0x00, 0x00, 0x00, 0x00, 0x00, 0x00, 0x00, 0x00, 0x00, 0x00, 0x00,
    0x00, 0x00, 0x00, 0x00, 0x00, 0x00, 0x00, 0x00, 0xb8, 0x57, 0x21, 0x00, 0xb8, 0x57, 0x21, 0x00,
    0xb8, 0x57, 0x21, 0x00, 0xb8, 0x57, 0x21, 0x00, 0xb8, 0x57, 0x21, 0x00, 0x00, 0x00, 0x00, 0x00,
    0x00, 0x00, 0x00, 0x00, 0x00, 0x00, 0x00, 0x00, 0x00, 0x00, 0x00, 0x00, 0x00, 0x00, 0x00, 0x00,
    0x00, 0x00, 0x00, 0x00, 0xb8, 0x57, 0x21, 0x00, 0xb8, 0x57, 0x21, 0x00, 0xb8, 0x57, 0x21, 0x00,
    0xb8, 0x57, 0x21, 0x00, 0xb8, 0x57, 0x21, 0x00, 0x00, 0x00, 0x00, 0x00, 0x00, 0x00, 0x00, 0x00,
    0x00, 0x00, 0x00, 0x00, 0x00, 0x00, 0x00, 0x00, 0x00, 0x00, 0x00, 0x00, 0x00, 0x00, 0x00, 0x00,
    0xb8, 0x57, 0x21, 0x00, 0xb8, 0x57, 0x21, 0x00, 0xb8, 0x57, 0x21, 0x00, 0xb8, 0x57, 0x21, 0x00,
    0xb8, 0x57, 0x21, 0x00, 0x00, 0x00, 0x00, 0x00, 0x00, 0x00, 0x00, 0x00, 0x00, 0x00, 0x00, 0x00,
    0x00, 0x00, 0x00, 0x00, 0x00, 0x00, 0x00, 0x00, 0x00, 0x00, 0x00, 0x00, 0xb8, 0x57, 0x21, 0x00,
    0xb8, 0x57, 0x21, 0x00, 0xb8, 0x57, 0x21, 0x00, 0xb8, 0x57, 0x21, 0x00, 0xb8, 0x57, 0x21, 0x00,
    0x00, 0x00, 0x00, 0x00, 0x00, 0x00, 0x00, 0x00, 0x00, 0x00, 0x00, 0x00, 0x00, 0x00, 0x00, 0x00,
    0x00, 0x00, 0x00, 0x00, 0x00, 0x00, 0x00, 0x00, 0xb8, 0x57, 0x21, 0x00, 0xb8, 0x57, 0x21, 0x00,
    0xb8, 0x57, 0x21, 0x00, 0xb8, 0x57, 0x21, 0x00, 0xb8, 0x57, 0x21, 0x00, 0x00, 0x00, 0x00, 0x00,
    0x00, 0x00, 0x00, 0x00, 0x00, 0x00, 0x00, 0x00, 0x00, 0x00, 0x00, 0x00, 0x00, 0x00, 0x00, 0x00,
    0x00, 0x00, 0x00, 0x00, 0xb8, 0x57, 0x21, 0x00, 0xb8, 0x57, 0x21, 0x00, 0xb8, 0x57, 0x21, 0x00,
    0xb8, 0x57, 0x21, 0x00, 0xb8, 0x57, 0x21, 0x00, 0x00, 0x00, 0x00, 0x00, 0x00, 0x00, 0x00, 0x00,
    0x00, 0x00, 0x00, 0x00, 0x00, 0x00, 0x00, 0x00, 0x00, 0x00, 0x00, 0x00, 0x00, 0x00, 0x00, 0x00,
    0xb8, 0x57, 0x21, 0x00, 0xb8, 0x57, 0x21, 0x00, 0xb8, 0x57, 0x21, 0x00, 0xb8, 0x57, 0x21, 0x00,
    0xb8, 0x57, 0x21, 0x00, 0x00, 0x00, 0x00, 0x00, 0x00, 0x00, 0x00, 0x00, 0x00, 0x00, 0x00, 0x00,
    0x00, 0x00, 0x00, 0x00, 0x00, 0x00, 0x00, 0x00, 0x00, 0x00, 0x00, 0x00, 0xb8, 0x57, 0x21, 0x00,
    0xb8, 0x57, 0x21, 0x00, 0xb8, 0x57, 0x21, 0x00, 0xb8, 0x57, 0x21, 0x00, 0xb8, 0x57, 0x21, 0x00,
    0x00, 0x00, 0x00, 0x00, 0x00, 0x00, 0x00, 0x00, 0x00, 0x00, 0x00, 0x00, 0x00, 0x00, 0x00, 0x00,
    0x00, 0x00, 0x00, 0x00, 0x00, 0x00, 0x00, 0x00, 0xb8, 0x57, 0x21, 0x00, 0xb8, 0x57, 0x21, 0x00,
    0xb8, 0x57, 0x21, 0x00, 0xb8, 0x57, 0x21, 0x00, 0xb8, 0x57, 0x21, 0x00, 0x00, 0x00, 0x00, 0x00,
    0x00, 0x00, 0x00, 0x00, 0x00, 0x00, 0x00, 0x00, 0x00, 0x00, 0x00, 0x00, 0x00, 0x00, 0x00, 0x00,
    0x00, 0x00, 0x00, 0x00, 0xb8, 0x57, 0x21, 0x00, 0xb8, 0x57, 0x21, 0x00, 0xb8, 0x57, 0x21, 0x00,
    0xb8, 0x57, 0x21, 0x00, 0xb8, 0x57, 0x21, 0x00, 0x00, 0x00, 0x00, 0x00, 0x00, 0x00, 0x00, 0x00,
    0x00, 0x00, 0x00, 0x00, 0x00, 0x00, 0x00, 0x00, 0x00, 0x00, 0x00, 0x00, 0x00, 0x00, 0x00, 0x00,
    0xb8, 0x57, 0x21, 0x00, 0xb8, 0x57, 0x21, 0x00, 0xb8, 0x57, 0x21, 0x00, 0xb8, 0x57, 0x21, 0x00,
    0xb8, 0x57, 0x21, 0x00, 0x00, 0x00, 0x00, 0x00, 0x00, 0x00, 0x00, 0x00, 0x00, 0x00, 0x00, 0x00,
    0x00, 0x00, 0x00, 0x00, 0x00, 0x00, 0x00, 0x00, 0x00, 0x00, 0x00, 0x00, 0xb8, 0x57, 0x21, 0x00,
    0xb8, 0x57, 0x21, 0x00, 0xb8, 0x57, 0x21, 0x00, 0xb8, 0x57, 0x21, 0x00, 0xb8, 0x57, 0x21, 0x00,
    0x00, 0x00, 0x00, 0x00, 0x00, 0x00, 0x00, 0x00, 0x00, 0x00, 0x00, 0x00, 0x00, 0x00, 0x00, 0x00,
    0x00, 0x00, 0x00, 0x00, 0x00, 0x00, 0x00, 0x00, 0xb8, 0x57, 0x21, 0x00, 0xb8, 0x57, 0x21, 0x00,
    0xb8, 0x57, 0x21, 0x00, 0xb8, 0x57, 0x21, 0x00, 0xb8, 0x57, 0x21, 0x00, 0x00, 0x00, 0x00, 0x00,
    0x00, 0x00, 0x00, 0x00, 0x00, 0x00, 0x00, 0x00, 0x00, 0x00, 0x00, 0x00, 0x00, 0x00, 0x00, 0x00,
    0x00, 0x00, 0x00, 0x00, 0xb8, 0x57, 0x21, 0x00, 0xb8, 0x57, 0x21, 0x00, 0xb8, 0x57, 0x21, 0x00,
    0xb8, 0x57, 0x21, 0x00, 0xb8, 0x57, 0x21, 0x00, 0x00, 0x00, 0x00, 0x00, 0x00, 0x00, 0x00, 0x00,
    0x00, 0x00, 0x00, 0x00, 0x00, 0x00, 0x00, 0x00, 0x00, 0x00, 0x00, 0x00, 0x00, 0x00, 0x00, 0x00,
    0xb8, 0x57, 0x21, 0x00, 0xb8, 0x57, 0x21, 0x00, 0xb8, 0x57, 0x21, 0x00, 0xb8, 0x57, 0x21, 0x00,
    0xb8, 0x57, 0x21, 0x00, 0x00, 0x00, 0x00, 0x00, 0x00, 0x00, 0x00, 0x00, 0x00, 0x00, 0x00, 0x00,
    0x00, 0x00, 0x00, 0x00, 0x00, 0x00, 0x00, 0x00, 0x00, 0x00, 0x00, 0x00, 0xb8, 0x57, 0x21, 0x00,
    0xb8, 0x57, 0x21, 0x00, 0xb8, 0x57, 0x21, 0x00, 0xb8, 0x57, 0x21, 0x00, 0xb8, 0x57, 0x21, 0x00,
    0x00, 0x00, 0x00, 0x00, 0x00, 0x00, 0x00, 0x00, 0x00, 0x00, 0x00, 0x00, 0x00, 0x00, 0x00, 0x00,
    0x00, 0x00, 0x00, 0x00, 0x00, 0x00, 0x00, 0x00, 0xb8, 0x57, 0x21, 0x00, 0xb8, 0x57, 0x21, 0x00,
    0xb8, 0x57, 0x21, 0x00, 0xb8, 0x57, 0x21, 0x00, 0xb8, 0x57, 0x21, 0x00, 0x00, 0x00, 0x00, 0x00,
    0x00, 0x00, 0x00, 0x00, 0x00, 0x00, 0x00, 0x00, 0x00, 0x00, 0x00, 0x00, 0x00, 0x00, 0x00, 0x00,
    0x00, 0x00, 0x00, 0x00, 0xb8, 0x57, 0x21, 0x00, 0xb8, 0x57, 0x21, 0x00, 0xb8, 0x57, 0x21, 0x00,
    0xb8, 0x57, 0x21, 0x00, 0xb8, 0x57, 0x21, 0x00, 0x00, 0x00, 0x00, 0x00, 0x00, 0x00, 0x00, 0x00,
    0x00, 0x00, 0x00, 0x00, 0x00, 0x00, 0x00, 0x00, 0x00, 0x00, 0x00, 0x00, 0x00, 0x00, 0x00, 0x00,
    0xb8, 0x57, 0x21, 0x00, 0xb8, 0x57, 0x21, 0x00, 0xb8, 0x57, 0x21, 0x00, 0xb8, 0x57, 0x21, 0x00,
    0xb8, 0x57, 0x21, 0x00, 0x00, 0x00, 0x00, 0x00, 0x00, 0x00, 0x00, 0x00, 0x00, 0x00, 0x00, 0x00,
    0x00, 0x00, 0x00, 0x00, 0x00, 0x00, 0x00, 0x00, 0x00, 0x00, 0x00, 0x00, 0xb8, 0x57, 0x21, 0x00,
    0xb8, 0x57, 0x21, 0x00, 0xb8, 0x57, 0x21, 0x00, 0xb8, 0x57, 0x21, 0x00, 0xb8, 0x57, 0x21, 0x00,
    0x00, 0x00, 0x00, 0x00, 0x00, 0x00, 0x00, 0x00, 0x00, 0x00, 0x00, 0x00, 0x00, 0x00, 0x00, 0x00,
    0x00, 0x00, 0x00, 0x00, 0x00, 0x00, 0x00, 0x00, 0xb8, 0x57, 0x21, 0x00, 0xb8, 0x57, 0x21, 0x00,
    0xb8, 0x57, 0x21, 0x00, 0xb8, 0x57, 0x21, 0x00, 0xb8, 0x57, 0x21, 0x00, 0x00, 0x00, 0x00, 0x00,
    0x00, 0x00, 0x00, 0x00, 0x00, 0x00, 0x00, 0x00, 0x00, 0x00, 0x00, 0x00, 0x00, 0x00, 0x00, 0x00,
    0x00, 0x00, 0x00, 0x00, 0xb8, 0x57, 0x21, 0x00, 0xb8, 0x57, 0x21, 0x00, 0xb8, 0x57, 0x21, 0x00,
    0xb8, 0x57, 0x21, 0x00, 0xb8, 0x57, 0x21, 0x00, 0x00, 0x00, 0x00, 0x00, 0x00, 0x00, 0x00, 0x00,
    0x00, 0x00, 0x00, 0x00, 0x00, 0x00, 0x00, 0x00, 0x00, 0x00, 0x00, 0x00, 0x00, 0x00, 0x00, 0x00,
    0xb8, 0x57, 0x21, 0x00, 0xb8, 0x57, 0x21, 0x00, 0xb8, 0x57, 0x21, 0x00, 0xb8, 0x57, 0x21, 0x00,
    0xb8, 0x57, 0x21, 0x00, 0x00, 0x00, 0x00, 0x00, 0x00, 0x00, 0x00, 0x00, 0x00, 0x00, 0x00, 0x00,
    0x00, 0x00, 0x00, 0x00, 0x00, 0x00, 0x00, 0x00, 0x00, 0x00, 0x00, 0x00, 0xb8, 0x57, 0x21, 0x00,
    0xb8, 0x57, 0x21, 0x00, 0xb8, 0x57, 0x21, 0x00, 0xb8, 0x57, 0x21, 0x00, 0xb8, 0x57, 0x21, 0x00,
    0x00, 0x00, 0x00, 0x00, 0x00, 0x00, 0x00, 0x00, 0x00, 0x00, 0x00, 0x00, 0x00, 0x00, 0x00, 0x00,
    0x00, 0x00, 0x00, 0x00, 0x00, 0x00, 0x00, 0x00, 0xb8, 0x57, 0x21, 0x00, 0xb8, 0x57, 0x21, 0x00,
    0xb8, 0x57, 0x21, 0x00, 0xb8, 0x57, 0x21, 0x00, 0xb8, 0x57, 0x21, 0x00, 0x00, 0x00, 0x00, 0x00,
    0x00, 0x00, 0x00, 0x00, 0x00, 0x00, 0x00, 0x00, 0x00, 0x00, 0x00, 0x00, 0x00, 0x00, 0x00, 0x00,
    0x00, 0x00, 0x00, 0x00, 0xb8, 0x57, 0x21, 0x00, 0xb8, 0x57, 0x21, 0x00, 0xb8, 0x57, 0x21, 0x00,
    0xb8, 0x57, 0x21, 0x00, 0xb8, 0x57, 0x21, 0x00, 0x00, 0x00, 0x00, 0x00, 0x00, 0x00, 0x00, 0x00,
    0x00, 0x00, 0x00, 0x00, 0x00, 0x00, 0x00, 0x00, 0x00, 0x00, 0x00, 0x00, 0x00, 0x00, 0x00, 0x00,
    0xb8, 0x57, 0x21, 0x00, 0xb8, 0x57, 0x21, 0x00, 0xb8, 0x57, 0x21, 0x00, 0xb8, 0x57, 0x21, 0x00,
    0xb8, 0x57, 0x21, 0x00, 0x00, 0x00, 0x00, 0x00, 0x00, 0x00, 0x00, 0x00, 0x00, 0x00, 0x00, 0x00,
    0x00, 0x00, 0x00, 0x00, 0x00, 0x00, 0x00, 0x00, 0x00, 0x00, 0x00, 0x00, 0xb8, 0x57, 0x21, 0x00,
    0xb8, 0x57, 0x21, 0x00, 0xb8, 0x57, 0x21, 0x00, 0xb8, 0x57, 0x21, 0x00, 0xb8, 0x57, 0x21, 0x00,
    0x00, 0x00, 0x00, 0x00, 0x00, 0x00, 0x00, 0x00, 0x00, 0x00, 0x00, 0x00, 0x00, 0x00, 0x00, 0x00,
    0x00, 0x00, 0x00, 0x00, 0x00, 0x00, 0x00, 0x00, 0xb8, 0x57, 0x21, 0x00, 0xb8, 0x57, 0x21, 0x00,
    0xb8, 0x57, 0x21, 0x00, 0xb8, 0x57, 0x21, 0x00, 0xb8, 0x57, 0x21, 0x00, 0x00, 0x00, 0x00, 0x00,
    0x00, 0x00, 0x00, 0x00, 0x00, 0x00, 0x00, 0x00, 0x00, 0x00, 0x00, 0x00, 0x00, 0x00, 0x00, 0x00,
    0x00, 0x00, 0x00, 0x00, 0xb8, 0x57, 0x21, 0x00, 0xb8, 0x57, 0x21, 0x00, 0xb8, 0x57, 0x21, 0x00,
    0xb8, 0x57, 0x21, 0x00, 0xb8, 0x57, 0x21, 0x00, 0x00, 0x00, 0x00, 0x00, 0x00, 0x00, 0x00, 0x00,
    0x00, 0x00, 0x00, 0x00, 0x00, 0x00, 0x00, 0x00, 0x00, 0x00, 0x00, 0x00, 0x00, 0x00, 0x00, 0x00,
    0xb8, 0x57, 0x21, 0x00, 0xb8, 0x57, 0x21, 0x00, 0xb8, 0x57, 0x21, 0x00, 0xb8, 0x57, 0x21, 0x00,
    0xb8, 0x57, 0x21, 0x00, 0x00, 0x00, 0x00, 0x00, 0x00, 0x00, 0x00, 0x00, 0x00, 0x00, 0x00, 0x00,
    0x00, 0x00, 0x00, 0x00, 0x00, 0x00, 0x00, 0x00, 0x00, 0x00, 0x00, 0x00, 0xb8, 0x57, 0x21, 0x00,
    0xb8, 0x57, 0x21, 0x00, 0xb8, 0x57, 0x21, 0x00, 0xb8, 0x57, 0x21, 0x00, 0xb8, 0x57, 0x21, 0x00,
    0x00, 0x00, 0x00, 0x00, 0x00, 0x00, 0x00, 0x00, 0x00, 0x00, 0x00, 0x00, 0x00, 0x00, 0x00, 0x00,
    0x00, 0x00, 0x00, 0x00, 0x00, 0x00, 0x00, 0x00, 0xb8, 0x57, 0x21, 0x00, 0xb8, 0x57, 0x21, 0x00,
    0xb8, 0x57, 0x21, 0x00, 0xb8, 0x57, 0x21, 0x00, 0xb8, 0x57, 0x21, 0x00, 0x00, 0x00, 0x00, 0x00,
    0x00, 0x00, 0x00, 0x00, 0x00, 0x00, 0x00, 0x00, 0x00, 0x00, 0x00, 0x00, 0x00, 0x00, 0x00, 0x00,
    0x00, 0x00, 0x00, 0x00, 0xb8, 0x57, 0x21, 0x00, 0xb8, 0x57, 0x21, 0x00, 0xb8, 0x57, 0x21, 0x00,
    0xb8, 0x57, 0x21, 0x00, 0xb8, 0x57, 0x21, 0x00, 0x00, 0x00, 0x00, 0x00, 0x00, 0x00, 0x00, 0x00,
    0x00, 0x00, 0x00, 0x00, 0x00, 0x00, 0x00, 0x00, 0x00, 0x00, 0x00, 0x00, 0x00, 0x00, 0x00, 0x00,
    0xb8, 0x57, 0x21, 0x00, 0xb8, 0x57, 0x21, 0x00, 0xb8, 0x57, 0x21, 0x00, 0xb8, 0x57, 0x21, 0x00,
    0xb8, 0x57, 0x21, 0x00, 0x00, 0x00, 0x00, 0x00, 0x00, 0x00, 0x00, 0x00, 0x00, 0x00, 0x00, 0x00,
    0x00, 0x00, 0x00, 0x00, 0x00, 0x00, 0x00, 0x00, 0x00, 0x00, 0x00, 0x00, 0xb8, 0x57, 0x21, 0x00,
    0xb8, 0x57, 0x21, 0x00, 0xb8, 0x57, 0x21, 0x00, 0xb8, 0x57, 0x21, 0x00, 0xb8, 0x57, 0x21, 0x00,
    0x00, 0x00, 0x00, 0x00, 0x00, 0x00, 0x00, 0x00, 0x00, 0x00, 0x00, 0x00, 0x00, 0x00, 0x00, 0x00,
    0x00, 0x00, 0x00, 0x00, 0x00, 0x00, 0x00, 0x00, 0xb8, 0x57, 0x21, 0x00, 0xb8, 0x57, 0x21, 0x00,
    0xb8, 0x57, 0x21, 0x00, 0xb8, 0x57, 0x21, 0x00, 0xb8, 0x57, 0x21, 0x00, 0x00, 0x00, 0x00, 0x00,
    0x00, 0x00, 0x00, 0x00, 0x00, 0x00, 0x00, 0x00, 0x00, 0x00, 0x00, 0x00, 0x00, 0x00, 0x00, 0x00,
    0x00, 0x00, 0x00, 0x00, 0xb8, 0x57, 0x21, 0x00, 0xb8, 0x57, 0x21, 0x00, 0xb8, 0x57, 0x21, 0x00,
    0xb8, 0x57, 0x21, 0x00, 0xb8, 0x57, 0x21, 0x00, 0x00, 0x00, 0x00, 0x00, 0x00, 0x00, 0x00, 0x00,
    0x00, 0x00, 0x00, 0x00, 0x00, 0x00, 0x00, 0x00, 0x00, 0x00, 0x00, 0x00, 0x00, 0x00, 0x00, 0x00,
    0xb8, 0x57, 0x21, 0x00, 0xb8, 0x57, 0x21, 0x00, 0xb8, 0x57, 0x21, 0x00, 0xb8, 0x57, 0x21, 0x00,
    0xb8, 0x57, 0x21, 0x00, 0x00, 0x00, 0x00, 0x00, 0x00, 0x00, 0x00, 0x00, 0x00, 0x00, 0x00, 0x00,
    0x00, 0x00, 0x00, 0x00, 0x00, 0x00, 0x00, 0x00, 0x00, 0x00, 0x00, 0x00, 0xb8, 0x57, 0x21, 0x00,
    0xb8, 0x57, 0x21, 0x00, 0xb8, 0x57, 0x21, 0x00, 0xb8, 0x57, 0x21, 0x00, 0xb8, 0x57, 0x21, 0x00,
    0x00, 0x00, 0x00, 0x00, 0x00, 0x00, 0x00, 0x00, 0x00, 0x00, 0x00, 0x00, 0x00, 0x00, 0x00, 0x00,
    0x00, 0x00, 0x00, 0x00, 0x00, 0x00, 0x00, 0x00, 0xb8, 0x57, 0x21, 0x00, 0xb8, 0x57, 0x21, 0x00,
    0xb8, 0x57, 0x21, 0x00, 0xb8, 0x57, 0x21, 0x00, 0xb8, 0x57, 0x21, 0x00, 0x00, 0x00, 0x00, 0x00,
    0x00, 0x00, 0x00, 0x00, 0x00, 0x00, 0x00, 0x00, 0x00, 0x00, 0x00, 0x00, 0x00, 0x00, 0x00, 0x00,
    0x00, 0x00, 0x00, 0x00, 0xb8, 0x57, 0x21, 0x00, 0xb8, 0x57, 0x21, 0x00, 0xb8, 0x57, 0x21, 0x00,
    0xb8, 0x57, 0x21, 0x00, 0xb8, 0x57, 0x21, 0x00, 0x00, 0x00, 0x00, 0x00, 0x00, 0x00, 0x00, 0x00,
    0x00, 0x00, 0x00, 0x00, 0x00, 0x00, 0x00, 0x00, 0x00, 0x00, 0x00, 0x00, 0x00, 0x00, 0x00, 0x00,
    0xb8, 0x57, 0x21, 0x00, 0xb8, 0x57, 0x21, 0x00, 0xb8, 0x57, 0x21, 0x00, 0xb8, 0x57, 0x21, 0x00,
    0xb8, 0x57, 0x21, 0x00, 0x00, 0x00, 0x00, 0x00, 0x00, 0x00, 0x00, 0x00, 0x00, 0x00, 0x00, 0x00,
    0x00, 0x00, 0x00, 0x00, 0x00, 0x00, 0x00, 0x00, 0x00, 0x00, 0x00, 0x00, 0xb8, 0x57, 0x21, 0x00,
    0xb8, 0x57, 0x21, 0x00, 0xb8, 0x57, 0x21, 0x00, 0xb8, 0x57, 0x21, 0x00, 0xb8, 0x57, 0x21, 0x00,
    0x00, 0x00, 0x00, 0x00, 0x00, 0x00, 0x00, 0x00, 0x00, 0x00, 0x00, 0x00, 0x00, 0x00, 0x00, 0x00,
    0x00, 0x00, 0x00, 0x00, 0x00, 0x00, 0x00, 0x00, 0xb8, 0x57, 0x21, 0x00, 0xb8, 0x57, 0x21, 0x00,
    0xb8, 0x57, 0x21, 0x00, 0xb8, 0x57, 0x21, 0x00, 0xb8, 0x57, 0x21, 0x00, 0x00, 0x00, 0x00, 0x00,
    0x00, 0x00, 0x00, 0x00, 0x00, 0x00, 0x00, 0x00, 0x00, 0x00, 0x00, 0x00, 0x00, 0x00, 0x00, 0x00,
    0x00, 0x00, 0x00, 0x00, 0xb8, 0x57, 0x21, 0x00, 0xb8, 0x57, 0x21, 0x00, 0xb8, 0x57, 0x21, 0x00,
    0xb8, 0x57, 0x21, 0x00, 0xb8, 0x57, 0x21, 0x00, 0x00, 0x00, 0x00, 0x00, 0x00, 0x00, 0x00, 0x00,
    0x00, 0x00, 0x00, 0x00, 0x00, 0x00, 0x00, 0x00, 0x00, 0x00, 0x00, 0x00, 0x00, 0x00, 0x00, 0x00,
    0xb8, 0x57, 0x21, 0x00, 0xb8, 0x57, 0x21, 0x00, 0xb8, 0x57, 0x21, 0x00, 0xb8, 0x57, 0x21, 0x00,
    0xb8, 0x57, 0x21, 0x00, 0x00, 0x00, 0x00, 0x00, 0x00, 0x00, 0x00, 0x00, 0x00, 0x00, 0x00, 0x00,
    0x00, 0x00, 0x00, 0x00, 0x00, 0x00, 0x00, 0x00, 0x00, 0x00, 0x00, 0x00, 0xb8, 0x57, 0x21, 0x00,
    0xb8, 0x57, 0x21, 0x00, 0xb8, 0x57, 0x21, 0x00, 0xb8, 0x57, 0x21, 0x00, 0xb8, 0x57, 0x21, 0x00,
    0x00, 0x00, 0x00, 0x00, 0x00, 0x00, 0x00, 0x00, 0x00, 0x00, 0x00, 0x00, 0x00, 0x00, 0x00, 0x00,
    0x00, 0x00, 0x00, 0x00, 0x00, 0x00, 0x00, 0x00, 0xb8, 0x57, 0x21, 0x00, 0xb8, 0x57, 0x21, 0x00,
    0xb8, 0x57, 0x21, 0x00, 0xb8, 0x57, 0x21, 0x00, 0xb8, 0x57, 0x21, 0x00, 0x00, 0x00, 0x00, 0x00,
    0x00, 0x00, 0x00, 0x00, 0x00, 0x00, 0x00, 0x00, 0x00, 0x00, 0x00, 0x00, 0x00, 0x00, 0x00, 0x00,
    0x00, 0x00, 0x00, 0x00, 0xb8, 0x57, 0x21, 0x00, 0xb8, 0x57, 0x21, 0x00, 0xb8, 0x57, 0x21, 0x00,
    0xb8, 0x57, 0x21, 0x00, 0xb8, 0x57, 0x21, 0x00, 0x00, 0x00, 0x00, 0x00, 0x00, 0x00, 0x00, 0x00,
    0x00, 0x00, 0x00, 0x00, 0x00, 0x00, 0x00, 0x00, 0x00, 0x00, 0x00, 0x00, 0x00, 0x00, 0x00, 0x00,
    0xb8, 0x57, 0x21, 0x00, 0xb8, 0x57, 0x21, 0x00, 0xb8, 0x57, 0x21, 0x00, 0xb8, 0x57, 0x21, 0x00,
    0xb8, 0x57, 0x21, 0x00, 0x00, 0x00, 0x00, 0x00, 0x00, 0x00, 0x00, 0x00, 0x00, 0x00, 0x00, 0x00,
    0x00, 0x00, 0x00, 0x00, 0x00, 0x00, 0x00, 0x00, 0x00, 0x00, 0x00, 0x00, 0xb8, 0x57, 0x21, 0x00,
    0xb8, 0x57, 0x21, 0x00, 0xb8, 0x57, 0x21, 0x00, 0xb8, 0x57, 0x21, 0x00, 0xb8, 0x57, 0x21, 0x00,
    0x00, 0x00, 0x00, 0x00, 0x00, 0x00, 0x00, 0x00, 0x00, 0x00, 0x00, 0x00, 0x00, 0x00, 0x00, 0x00,
    0x00, 0x00, 0x00, 0x00, 0x00, 0x00, 0x00, 0x00, 0xb8, 0x57, 0x21, 0x00, 0xb8, 0x57, 0x21, 0x00,
    0xb8, 0x57, 0x21, 0x00, 0xb8, 0x57, 0x21, 0x00, 0xb8, 0x57, 0x21, 0x00, 0x00, 0x00, 0x00, 0x00,
    0x00, 0x00, 0x00, 0x00, 0x00, 0x00, 0x00, 0x00, 0x00, 0x00, 0x00, 0x00, 0x00, 0x00, 0x00, 0x00,
    0x00, 0x00, 0x00, 0x00, 0xb8, 0x57, 0x21, 0x00, 0xb8, 0x57, 0x21, 0x00, 0xb8, 0x57, 0x21, 0x00,
    0xb8, 0x57, 0x21, 0x00, 0xb8, 0x57, 0x21, 0x00, 0x00, 0x00, 0x00, 0x00, 0x00, 0x00, 0x00, 0x00,
    0x00, 0x00, 0x00, 0x00, 0x00, 0x00, 0x00, 0x00, 0x00, 0x00, 0x00, 0x00, 0x00, 0x00, 0x00, 0x00,
    0xb8, 0x57, 0x21, 0x00, 0xb8, 0x57, 0x21, 0x00, 0xb8, 0x57, 0x21, 0x00, 0xb8, 0x57, 0x21, 0x00,
    0xb8, 0x57, 0x21, 0x00, 0x00, 0x00, 0x00, 0x00, 0x00, 0x00, 0x00, 0x00, 0x00, 0x00, 0x00, 0x00,
    0x00, 0x00, 0x00, 0x00, 0x00, 0x00, 0x00, 0x00, 0x00, 0x00, 0x00, 0x00, 0xb8, 0x57, 0x21, 0x00,
    0xb8, 0x57, 0x21, 0x00, 0xb8, 0x57, 0x21, 0x00, 0xb8, 0x57, 0x21, 0x00, 0xb8, 0x57, 0x21, 0x00,
    0x00, 0x00, 0x00, 0x00, 0x00, 0x00, 0x00, 0x00, 0x00, 0x00, 0x00, 0x00, 0x00, 0x00, 0x00, 0x00,
    0x00, 0x00, 0x00, 0x00, 0x00, 0x00, 0x00, 0x00, 0xb8, 0x57, 0x21, 0x00, 0xb8, 0x57, 0x21, 0x00,
    0xb8, 0x57, 0x21, 0x00, 0xb8, 0x57, 0x21, 0x00, 0xb8, 0x57, 0x21, 0x00, 0x00, 0x00, 0x00, 0x00,
    0x00, 0x00, 0x00, 0x00, 0x00, 0x00, 0x00, 0x00, 0x00, 0x00, 0x00, 0x00, 0x00, 0x00, 0x00, 0x00,
    0x00, 0x00, 0x00, 0x00, 0xb8, 0x57, 0x21, 0x00, 0xb8, 0x57, 0x21, 0x00, 0xb8, 0x57, 0x21, 0x00,
    0xb8, 0x57, 0x21, 0x00, 0xb8, 0x57, 0x21, 0x00, 0x00, 0x00, 0x00, 0x00, 0x00, 0x00, 0x00, 0x00,
    0x00, 0x00, 0x00, 0x00, 0x00, 0x00, 0x00, 0x00, 0x00, 0x00, 0x00, 0x00, 0x00, 0x00, 0x00, 0x00,
    0xb8, 0x57, 0x21, 0x00, 0xb8, 0x57, 0x21, 0x00, 0xb8, 0x57, 0x21, 0x00, 0xb8, 0x57, 0x21, 0x00,
    0xb8, 0x57, 0x21, 0x00, 0x00, 0x00, 0x00, 0x00, 0x00, 0x00, 0x00, 0x00, 0x00, 0x00, 0x00, 0x00,
    0x00, 0x00, 0x00, 0x00, 0x00, 0x00, 0x00, 0x00, 0x00, 0x00, 0x00, 0x00, 0xb8, 0x57, 0x21, 0x00,
    0xb8, 0x57, 0x21, 0x00, 0xb8, 0x57, 0x21, 0x00, 0xb8, 0x57, 0x21, 0x00, 0xb8, 0x57, 0x21, 0x00,
    0x00, 0x00, 0x00, 0x00, 0x00, 0x00, 0x00, 0x00, 0x00, 0x00, 0x00, 0x00, 0x00, 0x00, 0x00, 0x00,
    0x00, 0x00, 0x00, 0x00, 0x00, 0x00, 0x00, 0x00, 0xb8, 0x57, 0x21, 0x00, 0xb8, 0x57, 0x21, 0x00,
    0xb8, 0x57, 0x21, 0x00, 0xb8, 0x57, 0x21, 0x00, 0xb8, 0x57, 0x21, 0x00, 0x00, 0x00, 0x00, 0x00,
    0x00, 0x00, 0x00, 0x00, 0x00, 0x00, 0x00, 0x00, 0x00, 0x00, 0x00, 0x00, 0x00, 0x00, 0x00, 0x00,
    0x00, 0x00, 0x00, 0x00, 0xb8, 0x57, 0x21, 0x00, 0xb8, 0x57, 0x21, 0x00, 0xb8, 0x57, 0x21, 0x00,
    0xb8, 0x57, 0x21, 0x00, 0xb8, 0x57, 0x21, 0x00, 0x00, 0x00, 0x00, 0x00, 0x00, 0x00, 0x00, 0x00,
    0x00, 0x00, 0x00, 0x00, 0x00, 0x00, 0x00, 0x00, 0x00, 0x00, 0x00, 0x00, 0x00, 0x00, 0x00, 0x00,
    0xb8, 0x57, 0x21, 0x00, 0xb8, 0x57, 0x21, 0x00, 0xb8, 0x57, 0x21, 0x00, 0xb8, 0x57, 0x21, 0x00,
    0xb8, 0x57, 0x21, 0x00, 0x00, 0x00, 0x00, 0x00, 0x00, 0x00, 0x00, 0x00, 0x00, 0x00, 0x00, 0x00,
    0x00, 0x00, 0x00, 0x00, 0x00, 0x00, 0x00, 0x00, 0x00, 0x00, 0x00, 0x00, 0xb8, 0x57, 0x21, 0x00,
    0xb8, 0x57, 0x21, 0x00, 0xb8, 0x57, 0x21, 0x00, 0xb8, 0x57, 0x21, 0x00, 0xb8, 0x57, 0x21, 0x00,
    0x00, 0x00, 0x00, 0x00, 0x00, 0x00, 0x00, 0x00, 0x00, 0x00, 0x00, 0x00, 0x00, 0x00, 0x00, 0x00,
    0x00, 0x00, 0x00, 0x00, 0x00, 0x00, 0x00, 0x00, 0xb8, 0x57, 0x21, 0x00, 0xb8, 0x57, 0x21, 0x00,
    0xb8, 0x57, 0x21, 0x00, 0xb8, 0x57, 0x21, 0x00, 0xb8, 0x57, 0x21, 0x00, 0x00, 0x00, 0x00, 0x00,
    0x00, 0x00, 0x00, 0x00, 0x00, 0x00, 0x00, 0x00, 0x00, 0x00, 0x00, 0x00, 0x00, 0x00, 0x00, 0x00,
    0x00, 0x00, 0x00, 0x00, 0xb8, 0x57, 0x21, 0x00, 0xb8, 0x57, 0x21, 0x00, 0xb8, 0x57, 0x21, 0x00,
    0xb8, 0x57, 0x21, 0x00, 0xb8, 0x57, 0x21, 0x00, 0x00, 0x00, 0x00, 0x00, 0x00, 0x00, 0x00, 0x00,
    0x00, 0x00, 0x00, 0x00, 0x00, 0x00, 0x00, 0x00, 0x00, 0x00, 0x00, 0x00, 0x00, 0x00, 0x00, 0x00,
    0xb8, 0x57, 0x21, 0x00, 0xb8, 0x57, 0x21, 0x00, 0xb8, 0x57, 0x21, 0x00, 0xb8, 0x57, 0x21, 0x00,
    0xb8, 0x57, 0x21, 0x00, 0x00, 0x00, 0x00, 0x00, 0x00, 0x00, 0x00, 0x00, 0x00, 0x00, 0x00, 0x00,
    0x00, 0x00, 0x00, 0x00, 0x00, 0x00, 0x00, 0x00, 0x00, 0x00, 0x00, 0x00, 0xb8, 0x57, 0x21, 0x00,
    0xb8, 0x57, 0x21, 0x00, 0xb8, 0x57, 0x21, 0x00, 0xb8, 0x57, 0x21, 0x00, 0xb8, 0x57, 0x21, 0x00,
    0x00, 0x00, 0x00, 0x00, 0x00, 0x00, 0x00, 0x00, 0x00, 0x00, 0x00, 0x00, 0x00, 0x00, 0x00, 0x00,
    0x00, 0x00, 0x00, 0x00, 0x00, 0x00, 0x00, 0x00, 0xb8, 0x57, 0x21, 0x00, 0xb8, 0x57, 0x21, 0x00,
    0xb8, 0x57, 0x21, 0x00, 0xb8, 0x57, 0x21, 0x00, 0xb8, 0x57, 0x21, 0x00, 0x00, 0x00, 0x00, 0x00,
    0x00, 0x00, 0x00, 0x00, 0x00, 0x00, 0x00, 0x00, 0x00, 0x00, 0x00, 0x00, 0x00, 0x00, 0x00, 0x00,
    0x00, 0x00, 0x00, 0x00, 0xb8, 0x57, 0x21, 0x00, 0xb8, 0x57, 0x21, 0x00, 0xb8, 0x57, 0x21, 0x00,
    0xb8, 0x57, 0x21, 0x00, 0xb8, 0x57, 0x21, 0x00, 0x00, 0x00, 0x00, 0x00, 0x00, 0x00, 0x00, 0x00,
    0x00, 0x00, 0x00, 0x00, 0x00, 0x00, 0x00, 0x00, 0x00, 0x00, 0x00, 0x00, 0x00, 0x00, 0x00, 0x00,
    0xb8, 0x57, 0x21, 0x00, 0xb8, 0x57, 0x21, 0x00, 0xb8, 0x57, 0x21, 0x00, 0xb8, 0x57, 0x21, 0x00,
    0xb8, 0x57, 0x21, 0x00, 0x00, 0x00, 0x00, 0x00, 0x00, 0x00, 0x00, 0x00, 0x00, 0x00, 0x00, 0x00,
    0x00, 0x00, 0x00, 0x00, 0x00, 0x00, 0x00, 0x00, 0x00, 0x00, 0x00, 0x00, 0xb8, 0x57, 0x21, 0x00,
    0xb8, 0x57, 0x21, 0x00, 0xb8, 0x57, 0x21, 0x00, 0xb8, 0x57, 0x21, 0x00, 0xb8, 0x57, 0x21, 0x00,
    0x00, 0x00, 0x00, 0x00, 0x00, 0x00, 0x00, 0x00, 0x00, 0x00, 0x00, 0x00, 0x00, 0x00, 0x00, 0x00,
    0x00, 0x00, 0x00, 0x00, 0x00, 0x00, 0x00, 0x00, 0xb8, 0x57, 0x21, 0x00, 0xb8, 0x57, 0x21, 0x00,
    0xb8, 0x57, 0x21, 0x00, 0xb8, 0x57, 0x21, 0x00, 0xb8, 0x57, 0x21, 0x00, 0x00, 0x00, 0x00, 0x00,
    0x00, 0x00, 0x00, 0x00, 0x00, 0x00, 0x00, 0x00, 0x00, 0x00, 0x00, 0x00, 0x00, 0x00, 0x00, 0x00,
    0x00, 0x00, 0x00, 0x00, 0xb8, 0x57, 0x21, 0x00, 0xb8, 0x57, 0x21, 0x00, 0xb8, 0x57, 0x21, 0x00,
    0xb8, 0x57, 0x21, 0x00, 0xb8, 0x57, 0x21, 0x00, 0x00, 0x00, 0x00, 0x00, 0x00, 0x00, 0x00, 0x00,
    0x00, 0x00, 0x00, 0x00, 0x00, 0x00, 0x00, 0x00, 0x00, 0x00, 0x00, 0x00, 0x00, 0x00, 0x00, 0x00,
    0xb8, 0x57, 0x21, 0x00, 0xb8, 0x57, 0x21, 0x00, 0xb8, 0x57, 0x21, 0x00, 0xb8, 0x57, 0x21, 0x00,
    0xb8, 0x57, 0x21, 0x00, 0x00, 0x00, 0x00, 0x00, 0x00, 0x00, 0x00, 0x00, 0x00, 0x00, 0x00, 0x00,
    0x00, 0x00, 0x00, 0x00, 0x00, 0x00, 0x00, 0x00, 0x00, 0x00, 0x00, 0x00, 0xb8, 0x57, 0x21, 0x00,
    0xb8, 0x57, 0x21, 0x00, 0xb8, 0x57, 0x21, 0x00, 0xb8, 0x57, 0x21, 0x00, 0xb8, 0x57, 0x21, 0x00,
    0x00, 0x00, 0x00, 0x00, 0x00, 0x00, 0x00, 0x00, 0x00, 0x00, 0x00, 0x00, 0x00, 0x00, 0x00, 0x00,
    0x00, 0x00, 0x00, 0x00, 0x00, 0x00, 0x00, 0x00, 0xb8, 0x57, 0x21, 0x00, 0xb8, 0x57, 0x21, 0x00,
    0xb8, 0x57, 0x21, 0x00, 0xb8, 0x57, 0x21, 0x00, 0xb8, 0x57, 0x21, 0x00, 0x00, 0x00, 0x00, 0x00,
    0x00, 0x00, 0x00, 0x00, 0x00, 0x00, 0x00, 0x00, 0x00, 0x00, 0x00, 0x00, 0x00, 0x00, 0x00, 0x00,
    0x00, 0x00, 0x00, 0x00, 0xb8, 0x57, 0x21, 0x00, 0xb8, 0x57, 0x21, 0x00, 0xb8, 0x57, 0x21, 0x00,
    0xb8, 0x57, 0x21, 0x00, 0xb8, 0x57, 0x21, 0x00, 0x00, 0x00, 0x00, 0x00, 0x00, 0x00, 0x00, 0x00,
    0x00, 0x00, 0x00, 0x00, 0x00, 0x00, 0x00, 0x00, 0x00, 0x00, 0x00, 0x00, 0x00, 0x00, 0x00, 0x00,
    0xb8, 0x57, 0x21, 0x00, 0xb8, 0x57, 0x21, 0x00, 0xb8, 0x57, 0x21, 0x00, 0xb8, 0x57, 0x21, 0x00,
    0xb8, 0x57, 0x21, 0x00, 0x00, 0x00, 0x00, 0x00, 0x00, 0x00, 0x00, 0x00, 0x00, 0x00, 0x00, 0x00,
    0x00, 0x00, 0x00, 0x00, 0x00, 0x00, 0x00, 0x00, 0x00, 0x00, 0x00, 0x00, 0xb8, 0x57, 0x21, 0x00,
    0xb8, 0x57, 0x21, 0x00, 0xb8, 0x57, 0x21, 0x00, 0xb8, 0x57, 0x21, 0x00, 0xb8, 0x57, 0x21, 0x00,
    0x00, 0x00, 0x00, 0x00, 0x00, 0x00, 0x00, 0x00, 0x00, 0x00, 0x00, 0x00, 0x00, 0x00, 0x00, 0x00,
    0x00, 0x00, 0x00, 0x00, 0x00, 0x00, 0x00, 0x00, 0xb8, 0x57, 0x21, 0x00, 0xb8, 0x57, 0x21, 0x00,
    0xb8, 0x57, 0x21, 0x00, 0xb8, 0x57, 0x21, 0x00, 0xb8, 0x57, 0x21, 0x00, 0x00, 0x00, 0x00, 0x00,
    0x00, 0x00, 0x00, 0x00, 0x00, 0x00, 0x00, 0x00, 0x00, 0x00, 0x00, 0x00, 0x00, 0x00, 0x00, 0x00,
    0x00, 0x00, 0x00, 0x00, 0xb8, 0x57, 0x21, 0x00, 0xb8, 0x57, 0x21, 0x00, 0xb8, 0x57, 0x21, 0x00,
    0xb8, 0x57, 0x21, 0x00, 0xb8, 0x57, 0x21, 0x00, 0x00, 0x00, 0x00, 0x00, 0x00, 0x00, 0x00, 0x00,
    0x00, 0x00, 0x00, 0x00, 0x00, 0x00, 0x00, 0x00, 0x00, 0x00, 0x00, 0x00, 0x00, 0x00, 0x00, 0x00,
    0xb8, 0x57, 0x21, 0x00, 0xb8, 0x57, 0x21, 0x00, 0xb8, 0x57, 0x21, 0x00, 0xb8, 0x57, 0x21, 0x00,
    0xb8, 0x57, 0x21, 0x00, 0x00, 0x00, 0x00, 0x00, 0x00, 0x00, 0x00, 0x00, 0x00, 0x00, 0x00, 0x00,
    0x00, 0x00, 0x00, 0x00, 0x00, 0x00, 0x00, 0x00, 0x00, 0x00, 0x00, 0x00, 0xb8, 0x57, 0x21, 0x00,
    0xb8, 0x57, 0x21, 0x00, 0xb8, 0x57, 0x21, 0x00, 0xb8, 0x57, 0x21, 0x00, 0xb8, 0x57, 0x21, 0x00,
    0x00, 0x00, 0x00, 0x00, 0x00, 0x00, 0x00, 0x00, 0x00, 0x00, 0x00, 0x00, 0x00, 0x00, 0x00, 0x00,
    0x00, 0x00, 0x00, 0x00, 0x00, 0x00, 0x00, 0x00, 0xb8, 0x57, 0x21, 0x00, 0xb8, 0x57, 0x21, 0x00,
    0xb8, 0x57, 0x21, 0x00, 0xb8, 0x57, 0x21, 0x00, 0xb8, 0x57, 0x21, 0x00, 0x00, 0x00, 0x00, 0x00,
    0x00, 0x00, 0x00, 0x00, 0x00, 0x00, 0x00, 0x00, 0x00, 0x00, 0x00, 0x00, 0x00, 0x00, 0x00, 0x00,
    0x00, 0x00, 0x00, 0x00, 0xb8, 0x57, 0x21, 0x00, 0xb8, 0x57, 0x21, 0x00, 0xb8, 0x57, 0x21, 0x00,
    0xb8, 0x57, 0x21, 0x00, 0xb8, 0x57, 0x21, 0x00, 0x00, 0x00, 0x00, 0x00, 0x00, 0x00, 0x00, 0x00,
    0x00, 0x00, 0x00, 0x00, 0x00, 0x00, 0x00, 0x00, 0x00, 0x00, 0x00, 0x00, 0x00, 0x00, 0x00, 0x00,
    0xb8, 0x57, 0x21, 0x00, 0xb8, 0x57, 0x21, 0x00, 0xb8, 0x57, 0x21, 0x00, 0xb8, 0x57, 0x21, 0x00,
    0xb8, 0x57, 0x21, 0x00, 0x00, 0x00, 0x00, 0x00, 0x00, 0x00, 0x00, 0x00, 0x00, 0x00, 0x00, 0x00,
    0x00, 0x00, 0x00, 0x00, 0x00, 0x00, 0x00, 0x00, 0x00, 0x00, 0x00, 0x00, 0xb8, 0x57, 0x21, 0x00,
    0xb8, 0x57, 0x21, 0x00, 0xb8, 0x57, 0x21, 0x00, 0xb8, 0x57, 0x21, 0x00, 0xb8, 0x57, 0x21, 0x00,
    0x00, 0x00, 0x00, 0x00, 0x00, 0x00, 0x00, 0x00, 0x00, 0x00, 0x00, 0x00, 0x00, 0x00, 0x00, 0x00,
    0x00, 0x00, 0x00, 0x00, 0x00, 0x00, 0x00, 0x00, 0xb8, 0x57, 0x21, 0x00, 0xb8, 0x57, 0x21, 0x00,
    0xb8, 0x57, 0x21, 0x00, 0xb8, 0x57, 0x21, 0x00, 0xb8, 0x57, 0x21, 0x00, 0x00, 0x00, 0x00, 0x00,
    0x00, 0x00, 0x00, 0x00, 0x00, 0x00, 0x00, 0x00, 0x00, 0x00, 0x00, 0x00, 0x00, 0x00, 0x00, 0x00,
    0x00, 0x00, 0x00, 0x00, 0xb8, 0x57, 0x21, 0x00, 0xb8, 0x57, 0x21, 0x00, 0xb8, 0x57, 0x21, 0x00,
    0xb8, 0x57, 0x21, 0x00, 0xb8, 0x57, 0x21, 0x00, 0x00, 0x00, 0x00, 0x00, 0x00, 0x00, 0x00, 0x00,
    0x00, 0x00, 0x00, 0x00, 0x00, 0x00, 0x00, 0x00, 0x00, 0x00, 0x00, 0x00,  0x00, 0x00, 0x00, 0x00,
     0x00, 0x00, 0x00, 0x00,  0x00, 0x00, 0x00, 0x00, 0x00, 0x00, 0x00, 0x00,  0x00, 0x00, 0x00, 0x00,
     0x00, 0x00, 0x00, 0x00, 0x0a, 0x00, 0x00, 0x00, 0x03, 0x00, 0x00, 0x00, 0x00, 0x00, 0x00, 0x00,
    0x00, 0x00, 0x00, 0x00, 0x00, 0x00, 0x00, 0x00,  0x00, 0x00, 0x00, 0x00,  0x00, 0x00, 0x00, 0x00,
     0x00, 0x00, 0x00, 0x00, 0x00, 0x00, 0x00, 0x00,  0x00, 0x00, 0x00, 0x00,  0x00, 0x00, 0x00, 0x00,
    0x32, 0x00, 0x00, 0x00, 0x03, 0x00, 0x00, 0x00, 0x00, 0x00, 0x00, 0x00, 0x00, 0x00, 0x00, 0x00,
    0x00, 0x00, 0x00, 0x00, 0x00, 0x00, 0x00, 0x00, 0x00, 0x00, 0x00, 0x00, 0x00, 0x00, 0x00, 0x00,
    0x00, 0x00, 0x00, 0x00, 0x00, 0x00, 0x00, 0x00, 0x00, 0x00, 0x00, 0x00, 0x00, 0x00, 0x00, 0x00,
    0x00, 0x00, 0x00, 0x00, 0x00, 0x00, 0x00, 0x00, 0x00, 0x00, 0x00, 0x00, 0x00, 0x00, 0x00, 0x00,
    0x00, 0x00, 0x00, 0x00, 0x00, 0x00, 0x00, 0x00, 0x00, 0x00, 0x00, 0x00, 0x00, 0x00, 0x00, 0x00
};

unsigned char snd_roomStrings[128] = {
     0x00, 0x00, 0x00, 0x00,  0x00, 0x00, 0x00, 0x00,  0x00, 0x00, 0x00, 0x00,  0x00, 0x00, 0x00, 0x00,
     0x00, 0x00, 0x00, 0x00,  0x00, 0x00, 0x00, 0x00,  0x00, 0x00, 0x00, 0x00,  0x00, 0x00, 0x00, 0x00,
     0x00, 0x00, 0x00, 0x00,  0x00, 0x00, 0x00, 0x00,  0x00, 0x00, 0x00, 0x00,  0x00, 0x00, 0x00, 0x00,
     0x00, 0x00, 0x00, 0x00,  0x00, 0x00, 0x00, 0x00,  0x00, 0x00, 0x00, 0x00,  0x00, 0x00, 0x00, 0x00,
     0x00, 0x00, 0x00, 0x00,  0x00, 0x00, 0x00, 0x00,  0x00, 0x00, 0x00, 0x00,  0x00, 0x00, 0x00, 0x00,
     0x00, 0x00, 0x00, 0x00,  0x00, 0x00, 0x00, 0x00,  0x00, 0x00, 0x00, 0x00,  0x00, 0x00, 0x00, 0x00,
     0x00, 0x00, 0x00, 0x00,  0x00, 0x00, 0x00, 0x00, 0x00, 0x00, 0x00, 0x00, 0x00, 0x00, 0x00, 0x00,
    0x00, 0x00, 0x00, 0x00, 0x00, 0x00, 0x00, 0x00, 0x00, 0x00, 0x00, 0x00, 0x00, 0x00, 0x00, 0x00
};

unsigned char cmd_text[32] = {
     0x00, 0x00, 0x00, 0x00, 0x00, 0x00, 0x00, 0x00, 0x00, 0x00, 0x00, 0x00, 0x00, 0x00, 0x00, 0x00,
    0x00, 0x00, 0x00, 0x00, 0x00, 0x00, 0x00, 0x00, 0x00, 0x00, 0x00, 0x00, 0x00, 0x00, 0x00, 0x00
};

unsigned char dvarOnOffStrings[32] = {
     0x00, 0x00, 0x00, 0x00,  0x00, 0x00, 0x00, 0x00, 0x00, 0x00, 0x00, 0x00, 0x00, 0x00, 0x00, 0x00,
    0x00, 0x00, 0x00, 0x00, 0x00, 0x00, 0x00, 0x00, 0x00, 0x00, 0x00, 0x00, 0x00, 0x00, 0x00, 0x00
};

/* wasm duplicate omitted: fxInitialized */

unsigned char theFxHelper[4] = {
     0x00, 0x00, 0x00, 0x00
};

unsigned char effectListNonBolt[4] = {
     0x00, 0x00, 0x00, 0x00
};

unsigned char effectListBolt[4] = {
     0x00, 0x00, 0x00, 0x00
};

unsigned char effectClusters[16] = {
     0x00, 0x00, 0x00, 0x00, 0x00, 0x00, 0x00, 0x00, 0x00, 0x00, 0x00, 0x00, 0x00, 0x00, 0x00, 0x00
};

char defaultEffect[4] = {0};

char theFxScheduler[28] = {0};

unsigned char g_rendererExists[32] = {
    0x01, 0x00, 0x00, 0x00, 0x00, 0x00, 0x00, 0x00, 0x00, 0x00, 0x00, 0x00, 0x00, 0x00, 0x00, 0x00,
    0x00, 0x00, 0x00, 0x00, 0x00, 0x00, 0x00, 0x00, 0x00, 0x00, 0x00, 0x00, 0x00, 0x00, 0x00, 0x00
};

unsigned char eventnames[800] = {
     0x00, 0x00, 0x00, 0x00,  0x00, 0x00, 0x00, 0x00,  0x00, 0x00, 0x00, 0x00,  0x00, 0x00, 0x00, 0x00,
     0x00, 0x00, 0x00, 0x00,  0x00, 0x00, 0x00, 0x00,  0x00, 0x00, 0x00, 0x00,  0x00, 0x00, 0x00, 0x00,
     0x00, 0x00, 0x00, 0x00,  0x00, 0x00, 0x00, 0x00,  0x00, 0x00, 0x00, 0x00,  0x00, 0x00, 0x00, 0x00,
     0x00, 0x00, 0x00, 0x00,  0x00, 0x00, 0x00, 0x00,  0x00, 0x00, 0x00, 0x00,  0x00, 0x00, 0x00, 0x00,
     0x00, 0x00, 0x00, 0x00,  0x00, 0x00, 0x00, 0x00,  0x00, 0x00, 0x00, 0x00,  0x00, 0x00, 0x00, 0x00,
     0x00, 0x00, 0x00, 0x00,  0x00, 0x00, 0x00, 0x00,  0x00, 0x00, 0x00, 0x00,  0x00, 0x00, 0x00, 0x00,
     0x00, 0x00, 0x00, 0x00,  0x00, 0x00, 0x00, 0x00,  0x00, 0x00, 0x00, 0x00,  0x00, 0x00, 0x00, 0x00,
     0x00, 0x00, 0x00, 0x00,  0x00, 0x00, 0x00, 0x00,  0x00, 0x00, 0x00, 0x00,  0x00, 0x00, 0x00, 0x00,
     0x00, 0x00, 0x00, 0x00,  0x00, 0x00, 0x00, 0x00,  0x00, 0x00, 0x00, 0x00,  0x00, 0x00, 0x00, 0x00,
     0x00, 0x00, 0x00, 0x00,  0x00, 0x00, 0x00, 0x00,  0x00, 0x00, 0x00, 0x00,  0x00, 0x00, 0x00, 0x00,
     0x00, 0x00, 0x00, 0x00,  0x00, 0x00, 0x00, 0x00,  0x00, 0x00, 0x00, 0x00,  0x00, 0x00, 0x00, 0x00,
     0x00, 0x00, 0x00, 0x00,  0x00, 0x00, 0x00, 0x00,  0x00, 0x00, 0x00, 0x00,  0x00, 0x00, 0x00, 0x00,
     0x00, 0x00, 0x00, 0x00,  0x00, 0x00, 0x00, 0x00,  0x00, 0x00, 0x00, 0x00,  0x00, 0x00, 0x00, 0x00,
     0x00, 0x00, 0x00, 0x00,  0x00, 0x00, 0x00, 0x00,  0x00, 0x00, 0x00, 0x00,  0x00, 0x00, 0x00, 0x00,
     0x00, 0x00, 0x00, 0x00,  0x00, 0x00, 0x00, 0x00,  0x00, 0x00, 0x00, 0x00,  0x00, 0x00, 0x00, 0x00,
     0x00, 0x00, 0x00, 0x00,  0x00, 0x00, 0x00, 0x00,  0x00, 0x00, 0x00, 0x00,  0x00, 0x00, 0x00, 0x00,
     0x00, 0x00, 0x00, 0x00,  0x00, 0x00, 0x00, 0x00,  0x00, 0x00, 0x00, 0x00,  0x00, 0x00, 0x00, 0x00,
     0x00, 0x00, 0x00, 0x00,  0x00, 0x00, 0x00, 0x00,  0x00, 0x00, 0x00, 0x00,  0x00, 0x00, 0x00, 0x00,
     0x00, 0x00, 0x00, 0x00,  0x00, 0x00, 0x00, 0x00,  0x00, 0x00, 0x00, 0x00,  0x00, 0x00, 0x00, 0x00,
     0x00, 0x00, 0x00, 0x00,  0x00, 0x00, 0x00, 0x00,  0x00, 0x00, 0x00, 0x00,  0x00, 0x00, 0x00, 0x00,
     0x00, 0x00, 0x00, 0x00,  0x00, 0x00, 0x00, 0x00,  0x00, 0x00, 0x00, 0x00,  0x00, 0x00, 0x00, 0x00,
     0x00, 0x00, 0x00, 0x00,  0x00, 0x00, 0x00, 0x00,  0x00, 0x00, 0x00, 0x00,  0x00, 0x00, 0x00, 0x00,
     0x00, 0x00, 0x00, 0x00,  0x00, 0x00, 0x00, 0x00,  0x00, 0x00, 0x00, 0x00,  0x00, 0x00, 0x00, 0x00,
     0x00, 0x00, 0x00, 0x00,  0x00, 0x00, 0x00, 0x00,  0x00, 0x00, 0x00, 0x00,  0x00, 0x00, 0x00, 0x00,
     0x00, 0x00, 0x00, 0x00,  0x00, 0x00, 0x00, 0x00,  0x00, 0x00, 0x00, 0x00,  0x00, 0x00, 0x00, 0x00,
     0x00, 0x00, 0x00, 0x00,  0x00, 0x00, 0x00, 0x00,  0x00, 0x00, 0x00, 0x00,  0x00, 0x00, 0x00, 0x00,
     0x00, 0x00, 0x00, 0x00,  0x00, 0x00, 0x00, 0x00,  0x00, 0x00, 0x00, 0x00,  0x00, 0x00, 0x00, 0x00,
     0x00, 0x00, 0x00, 0x00,  0x00, 0x00, 0x00, 0x00,  0x00, 0x00, 0x00, 0x00,  0x00, 0x00, 0x00, 0x00,
     0x00, 0x00, 0x00, 0x00,  0x00, 0x00, 0x00, 0x00,  0x00, 0x00, 0x00, 0x00,  0x00, 0x00, 0x00, 0x00,
     0x00, 0x00, 0x00, 0x00,  0x00, 0x00, 0x00, 0x00,  0x00, 0x00, 0x00, 0x00,  0x00, 0x00, 0x00, 0x00,
     0x00, 0x00, 0x00, 0x00,  0x00, 0x00, 0x00, 0x00,  0x00, 0x00, 0x00, 0x00,  0x00, 0x00, 0x00, 0x00,
     0x00, 0x00, 0x00, 0x00,  0x00, 0x00, 0x00, 0x00,  0x00, 0x00, 0x00, 0x00,  0x00, 0x00, 0x00, 0x00,
     0x00, 0x00, 0x00, 0x00,  0x00, 0x00, 0x00, 0x00,  0x00, 0x00, 0x00, 0x00,  0x00, 0x00, 0x00, 0x00,
     0x00, 0x00, 0x00, 0x00,  0x00, 0x00, 0x00, 0x00,  0x00, 0x00, 0x00, 0x00,  0x00, 0x00, 0x00, 0x00,
     0x00, 0x00, 0x00, 0x00,  0x00, 0x00, 0x00, 0x00,  0x00, 0x00, 0x00, 0x00,  0x00, 0x00, 0x00, 0x00,
     0x00, 0x00, 0x00, 0x00,  0x00, 0x00, 0x00, 0x00,  0x00, 0x00, 0x00, 0x00,  0x00, 0x00, 0x00, 0x00,
     0x00, 0x00, 0x00, 0x00,  0x00, 0x00, 0x00, 0x00,  0x00, 0x00, 0x00, 0x00,  0x00, 0x00, 0x00, 0x00,
     0x00, 0x00, 0x00, 0x00,  0x00, 0x00, 0x00, 0x00,  0x00, 0x00, 0x00, 0x00,  0x00, 0x00, 0x00, 0x00,
     0x00, 0x00, 0x00, 0x00,  0x00, 0x00, 0x00, 0x00,  0x00, 0x00, 0x00, 0x00,  0x00, 0x00, 0x00, 0x00,
     0x00, 0x00, 0x00, 0x00,  0x00, 0x00, 0x00, 0x00,  0x00, 0x00, 0x00, 0x00,  0x00, 0x00, 0x00, 0x00,
     0x00, 0x00, 0x00, 0x00,  0x00, 0x00, 0x00, 0x00,  0x00, 0x00, 0x00, 0x00,  0x00, 0x00, 0x00, 0x00,
     0x00, 0x00, 0x00, 0x00,  0x00, 0x00, 0x00, 0x00,  0x00, 0x00, 0x00, 0x00,  0x00, 0x00, 0x00, 0x00,
     0x00, 0x00, 0x00, 0x00,  0x00, 0x00, 0x00, 0x00,  0x00, 0x00, 0x00, 0x00,  0x00, 0x00, 0x00, 0x00,
     0x00, 0x00, 0x00, 0x00,  0x00, 0x00, 0x00, 0x00,  0x00, 0x00, 0x00, 0x00,  0x00, 0x00, 0x00, 0x00,
     0x00, 0x00, 0x00, 0x00,  0x00, 0x00, 0x00, 0x00,  0x00, 0x00, 0x00, 0x00,  0x00, 0x00, 0x00, 0x00,
     0x00, 0x00, 0x00, 0x00,  0x00, 0x00, 0x00, 0x00,  0x00, 0x00, 0x00, 0x00,  0x00, 0x00, 0x00, 0x00,
     0x00, 0x00, 0x00, 0x00,  0x00, 0x00, 0x00, 0x00,  0x00, 0x00, 0x00, 0x00,  0x00, 0x00, 0x00, 0x00,
     0x00, 0x00, 0x00, 0x00,  0x00, 0x00, 0x00, 0x00,  0x00, 0x00, 0x00, 0x00,  0x00, 0x00, 0x00, 0x00,
     0x00, 0x00, 0x00, 0x00,  0x00, 0x00, 0x00, 0x00,  0x00, 0x00, 0x00, 0x00,  0x00, 0x00, 0x00, 0x00,
     0x00, 0x00, 0x00, 0x00,  0x00, 0x00, 0x00, 0x00,  0x00, 0x00, 0x00, 0x00, 0x00, 0x00, 0x00, 0x00
};

/* wasm duplicate omitted: pmoveHandlers */

/* wasm duplicate omitted: viewLerp_CrouchStand */

/* wasm duplicate omitted: viewLerp_ProneCrouch */

/* wasm duplicate omitted: viewLerp_StandCrouch */

/* wasm duplicate omitted: viewLerp_CrouchProne */

char bg_iNumWeapons[32] = {0};

char g_EndPos[32] = {0};

/* wasm duplicate omitted: var_typename */

/* wasm duplicate omitted: g_classMap */

unsigned char propertyNames[32] = {
     0x00, 0x00, 0x00, 0x00,  0x00, 0x00, 0x00, 0x00,  0x00, 0x00, 0x00, 0x00, 0x00, 0x00, 0x00, 0x00,
    0x00, 0x00, 0x00, 0x00, 0x00, 0x00, 0x00, 0x00, 0x00, 0x00, 0x00, 0x00, 0x00, 0x00, 0x00, 0x00
};

/* wasm duplicate omitted: s_mantleTrans */

/* wasm duplicate omitted: s_mantleAnimNames */

char __ZN11FxBoltFrame12g_mFrameListE[32] = {0};

/* wasm duplicate omitted: g_parse */

static unsigned char _unused_punctuation[64] = {
     0x00, 0x00, 0x00, 0x00,  0x00, 0x00, 0x00, 0x00,  0x00, 0x00, 0x00, 0x00,  0x00, 0x00, 0x00, 0x00,
     0x00, 0x00, 0x00, 0x00,  0x00, 0x00, 0x00, 0x00,  0x00, 0x00, 0x00, 0x00,  0x00, 0x00, 0x00, 0x00,
     0x00, 0x00, 0x00, 0x00,  0x00, 0x00, 0x00, 0x00,  0x00, 0x00, 0x00, 0x00,  0x00, 0x00, 0x00, 0x00,
     0x00, 0x00, 0x00, 0x00,  0x00, 0x00, 0x00, 0x00, 0x00, 0x00, 0x00, 0x00, 0x00, 0x00, 0x00, 0x00
};

/* wasm duplicate omitted: CL_handle */

/* wasm duplicate omitted: currentHandle */

/* wasm duplicate omitted: PADDING */

extern unsigned char legacyHacksArray[1792];
void *legacyHacks[8] = {
    legacyHacksArray, 0, 0, 0, 0, 0, 0, 0
};

/* Restored pointer tables: wasm data gen zeroed these, breaking CSV header match
 * (ERROR: missing 'name' and/or 'file' columns). Layout matches src/blobs/data.S. */
const char *g_pszSndAliasKeyNames[24] = {
    NULL,
    "name",
    "sequence",
    "file",
    "subtitle",
    "vol_min",
    "vol_max",
    "vol_mod",
    "pitch_min",
    "pitch_max",
    "dist_min",
    "dist_max",
    "channel",
    "type",
    "loop",
    "probability",
    "loadspec",
    "masterslave",
    "secondaryaliasname",
    "volumefalloffcurve",
    "startdelay",
    "speakermap",
    "reverb",
    "lfe percentage",
};

const char *g_pszChannelNames[16] = {
    "auto",
    "auto2d",
    "menu",
    "weapon",
    "voice",
    "item",
    "body",
    "local",
    "music",
    "announcer",
    "shellshock",
    NULL,
    NULL,
    NULL,
    NULL,
    NULL,
};

/* wasm duplicate omitted: infoParms */

/* wasm duplicate omitted: weaponDefFields */

/* wasm duplicate omitted: offhandClassNames */

/* wasm duplicate omitted: szProjectileExplosionNames */

/* wasm duplicate omitted: szWeapStanceNames */

/* wasm duplicate omitted: szWeapSlotNames */

/* wasm duplicate omitted: szWeapOverlayReticleNames */

/* wasm duplicate omitted: szWeapClassNames */

/* wasm duplicate omitted: szWeapTypeNames */

/* wasm duplicate omitted: dollardirectives */

/* wasm duplicate omitted: directives */

/* wasm duplicate omitted: default_punctuations */

char gConsoleRunning[32] = {0};

/* wasm duplicate omitted: s_XModelSurfaceSize */

/* wasm duplicate omitted: s_entitySurface */

unsigned char s_aspectRatioNames[20] = {
     0x00, 0x00, 0x00, 0x00,  0x00, 0x00, 0x00, 0x00,  0x00, 0x00, 0x00, 0x00,  0x00, 0x00, 0x00, 0x00,
    0x00, 0x00, 0x00, 0x00
};

/* wasm duplicate omitted: s_technologyNames */

unsigned char r_forceLodNames[24] = {
     0x00, 0x00, 0x00, 0x00,  0x00, 0x00, 0x00, 0x00,  0x00, 0x00, 0x00, 0x00,  0x00, 0x00, 0x00, 0x00,
     0x00, 0x00, 0x00, 0x00, 0x00, 0x00, 0x00, 0x00
};

unsigned char fbColorDebugNames[16] = {
     0x00, 0x00, 0x00, 0x00,  0x00, 0x00, 0x00, 0x00,  0x00, 0x00, 0x00, 0x00, 0x00, 0x00, 0x00, 0x00
};

unsigned char s_aaAlphaNames[16] = {
     0x00, 0x00, 0x00, 0x00,  0x00, 0x00, 0x00, 0x00,  0x00, 0x00, 0x00, 0x00, 0x00, 0x00, 0x00, 0x00
};

/* wasm duplicate omitted: xdebugNames */

unsigned char normalMapNames[12] = {
     0x00, 0x00, 0x00, 0x00,  0x00, 0x00, 0x00, 0x00, 0x00, 0x00, 0x00, 0x00
};

unsigned char colorMapNames[16] = {
     0x00, 0x00, 0x00, 0x00,  0x00, 0x00, 0x00, 0x00,  0x00, 0x00, 0x00, 0x00, 0x00, 0x00, 0x00, 0x00
};

unsigned char gpuSyncNames[20] = {
     0x00, 0x00, 0x00, 0x00,  0x00, 0x00, 0x00, 0x00,  0x00, 0x00, 0x00, 0x00,  0x00, 0x00, 0x00, 0x00,
    0x00, 0x00, 0x00, 0x00
};

unsigned char debugShaderNames[24] = {
     0x00, 0x00, 0x00, 0x00,  0x00, 0x00, 0x00, 0x00,  0x00, 0x00, 0x00, 0x00,  0x00, 0x00, 0x00, 0x00,
     0x00, 0x00, 0x00, 0x00, 0x00, 0x00, 0x00, 0x00
};

/* wasm duplicate omitted: textureModeNames */

char alwaysfails[32] = {0};

unsigned char g_platform_name[32] = {
     0x00, 0x00, 0x00, 0x00,  0x00, 0x00, 0x00, 0x00, 0x00, 0x00, 0x00, 0x00, 0x00, 0x00, 0x00, 0x00,
    0x00, 0x00, 0x00, 0x00, 0x00, 0x00, 0x00, 0x00, 0x00, 0x00, 0x00, 0x00, 0x00, 0x00, 0x00, 0x00
};

/* wasm duplicate omitted: imageTypeName */

/* wasm duplicate omitted: g_imageProgNames */

unsigned char s_sundvars[96] = {
     0x00, 0x00, 0x00, 0x00,  0x00, 0x00, 0x00, 0x00,  0x00, 0x00, 0x00, 0x00,  0x00, 0x00, 0x00, 0x00,
     0x00, 0x00, 0x00, 0x00,  0x00, 0x00, 0x00, 0x00,  0x00, 0x00, 0x00, 0x00,  0x00, 0x00, 0x00, 0x00,
     0x00, 0x00, 0x00, 0x00,  0x00, 0x00, 0x00, 0x00,  0x00, 0x00, 0x00, 0x00,  0x00, 0x00, 0x00, 0x00,
     0x00, 0x00, 0x00, 0x00,  0x00, 0x00, 0x00, 0x00,  0x00, 0x00, 0x00, 0x00,  0x00, 0x00, 0x00, 0x00,
     0x00, 0x00, 0x00, 0x00,  0x00, 0x00, 0x00, 0x00,  0x00, 0x00, 0x00, 0x00,  0x00, 0x00, 0x00, 0x00,
     0x00, 0x00, 0x00, 0x00, 0x00, 0x00, 0x00, 0x00, 0x00, 0x00, 0x00, 0x00, 0x00, 0x00, 0x00, 0x00
};

unsigned char R_BoundsForDrawSurfTable[32] = {
    0x00, 0x00, 0x00, 0x00, 0x00, 0x00, 0x00, 0x00, 0x00, 0x00, 0x00, 0x00,  0x00, 0x00, 0x00, 0x00,
     0x00, 0x00, 0x00, 0x00,  0x00, 0x00, 0x00, 0x00,  0x00, 0x00, 0x00, 0x00, 0x00, 0x00, 0x00, 0x00
};

/* wasm duplicate omitted: g_TotalFilterPasses */

char g_LastGlowFilter[28] = {0};

/* wasm duplicate omitted: extendedVirtualKeyConvert */

/* wasm duplicate omitted: virtualKeyConvert */

char yyout[4] = {0};

char yyin[4] = {0};

unsigned char yy_init[24] = {
    0x01, 0x00, 0x00, 0x00, 0x00, 0x00, 0x00, 0x00, 0x00, 0x00, 0x00, 0x00, 0x00, 0x00, 0x00, 0x00,
    0x00, 0x00, 0x00, 0x00, 0x00, 0x00, 0x00, 0x00
};

/* wasm duplicate omitted: kHighQualityKey */

char __ZN10CVAOPacket14sCurrentPacketE[4] = {0};

char __ZN10CVAOPacket10sVAOStatusE[24] = {0};

static char __ZN12CSoundObject13sReadCallbackE[4] = {0};

static char __ZN12CSoundObject13sSeekCallbackE[4] = {0};

static char __ZN12CSoundObject14sCloseCallbackE[4] = {0};

static char __ZN12CSoundObject13sOpenCallbackE[20] = {0};

unsigned char frenchNumberKeysMap[64] = {
     0x00, 0x00, 0x00, 0x00,  0x00, 0x00, 0x00, 0x00,  0x00, 0x00, 0x00, 0x00,  0x00, 0x00, 0x00, 0x00,
     0x00, 0x00, 0x00, 0x00,  0x00, 0x00, 0x00, 0x00,  0x00, 0x00, 0x00, 0x00,  0x00, 0x00, 0x00, 0x00,
     0x00, 0x00, 0x00, 0x00,  0x00, 0x00, 0x00, 0x00, 0x00, 0x00, 0x00, 0x00, 0x00, 0x00, 0x00, 0x00,
    0x00, 0x00, 0x00, 0x00, 0x00, 0x00, 0x00, 0x00, 0x00, 0x00, 0x00, 0x00, 0x00, 0x00, 0x00, 0x00
};

/* wasm duplicate omitted: keynames_localized */

/* wasm duplicate omitted: keynames */

extern unsigned char playerKeys[3392];
void *keys = playerKeys + 292;

void *anykeydown = playerKeys + 288;

void *key_overstrikeMode = playerKeys + 284;

void *chat_team = playerKeys + 280;

void *chatField[6] = {
    playerKeys, 0, 0, 0, 0, 0
};

char sv_serverId_value[32] = {0};

unsigned char cg_soundRoomTypes[108] = {
     0x00, 0x00, 0x00, 0x00,  0x00, 0x00, 0x00, 0x00,  0x00, 0x00, 0x00, 0x00,  0x00, 0x00, 0x00, 0x00,
     0x00, 0x00, 0x00, 0x00,  0x00, 0x00, 0x00, 0x00,  0x00, 0x00, 0x00, 0x00,  0x00, 0x00, 0x00, 0x00,
     0x00, 0x00, 0x00, 0x00,  0x00, 0x00, 0x00, 0x00,  0x00, 0x00, 0x00, 0x00,  0x00, 0x00, 0x00, 0x00,
     0x00, 0x00, 0x00, 0x00,  0x00, 0x00, 0x00, 0x00,  0x00, 0x00, 0x00, 0x00,  0x00, 0x00, 0x00, 0x00,
     0x00, 0x00, 0x00, 0x00,  0x00, 0x00, 0x00, 0x00,  0x00, 0x00, 0x00, 0x00,  0x00, 0x00, 0x00, 0x00,
     0x00, 0x00, 0x00, 0x00,  0x00, 0x00, 0x00, 0x00,  0x00, 0x00, 0x00, 0x00,  0x00, 0x00, 0x00, 0x00,
     0x00, 0x00, 0x00, 0x00,  0x00, 0x00, 0x00, 0x00, 0x00, 0x00, 0x00, 0x00
};

unsigned char cg_drawSoundOverlayStrings[20] = {
     0x00, 0x00, 0x00, 0x00,  0x00, 0x00, 0x00, 0x00,  0x00, 0x00, 0x00, 0x00,  0x00, 0x00, 0x00, 0x00,
    0x00, 0x00, 0x00, 0x00
};

unsigned char cg_drawFpsNames[32] = {
     0x00, 0x00, 0x00, 0x00,  0x00, 0x00, 0x00, 0x00,  0x00, 0x00, 0x00, 0x00,  0x00, 0x00, 0x00, 0x00,
    0x00, 0x00, 0x00, 0x00, 0x00, 0x00, 0x00, 0x00, 0x00, 0x00, 0x00, 0x00, 0x00, 0x00, 0x00, 0x00
};

char cl_shownet[32] = {0};

/* wasm duplicate omitted: boxVerts */

/* wasm duplicate omitted: serverStatusDvars */

extern unsigned char uiInfoArray[4288];
void *uiInfo[3] = {
    uiInfoArray, 0, 0
};

/* wasm duplicate omitted: MonthAbbrev */

/* wasm duplicate omitted: netSources */

/* wasm duplicate omitted: lastColumn */

/* wasm duplicate omitted: tleEstimates */

/* wasm duplicate omitted: xferText */

/* wasm duplicate omitted: etaText */

unsigned char dlText[31] = {
    0x45, 0x58, 0x45, 0x5f, 0x44, 0x4f, 0x57, 0x4e, 0x4c, 0x4f, 0x41, 0x44,  0x00, 0x00, 0x00, 0x00,
    0x00, 0x00, 0x00, 0x00, 0x00, 0x00, 0x00, 0x00, 0x00, 0x00, 0x00, 0x00, 0x00, 0x00, 0x00
};

/* wasm duplicate omitted: g_qport */

unsigned char netsrcString[28] = {
     0x00, 0x00, 0x00, 0x00,  0x00, 0x00, 0x00, 0x00, 0x00, 0x00, 0x00, 0x00, 0x00, 0x00, 0x00, 0x00,
    0x00, 0x00, 0x00, 0x00, 0x00, 0x00, 0x00, 0x00, 0x00, 0x00, 0x00, 0x00
};

/* wasm duplicate omitted: g_console_char_height */

unsigned char g_console_field_width[28] = {
    0x6c, 0x02, 0x00, 0x00, 0x00, 0x00, 0x00, 0x00, 0x00, 0x00, 0x00, 0x00, 0x00, 0x00, 0x00, 0x00,
    0x00, 0x00, 0x00, 0x00, 0x00, 0x00, 0x00, 0x00, 0x00, 0x00, 0x00, 0x00
};

unsigned char scriptCommandCount[32] = {
    0x1c, 0x00, 0x00, 0x00, 0x00, 0x00, 0x00, 0x00, 0x00, 0x00, 0x00, 0x00, 0x00, 0x00, 0x00, 0x00,
    0x00, 0x00, 0x00, 0x00, 0x00, 0x00, 0x00, 0x00, 0x00, 0x00, 0x00, 0x00, 0x00, 0x00, 0x00, 0x00
};

/* wasm duplicate omitted: commandList */

char g_editItem[4] = {0};

/* wasm duplicate omitted: g_editingField */

char g_waitingForKey[24] = {0};

/* wasm duplicate omitted: g_bindings */

char updateScreenCalled[4] = {0};

/* wasm duplicate omitted: szShotName */

/* wasm duplicate omitted: msg_hData */

/* wasm duplicate omitted: hudElemFields */

/* wasm duplicate omitted: objectiveFields */

unsigned char kbitmask[160] = {
    0x00, 0x00, 0x00, 0x00, 0x01, 0x00, 0x00, 0x00, 0x03, 0x00, 0x00, 0x00, 0x07, 0x00, 0x00, 0x00,
    0x0f, 0x00, 0x00, 0x00, 0x1f, 0x00, 0x00, 0x00, 0x3f, 0x00, 0x00, 0x00, 0x7f, 0x00, 0x00, 0x00,
    0xff, 0x00, 0x00, 0x00, 0xff, 0x01, 0x00, 0x00, 0xff, 0x03, 0x00, 0x00, 0xff, 0x07, 0x00, 0x00,
    0xff, 0x0f, 0x00, 0x00, 0xff, 0x3f, 0x00, 0x00, 0xff, 0x7f, 0x00, 0x00, 0xff, 0xff, 0x00, 0x00,
    0xff, 0xff, 0x01, 0x00, 0xff, 0xff, 0x03, 0x00, 0xff, 0xff, 0x07, 0x00, 0xff, 0xff, 0x0f, 0x00,
    0xff, 0xff, 0x1f, 0x00, 0xff, 0xff, 0x3f, 0x00, 0xff, 0xff, 0x7f, 0x00, 0xff, 0xff, 0xff, 0x00,
    0xff, 0xff, 0xff, 0x01, 0xff, 0xff, 0xff, 0x03, 0xff, 0xff, 0xff, 0x07, 0xff, 0xff, 0xff, 0x0f,
    0xff, 0xff, 0xff, 0x1f, 0xff, 0xff, 0xff, 0x3f, 0xff, 0xff, 0xff, 0x7f, 0xff, 0xff, 0xff, 0xff,
    0x00, 0x00, 0x00, 0x00, 0x00, 0x00, 0x00, 0x00, 0x00, 0x00, 0x00, 0x00, 0x00, 0x00, 0x00, 0x00,
    0x00, 0x00, 0x00, 0x00, 0x00, 0x00, 0x00, 0x00, 0x00, 0x00, 0x00, 0x00, 0x00, 0x00, 0x00, 0x00
};

/* wasm duplicate omitted: ucmds */

char bgs[32] = {0};

/* wasm duplicate omitted: animEventTypesStr */

/* wasm duplicate omitted: animMoveTypesStr */

/* wasm duplicate omitted: animStateStr */

/* wasm duplicate omitted: animConditionsTable */

/* wasm duplicate omitted: animStrafeStateStr */

/* wasm duplicate omitted: animWeaponPositionStr */

/* wasm duplicate omitted: animConditionMountedStr */

/* wasm duplicate omitted: animWeaponClassStr */

/* wasm duplicate omitted: animConditionsStr */

/* wasm duplicate omitted: animParseModesStr */

const char *globalFilename = "mp/playeranim.script";

unsigned char controller_names[44] = {
     0x00, 0x00, 0x00, 0x00,  0x00, 0x00, 0x00, 0x00,  0x00, 0x00, 0x00, 0x00,  0x00, 0x00, 0x00, 0x00,
     0x00, 0x00, 0x00, 0x00,  0x00, 0x00, 0x00, 0x00, 0x00, 0x00, 0x00, 0x00, 0x00, 0x00, 0x00, 0x00,
    0x00, 0x00, 0x00, 0x00, 0x00, 0x00, 0x00, 0x00, 0x00, 0x00, 0x00, 0x00
};

/* wasm duplicate omitted: animBodyPartsStr */

/* wasm duplicate omitted: kb */

/* wasm duplicate omitted: staticNULL */

/* wasm duplicate omitted: playerMaxs */

unsigned char playerMins[20] = {
    0x00, 0x00, 0x70, 0xc1, 0x00, 0x00, 0x70, 0xc1, 0x00, 0x00, 0x00, 0x00, 0x00, 0x00, 0x00, 0x00,
    0x00, 0x00, 0x00, 0x00
};

/* wasm duplicate omitted: endOffset */

unsigned char startOffset[28] = {
    0x02, 0x00, 0x00, 0x00, 0x00, 0x00, 0x00, 0x00, 0x00, 0x00, 0x00, 0x00, 0x00, 0x00, 0x00, 0x00,
    0x00, 0x00, 0x00, 0x00, 0x00, 0x00, 0x00, 0x00, 0x00, 0x00, 0x00, 0x00
};

/* WASM fix: the generator only emits a single alias for the ASM blob and
 * cannot translate the .long <symbol> relocations in data.S, so this
 * table was left as a zero-filled placeholder (see src/blobs/data.S
 * "functions:"). Rebuilt here with the real (string, function, type)
 * triples so builtin script function calls resolve correctly. */
extern void GScr_AddTestClient(void);
extern void GScr_AllClientsPrint(void);
extern void GScr_AnimHasNotetrack(void);
extern void GScr_Announcement(void);
extern void GScr_BanPlayer(void);
extern void GScr_CastInt(void);
extern void GScr_ClientAnnouncement(void);
extern void GScr_ClientClaimTrigger(void);
extern void GScr_ClientPrint(void);
extern void GScr_ClientReleaseTrigger(void);
extern void GScr_CloseFile(void);
extern void GScr_DisableAimAssist(void);
extern void GScr_DisableGrenadeBounce(void);
extern void GScr_DisableGrenadeTouchDamage(void);
extern void GScr_Earthquake(void);
extern void GScr_EnableAimAssist(void);
extern void GScr_EnableGrenadeBounce(void);
extern void GScr_EnableGrenadeTouchDamage(void);
extern void GScr_EndXboxLiveLobby(void);
extern void GScr_ExitLevel(void);
extern void GScr_FGetArg(void);
extern void GScr_FPrintln(void);
extern void GScr_FReadLn(void);
extern void GScr_GetAmmoCount(void);
extern void GScr_GetAngleDelta(void);
extern void GScr_GetAnimLength(void);
extern void GScr_GetBrushModelCenter(void);
extern void GScr_GetDvar(void);
extern void GScr_GetDvarFloat(void);
extern void GScr_GetDvarInt(void);
extern void GScr_GetEntityNumber(void);
extern void GScr_GetMoveDelta(void);
extern void GScr_GetNorthYaw(void);
extern void GScr_GetNumParts(void);
extern void GScr_GetPartName(void);
extern void GScr_GetTeamPlayersAlive(void);
extern void GScr_GetTeamScore(void);
extern void GScr_GetTime(void);
extern void GScr_IsAlive(void);
extern void GScr_IsDefined(void);
extern void GScr_IsPlayer(void);
extern void GScr_IsPlayerNumber(void);
extern void GScr_IsString(void);
extern void GScr_IsValidGameType(void);
extern void GScr_KickPlayer(void);
extern void GScr_LoadMap(void);
extern void GScr_LocalToWorldCoords(void);
extern void GScr_LogPrint(void);
extern void GScr_MakeDvarServerInfo(void);
extern void GScr_MapExists(void);
extern void GScr_MapRestart(void);
extern void GScr_MatchEnd(void);
extern void GScr_NewClientHudElem(void);
extern void GScr_NewHudElem(void);
extern void GScr_NewTeamHudElem(void);
extern void GScr_Obituary(void);
extern void GScr_Objective_Team(void);
extern void GScr_OpenFile(void);
extern void GScr_PlaceSpawnPoint(void);
extern void GScr_PrecacheHeadIcon(void);
extern void GScr_PrecacheMenu(void);
extern void GScr_PrecacheStatusIcon(void);
extern void GScr_PrecacheTurret(void);
extern void GScr_RadiusDamage(void);
extern void GScr_ReleaseClaimedTrigger(void);
extern void GScr_SendXboxLiveRanks(void);
extern void GScr_SetArchive(void);
extern void GScr_SetBottomArc(void);
extern void GScr_SetClientNameMode(void);
extern void GScr_SetCursorHint(void);
extern void GScr_SetDvar(void);
extern void GScr_SetHintString(void);
extern void GScr_SetLeftArc(void);
extern void GScr_SetPlayerIgnoreRadiusDamage(void);
extern void GScr_SetPlayerTeamRank(void);
extern void GScr_SetRightArc(void);
extern void GScr_SetTeamForTrigger(void);
extern void GScr_SetTeamScore(void);
extern void GScr_SetTopArc(void);
extern void GScr_SetVoteNoCount(void);
extern void GScr_SetVoteString(void);
extern void GScr_SetVoteTime(void);
extern void GScr_SetVoteYesCount(void);
extern void GScr_SetWinningPlayer(void);
extern void GScr_SetWinningTeam(void);
extern void GScr_ShellShock(void);
extern void GScr_Spawn(void);
extern void GScr_SpawnTurret(void);
extern void GScr_StopShellShock(void);
extern void GScr_UpdateClientNames(void);
extern void GScr_UpdateScores(void);
extern void GScr_ViewKick(void);
extern void GScr_WorldEntNumber(void);
extern void GScr_acos(void);
extern void GScr_asin(void);
extern void GScr_atan(void);
extern void GScr_cos(void);
extern void GScr_getStartTime(void);
extern void GScr_line(void);
extern void GScr_positionWouldTelefrag(void);
extern void GScr_print3d(void);
extern void GScr_sin(void);
extern void GScr_tan(void);
extern void ScrCmd_Delete(void);
extern void ScrCmd_EnableLinkTo(void);
extern void ScrCmd_GetAttachIgnoreCollision(void);
extern void ScrCmd_GetAttachModelName(void);
extern void ScrCmd_GetAttachSize(void);
extern void ScrCmd_GetAttachTagName(void);
extern void ScrCmd_GetClanDescription(void);
extern void ScrCmd_GetClanId(void);
extern void ScrCmd_GetClanMotto(void);
extern void ScrCmd_GetClanName(void);
extern void ScrCmd_GetClanURL(void);
extern void ScrCmd_GetEye(void);
extern void ScrCmd_GetNormalHealth(void);
extern void ScrCmd_GetOrigin(void);
extern void ScrCmd_Hide(void);
extern void ScrCmd_IsTouching(void);
extern void ScrCmd_LinkTo(void);
extern void ScrCmd_PlayLoopRumble(void);
extern void ScrCmd_PlayLoopSound(void);
extern void ScrCmd_PlayRumble(void);
extern void ScrCmd_PlaySound(void);
extern void ScrCmd_PlaySoundAsMaster(void);
extern void ScrCmd_SetContents(void);
extern void ScrCmd_SetModel(void);
extern void ScrCmd_SetNormalHealth(void);
extern void ScrCmd_Show(void);
extern void ScrCmd_ShowToPlayer(void);
extern void ScrCmd_SoundExists(void);
extern void ScrCmd_StopLoopSound(void);
extern void ScrCmd_StopRumble(void);
extern void ScrCmd_Unlink(void);
extern void ScrCmd_UseBy(void);
extern void ScrCmd_attach(void);
extern void ScrCmd_detach(void);
extern void ScrCmd_detachAll(void);
extern void Scr_AddStruct(void);
extern void Scr_AmbientPlay(void);
extern void Scr_AmbientStop(void);
extern void Scr_AnglesToForward(void);
extern void Scr_AnglesToRight(void);
extern void Scr_AnglesToUp(void);
extern void Scr_BulletTrace(void);
extern void Scr_BulletTracePassed(void);
extern void Scr_Closer(void);
extern void Scr_Distance(void);
extern void Scr_DistanceSquared(void);
extern void Scr_GetEnt(void);
extern void Scr_GetEntArray(void);
extern void Scr_GetEntByNum(void);
extern void Scr_GetSubStr(void);
extern void Scr_GetWeaponModel(void);
extern void Scr_GrenadeExplosionEffect(void);
extern void Scr_IsSplitscreen(void);
extern void Scr_IsSubStr(void);
extern void Scr_Length(void);
extern void Scr_LengthSquared(void);
extern void Scr_LoadFX(void);
extern void Scr_MusicPlay(void);
extern void Scr_MusicStop(void);
extern void Scr_Objective_Add(void);
extern void Scr_Objective_Current(void);
extern void Scr_Objective_Delete(void);
extern void Scr_Objective_Icon(void);
extern void Scr_Objective_OnEntity(void);
extern void Scr_Objective_Position(void);
extern void Scr_Objective_State(void);
extern void Scr_PhysicsTrace(void);
extern void Scr_PlayFX(void);
extern void Scr_PlayFXOnTag(void);
extern void Scr_PlayLoopRumbleOnPos(void);
extern void Scr_PlayLoopedFX(void);
extern void Scr_PlayRumbleOnPos(void);
extern void Scr_PrecacheItem(void);
extern void Scr_PrecacheModel(void);
extern void Scr_PrecacheRumble(void);
extern void Scr_PrecacheShader(void);
extern void Scr_PrecacheShellShock(void);
extern void Scr_PrecacheString(void);
extern void Scr_RandomFloat(void);
extern void Scr_RandomFloatRange(void);
extern void Scr_RandomInt(void);
extern void Scr_RandomIntRange(void);
extern void Scr_ResetTimeout(void);
extern void Scr_SetExponentialFog(void);
extern void Scr_SetLinearFog(void);
extern void Scr_SetStableMissile(void);
extern void Scr_SightTracePassed(void);
extern void Scr_SoundFade(void);
extern void Scr_StopAllRumbles(void);
extern void Scr_StrTok(void);
extern void Scr_ToLower(void);
extern void Scr_VectorDot(void);
extern void Scr_VectorNormalize(void);
extern void Scr_VectorToAngles(void);
extern void assertCmd(void);
extern void assertexCmd(void);
extern void assertmsgCmd(void);
extern void iprintln(void);
extern void iprintlnbold(void);
extern void print(void);
extern void println(void);
const BuiltinFunctionDef functions[145] = {
    { str_002a9590, (BuiltinFunction)print, 1 },
    { str_002b071c, (BuiltinFunction)println, 1 },
    { str_002b0724, (BuiltinFunction)iprintln, 0 },
    { str_002b0730, (BuiltinFunction)iprintlnbold, 0 },
    { str_002b0740, (BuiltinFunction)GScr_print3d, 1 },
    { str_00219df4, (BuiltinFunction)GScr_line, 1 },
    { str_002b0748, (BuiltinFunction)Scr_GetEnt, 0 },
    { str_002b0750, (BuiltinFunction)Scr_GetEntArray, 0 },
    { str_002b075c, (BuiltinFunction)GScr_Spawn, 0 },
    { str_002b0764, (BuiltinFunction)GScr_SpawnTurret, 0 },
    { str_002b0770, (BuiltinFunction)GScr_PrecacheTurret, 0 },
    { str_002b0780, (BuiltinFunction)Scr_AddStruct, 0 },
    { str_002b078c, (BuiltinFunction)assertCmd, 1 },
    { str_002b0794, (BuiltinFunction)assertexCmd, 1 },
    { str_002b07a0, (BuiltinFunction)assertmsgCmd, 1 },
    { str_002b07ac, (BuiltinFunction)GScr_IsDefined, 0 },
    { str_002b07b8, (BuiltinFunction)GScr_IsString, 0 },
    { str_002b07c4, (BuiltinFunction)GScr_IsAlive, 0 },
    { str_002b07cc, (BuiltinFunction)GScr_GetDvar, 0 },
    { str_002b07d4, (BuiltinFunction)GScr_GetDvarInt, 0 },
    { str_002b07e0, (BuiltinFunction)GScr_GetDvarFloat, 0 },
    { str_002b07f0, (BuiltinFunction)GScr_SetDvar, 0 },
    { str_002b07f8, (BuiltinFunction)GScr_GetTime, 0 },
    { str_002b0800, (BuiltinFunction)Scr_GetEntByNum, 1 },
    { str_002b080c, (BuiltinFunction)Scr_GetWeaponModel, 0 },
    { str_002b081c, (BuiltinFunction)GScr_GetAnimLength, 0 },
    { str_002b082c, (BuiltinFunction)GScr_AnimHasNotetrack, 0 },
    { str_002b0840, (BuiltinFunction)GScr_GetBrushModelCenter, 0 },
    { str_002b0854, (BuiltinFunction)Scr_Objective_Add, 0 },
    { str_002b0864, (BuiltinFunction)Scr_Objective_Delete, 0 },
    { str_002b0878, (BuiltinFunction)Scr_Objective_State, 0 },
    { str_002b0888, (BuiltinFunction)Scr_Objective_Icon, 0 },
    { str_002b0898, (BuiltinFunction)Scr_Objective_Position, 0 },
    { str_002b08ac, (BuiltinFunction)Scr_Objective_OnEntity, 0 },
    { str_002b08c0, (BuiltinFunction)Scr_Objective_Current, 0 },
    { str_002b08d4, (BuiltinFunction)Scr_BulletTrace, 0 },
    { str_002b08e0, (BuiltinFunction)Scr_BulletTracePassed, 0 },
    { str_002b08f4, (BuiltinFunction)Scr_SightTracePassed, 0 },
    { str_002b0908, (BuiltinFunction)Scr_PhysicsTrace, 0 },
    { str_002b0918, (BuiltinFunction)GScr_GetMoveDelta, 0 },
    { str_002b0928, (BuiltinFunction)GScr_GetAngleDelta, 0 },
    { str_002b0938, (BuiltinFunction)GScr_GetNorthYaw, 0 },
    { str_002b0944, (BuiltinFunction)Scr_RandomInt, 0 },
    { str_002b0950, (BuiltinFunction)Scr_RandomFloat, 0 },
    { str_002b095c, (BuiltinFunction)Scr_RandomIntRange, 0 },
    { str_002b096c, (BuiltinFunction)Scr_RandomFloatRange, 0 },
    { str_002b0980, (BuiltinFunction)GScr_sin, 0 },
    { str_002b0984, (BuiltinFunction)GScr_cos, 0 },
    { str_002b0988, (BuiltinFunction)GScr_tan, 0 },
    { str_002b098c, (BuiltinFunction)GScr_asin, 0 },
    { str_002b0994, (BuiltinFunction)GScr_acos, 0 },
    { str_002b099c, (BuiltinFunction)GScr_atan, 0 },
    { str_0021d27c, (BuiltinFunction)GScr_CastInt, 0 },
    { str_002b09a4, (BuiltinFunction)Scr_Distance, 0 },
    { str_002b09b0, (BuiltinFunction)Scr_DistanceSquared, 0 },
    { str_0021a790, (BuiltinFunction)Scr_Length, 0 },
    { str_002b09c0, (BuiltinFunction)Scr_LengthSquared, 0 },
    { str_002b09d0, (BuiltinFunction)Scr_Closer, 0 },
    { str_002b09d8, (BuiltinFunction)Scr_VectorDot, 0 },
    { str_002b09e4, (BuiltinFunction)Scr_VectorNormalize, 0 },
    { str_002b09f4, (BuiltinFunction)Scr_VectorToAngles, 0 },
    { str_002b0a04, (BuiltinFunction)Scr_AnglesToUp, 0 },
    { str_002b0a10, (BuiltinFunction)Scr_AnglesToRight, 0 },
    { str_002b0a20, (BuiltinFunction)Scr_AnglesToForward, 0 },
    { str_002b0a30, (BuiltinFunction)Scr_IsSubStr, 0 },
    { str_002b0a3c, (BuiltinFunction)Scr_GetSubStr, 0 },
    { str_002b0a48, (BuiltinFunction)Scr_ToLower, 0 },
    { str_002b0a50, (BuiltinFunction)Scr_StrTok, 0 },
    { str_002b0a58, (BuiltinFunction)Scr_MusicPlay, 0 },
    { str_002b0a64, (BuiltinFunction)Scr_MusicStop, 0 },
    { str_002b0a70, (BuiltinFunction)Scr_SoundFade, 0 },
    { str_002b0a7c, (BuiltinFunction)Scr_AmbientPlay, 0 },
    { str_002b0a88, (BuiltinFunction)Scr_AmbientStop, 0 },
    { str_002b0a94, (BuiltinFunction)Scr_PrecacheModel, 0 },
    { str_002b0aa4, (BuiltinFunction)Scr_PrecacheShellShock, 0 },
    { str_002b0ab8, (BuiltinFunction)Scr_PrecacheItem, 0 },
    { str_002b0ac8, (BuiltinFunction)Scr_PrecacheShader, 0 },
    { str_002b0ad8, (BuiltinFunction)Scr_PrecacheString, 0 },
    { str_002b0ae8, (BuiltinFunction)Scr_PrecacheRumble, 0 },
    { str_002b0af8, (BuiltinFunction)Scr_LoadFX, 0 },
    { str_0021a4ec, (BuiltinFunction)Scr_PlayFX, 0 },
    { str_002b0b00, (BuiltinFunction)Scr_PlayFXOnTag, 0 },
    { str_002b0b0c, (BuiltinFunction)Scr_PlayLoopedFX, 0 },
    { str_002b0b1c, (BuiltinFunction)Scr_SetLinearFog, 0 },
    { str_002b0b28, (BuiltinFunction)Scr_SetExponentialFog, 0 },
    { str_002b0b34, (BuiltinFunction)Scr_GrenadeExplosionEffect, 0 },
    { str_002b0b4c, (BuiltinFunction)GScr_RadiusDamage, 0 },
    { str_002b0b5c, (BuiltinFunction)GScr_SetPlayerIgnoreRadiusDamage, 0 },
    { str_002b0b78, (BuiltinFunction)GScr_GetNumParts, 0 },
    { str_002b0b84, (BuiltinFunction)GScr_GetPartName, 0 },
    { str_002b0b90, (BuiltinFunction)GScr_Earthquake, 0 },
    { str_002b0b9c, (BuiltinFunction)GScr_NewHudElem, 0 },
    { str_002b0ba8, (BuiltinFunction)GScr_NewClientHudElem, 0 },
    { str_002b0bbc, (BuiltinFunction)GScr_NewTeamHudElem, 0 },
    { str_002b0bcc, (BuiltinFunction)Scr_ResetTimeout, 0 },
    { str_002b0bdc, (BuiltinFunction)GScr_IsPlayer, 0 },
    { str_002b0be8, (BuiltinFunction)GScr_IsPlayerNumber, 0 },
    { str_002b0bf8, (BuiltinFunction)GScr_SetWinningPlayer, 0 },
    { str_002b0c0c, (BuiltinFunction)GScr_SetWinningTeam, 0 },
    { str_002b0c1c, (BuiltinFunction)GScr_Announcement, 0 },
    { str_002b0c2c, (BuiltinFunction)GScr_ClientAnnouncement, 0 },
    { str_002b0c40, (BuiltinFunction)GScr_GetTeamScore, 0 },
    { str_002b0c50, (BuiltinFunction)GScr_SetTeamScore, 0 },
    { str_002b0c60, (BuiltinFunction)GScr_SetClientNameMode, 0 },
    { str_002b0c74, (BuiltinFunction)GScr_UpdateClientNames, 0 },
    { str_002b0c88, (BuiltinFunction)GScr_GetTeamPlayersAlive, 0 },
    { str_002b0c9c, (BuiltinFunction)GScr_Objective_Team, 0 },
    { str_002b0cac, (BuiltinFunction)GScr_LogPrint, 0 },
    { str_002b0cb8, (BuiltinFunction)GScr_WorldEntNumber, 0 },
    { str_002b0cc8, (BuiltinFunction)GScr_Obituary, 0 },
    { str_002b0cd4, (BuiltinFunction)GScr_positionWouldTelefrag, 0 },
    { str_002b0cec, (BuiltinFunction)GScr_getStartTime, 0 },
    { str_002b0cfc, (BuiltinFunction)GScr_PrecacheMenu, 0 },
    { str_002b0d0c, (BuiltinFunction)GScr_PrecacheStatusIcon, 0 },
    { str_002b0d20, (BuiltinFunction)GScr_PrecacheHeadIcon, 0 },
    { str_002a74bc, (BuiltinFunction)GScr_MapRestart, 0 },
    { str_002b0d34, (BuiltinFunction)GScr_ExitLevel, 0 },
    { str_002b0d40, (BuiltinFunction)GScr_AddTestClient, 0 },
    { str_002b0d50, (BuiltinFunction)GScr_MakeDvarServerInfo, 0 },
    { str_002b0d64, (BuiltinFunction)GScr_SetArchive, 0 },
    { str_002b0d70, (BuiltinFunction)GScr_AllClientsPrint, 0 },
    { str_002b0d80, (BuiltinFunction)GScr_ClientPrint, 0 },
    { str_002b0d8c, (BuiltinFunction)GScr_MapExists, 0 },
    { str_002b0d98, (BuiltinFunction)GScr_IsValidGameType, 0 },
    { str_002b0da8, (BuiltinFunction)GScr_MatchEnd, 0 },
    { str_002b0db4, (BuiltinFunction)GScr_SetPlayerTeamRank, 0 },
    { str_002b0dc8, (BuiltinFunction)GScr_SendXboxLiveRanks, 0 },
    { str_002b0dd4, (BuiltinFunction)GScr_SetVoteString, 0 },
    { str_002b0de4, (BuiltinFunction)GScr_SetVoteTime, 0 },
    { str_002b0df0, (BuiltinFunction)GScr_SetVoteYesCount, 0 },
    { str_002b0e00, (BuiltinFunction)GScr_SetVoteNoCount, 0 },
    { str_002b0e10, (BuiltinFunction)GScr_OpenFile, 0 },
    { str_002b0e1c, (BuiltinFunction)GScr_CloseFile, 0 },
    { str_002b0e28, (BuiltinFunction)GScr_FPrintln, 0 },
    { str_002b0e34, (BuiltinFunction)GScr_FReadLn, 0 },
    { str_002b0e3c, (BuiltinFunction)GScr_FGetArg, 0 },
    { str_002ac790, (BuiltinFunction)GScr_KickPlayer, 0 },
    { str_002b0e44, (BuiltinFunction)GScr_BanPlayer, 0 },
    { str_002ac808, (BuiltinFunction)GScr_LoadMap, 0 },
    { str_002b0e48, (BuiltinFunction)Scr_PlayRumbleOnPos, 0 },
    { str_002b0e58, (BuiltinFunction)Scr_PlayLoopRumbleOnPos, 0 },
    { str_002b0e6c, (BuiltinFunction)Scr_StopAllRumbles, 0 },
    { str_002b0e7c, (BuiltinFunction)ScrCmd_SoundExists, 0 },
    { str_002b0e88, (BuiltinFunction)Scr_IsSplitscreen, 0 },
    { "endparty", (BuiltinFunction)GScr_EndXboxLiveLobby, 0 },
};

/* WASM fix: same issue as "functions" above for src/blobs/data.S
 * "methods:"/"methods_003138c0:" (the extern used by Scr_GetMethod is
 * "methods", which the generator dropped entirely, leaving it
 * unresolved / NULL and crashing on first builtin method call). */
const BuiltinMethodDef methods[59] = {
    { str_002b0e98, (BuiltinMethod)ScrCmd_attach, 0 },
    { str_002b0ea0, (BuiltinMethod)ScrCmd_detach, 0 },
    { str_002b0ea8, (BuiltinMethod)ScrCmd_detachAll, 0 },
    { str_002b0eb4, (BuiltinMethod)ScrCmd_GetAttachSize, 0 },
    { str_002b0ec4, (BuiltinMethod)ScrCmd_GetAttachModelName, 0 },
    { str_002b0ed8, (BuiltinMethod)ScrCmd_GetAttachTagName, 0 },
    { str_002b0eec, (BuiltinMethod)ScrCmd_GetAttachIgnoreCollision, 0 },
    { str_002b0f08, (BuiltinMethod)GScr_GetAmmoCount, 0 },
    { str_002b0f18, (BuiltinMethod)ScrCmd_GetClanId, 0 },
    { str_002b0f24, (BuiltinMethod)ScrCmd_GetClanName, 0 },
    { str_002b0f30, (BuiltinMethod)ScrCmd_GetClanDescription, 0 },
    { str_002b0f44, (BuiltinMethod)ScrCmd_GetClanMotto, 0 },
    { str_002b0f54, (BuiltinMethod)ScrCmd_GetClanURL, 0 },
    { str_002b0f60, (BuiltinMethod)ScrCmd_LinkTo, 0 },
    { str_002b0f68, (BuiltinMethod)ScrCmd_Unlink, 0 },
    { str_002b0f70, (BuiltinMethod)ScrCmd_EnableLinkTo, 0 },
    { str_002b0f80, (BuiltinMethod)ScrCmd_GetOrigin, 0 },
    { str_002b0f8c, (BuiltinMethod)ScrCmd_GetEye, 0 },
    { str_002b0f94, (BuiltinMethod)ScrCmd_UseBy, 0 },
    { str_002b0f9c, (BuiltinMethod)Scr_SetStableMissile, 0 },
    { str_002b0fb0, (BuiltinMethod)ScrCmd_IsTouching, 0 },
    { str_002b0fbc, (BuiltinMethod)ScrCmd_PlaySound, 0 },
    { str_002b0fc8, (BuiltinMethod)ScrCmd_PlaySoundAsMaster, 0 },
    { str_002b0fdc, (BuiltinMethod)ScrCmd_PlayLoopSound, 0 },
    { str_002b0fec, (BuiltinMethod)ScrCmd_StopLoopSound, 0 },
    { str_002b0ffc, (BuiltinMethod)ScrCmd_PlayRumble, 0 },
    { str_002b1008, (BuiltinMethod)ScrCmd_PlayLoopRumble, 0 },
    { str_002b1018, (BuiltinMethod)ScrCmd_StopRumble, 0 },
    { str_002b1024, (BuiltinMethod)ScrCmd_Delete, 0 },
    { str_002b102c, (BuiltinMethod)ScrCmd_SetModel, 0 },
    { str_002b1038, (BuiltinMethod)ScrCmd_GetNormalHealth, 0 },
    { str_002b1048, (BuiltinMethod)ScrCmd_SetNormalHealth, 0 },
    { str_002abdd4, (BuiltinMethod)ScrCmd_Show, 0 },
    { str_002abddc, (BuiltinMethod)ScrCmd_Hide, 0 },
    { str_002b1058, (BuiltinMethod)ScrCmd_ShowToPlayer, 0 },
    { str_002b1068, (BuiltinMethod)ScrCmd_SetContents, 0 },
    { str_002b1074, (BuiltinMethod)GScr_SetCursorHint, 0 },
    { str_002b1084, (BuiltinMethod)GScr_SetHintString, 0 },
    { str_002182a8, (BuiltinMethod)GScr_ShellShock, 0 },
    { str_002b1094, (BuiltinMethod)GScr_StopShellShock, 0 },
    { str_002b10a4, (BuiltinMethod)GScr_ViewKick, 0 },
    { str_002b10b0, (BuiltinMethod)GScr_LocalToWorldCoords, 0 },
    { str_002b10c4, (BuiltinMethod)GScr_SetRightArc, 0 },
    { str_002b10d0, (BuiltinMethod)GScr_SetLeftArc, 0 },
    { str_002b10dc, (BuiltinMethod)GScr_SetTopArc, 0 },
    { str_002b10e8, (BuiltinMethod)GScr_SetBottomArc, 0 },
    { str_002b10f8, (BuiltinMethod)GScr_GetEntityNumber, 0 },
    { str_002b1108, (BuiltinMethod)GScr_EnableGrenadeTouchDamage, 0 },
    { str_002b1124, (BuiltinMethod)GScr_DisableGrenadeTouchDamage, 0 },
    { str_002b1140, (BuiltinMethod)GScr_EnableGrenadeBounce, 0 },
    { str_002b1154, (BuiltinMethod)GScr_DisableGrenadeBounce, 0 },
    { str_002b116c, (BuiltinMethod)GScr_EnableAimAssist, 0 },
    { str_002b117c, (BuiltinMethod)GScr_DisableAimAssist, 0 },
    { str_002b1190, (BuiltinMethod)GScr_PlaceSpawnPoint, 0 },
    { str_002b11a0, (BuiltinMethod)GScr_UpdateScores, 0 },
    { str_002b11b0, (BuiltinMethod)GScr_SetTeamForTrigger, 0 },
    { str_002b11c4, (BuiltinMethod)GScr_ClientClaimTrigger, 0 },
    { str_002b11d8, (BuiltinMethod)GScr_ClientReleaseTrigger, 0 },
    { str_002b11f0, (BuiltinMethod)GScr_ReleaseClaimedTrigger, 0 },
};

/* wasm duplicate omitted: spawns */

unsigned char range_00313c60[32] = {
    0x00, 0x00, 0x20, 0x42, 0x00, 0x00, 0x20, 0x42, 0x00, 0x00, 0x50, 0x42, 0x00, 0x00, 0x00, 0x00,
    0x00, 0x00, 0x00, 0x00, 0x00, 0x00, 0x00, 0x00, 0x00, 0x00, 0x00, 0x00, 0x00, 0x00, 0x00, 0x00
};

unsigned char gc_orders[32] = {
     0x00, 0x00, 0x00, 0x00,  0x00, 0x00, 0x00, 0x00,  0x00, 0x00, 0x00, 0x00,  0x00, 0x00, 0x00, 0x00,
     0x00, 0x00, 0x00, 0x00,  0x00, 0x00, 0x00, 0x00,  0x00, 0x00, 0x00, 0x00, 0x00, 0x00, 0x00, 0x00
};

/* wasm duplicate omitted: itemParseKeywords */

/* wasm duplicate omitted: menuParseKeywords */

/* wasm duplicate omitted: entityHandlers */

/* wasm duplicate omitted: g_he_vertalign */

/* wasm duplicate omitted: g_he_horzalign */

/* wasm duplicate omitted: g_he_aligny */

/* wasm duplicate omitted: g_he_alignx */

unsigned char g_he_font[40] = {
     0x00, 0x00, 0x00, 0x00,  0x00, 0x00, 0x00, 0x00,  0x00, 0x00, 0x00, 0x00, 0x00, 0x00, 0x00, 0x00,
    0x00, 0x00, 0x00, 0x00, 0x00, 0x00, 0x00, 0x00, 0x00, 0x00, 0x00, 0x00, 0x00, 0x00, 0x00, 0x00,
    0x00, 0x00, 0x00, 0x00, 0x00, 0x00, 0x00, 0x00
};

unsigned char offhandStrings[32] = {
     0x00, 0x00, 0x00, 0x00,  0x00, 0x00, 0x00, 0x00,  0x00, 0x00, 0x00, 0x00, 0x00, 0x00, 0x00, 0x00,
    0x00, 0x00, 0x00, 0x00, 0x00, 0x00, 0x00, 0x00, 0x00, 0x00, 0x00, 0x00, 0x00, 0x00, 0x00, 0x00
};

unsigned char hintStrings[32] = {
     0x00, 0x00, 0x00, 0x00,  0x00, 0x00, 0x00, 0x00,  0x00, 0x00, 0x00, 0x00,  0x00, 0x00, 0x00, 0x00,
     0x00, 0x00, 0x00, 0x00, 0x00, 0x00, 0x00, 0x00, 0x00, 0x00, 0x00, 0x00, 0x00, 0x00, 0x00, 0x00
};

/* wasm duplicate omitted: actorLocationalMaxs */

unsigned char actorLocationalMins[20] = {
    0x00, 0x00, 0x80, 0xc2, 0x00, 0x00, 0x80, 0xc2, 0x00, 0x00, 0x00, 0xc2, 0x00, 0x00, 0x00, 0x00,
    0x00, 0x00, 0x00, 0x00
};

/* wasm duplicate omitted: modNames */

/* wasm duplicate omitted: riflePriorityMap */

unsigned char bulletPriorityMap[49] = {
    0x01, 0x03, 0x03, 0x03, 0x03, 0x03, 0x03, 0x03, 0x03, 0x03, 0x03, 0x03, 0x03, 0x03, 0x03, 0x03,
    0x03, 0x03, 0x00, 0x00, 0x00, 0x00, 0x00, 0x00, 0x00, 0x00, 0x00, 0x00, 0x00, 0x00, 0x00, 0x00,
    0x00, 0x00, 0x00, 0x00, 0x00, 0x00, 0x00, 0x00, 0x00, 0x00, 0x00, 0x00, 0x00, 0x00, 0x00, 0x00,
    0x00
};

/* wasm duplicate omitted: g_HitLocNames */

unsigned char lastLeadTeam[32] = {
    0x02, 0x00, 0x00, 0x00, 0x00, 0x00, 0x00, 0x00, 0x00, 0x00, 0x00, 0x00, 0x00, 0x00, 0x00, 0x00,
    0x00, 0x00, 0x00, 0x00, 0x00, 0x00, 0x00, 0x00, 0x00, 0x00, 0x00, 0x00, 0x00, 0x00, 0x00, 0x00
};

/* wasm duplicate omitted: maxs */

unsigned char mins[20] = {
    0x00, 0x00, 0x80, 0xc0, 0x00, 0x00, 0x80, 0xc0, 0x00, 0x00, 0x80, 0xc0, 0x00, 0x00, 0x00, 0x00,
    0x00, 0x00, 0x00, 0x00
};

unsigned char svc_strings[1024] = {
     0x00, 0x00, 0x00, 0x00,  0x00, 0x00, 0x00, 0x00,  0x00, 0x00, 0x00, 0x00,  0x00, 0x00, 0x00, 0x00,
     0x00, 0x00, 0x00, 0x00,  0x00, 0x00, 0x00, 0x00,  0x00, 0x00, 0x00, 0x00,  0x00, 0x00, 0x00, 0x00,
    0x00, 0x00, 0x00, 0x00, 0x00, 0x00, 0x00, 0x00, 0x00, 0x00, 0x00, 0x00, 0x00, 0x00, 0x00, 0x00,
    0x00, 0x00, 0x00, 0x00, 0x00, 0x00, 0x00, 0x00, 0x00, 0x00, 0x00, 0x00, 0x00, 0x00, 0x00, 0x00,
    0x00, 0x00, 0x00, 0x00, 0x00, 0x00, 0x00, 0x00, 0x00, 0x00, 0x00, 0x00, 0x00, 0x00, 0x00, 0x00,
    0x00, 0x00, 0x00, 0x00, 0x00, 0x00, 0x00, 0x00, 0x00, 0x00, 0x00, 0x00, 0x00, 0x00, 0x00, 0x00,
    0x00, 0x00, 0x00, 0x00, 0x00, 0x00, 0x00, 0x00, 0x00, 0x00, 0x00, 0x00, 0x00, 0x00, 0x00, 0x00,
    0x00, 0x00, 0x00, 0x00, 0x00, 0x00, 0x00, 0x00, 0x00, 0x00, 0x00, 0x00, 0x00, 0x00, 0x00, 0x00,
    0x00, 0x00, 0x00, 0x00, 0x00, 0x00, 0x00, 0x00, 0x00, 0x00, 0x00, 0x00, 0x00, 0x00, 0x00, 0x00,
    0x00, 0x00, 0x00, 0x00, 0x00, 0x00, 0x00, 0x00, 0x00, 0x00, 0x00, 0x00, 0x00, 0x00, 0x00, 0x00,
    0x00, 0x00, 0x00, 0x00, 0x00, 0x00, 0x00, 0x00, 0x00, 0x00, 0x00, 0x00, 0x00, 0x00, 0x00, 0x00,
    0x00, 0x00, 0x00, 0x00, 0x00, 0x00, 0x00, 0x00, 0x00, 0x00, 0x00, 0x00, 0x00, 0x00, 0x00, 0x00,
    0x00, 0x00, 0x00, 0x00, 0x00, 0x00, 0x00, 0x00, 0x00, 0x00, 0x00, 0x00, 0x00, 0x00, 0x00, 0x00,
    0x00, 0x00, 0x00, 0x00, 0x00, 0x00, 0x00, 0x00, 0x00, 0x00, 0x00, 0x00, 0x00, 0x00, 0x00, 0x00,
    0x00, 0x00, 0x00, 0x00, 0x00, 0x00, 0x00, 0x00, 0x00, 0x00, 0x00, 0x00, 0x00, 0x00, 0x00, 0x00,
    0x00, 0x00, 0x00, 0x00, 0x00, 0x00, 0x00, 0x00, 0x00, 0x00, 0x00, 0x00, 0x00, 0x00, 0x00, 0x00,
    0x00, 0x00, 0x00, 0x00, 0x00, 0x00, 0x00, 0x00, 0x00, 0x00, 0x00, 0x00, 0x00, 0x00, 0x00, 0x00,
    0x00, 0x00, 0x00, 0x00, 0x00, 0x00, 0x00, 0x00, 0x00, 0x00, 0x00, 0x00, 0x00, 0x00, 0x00, 0x00,
    0x00, 0x00, 0x00, 0x00, 0x00, 0x00, 0x00, 0x00, 0x00, 0x00, 0x00, 0x00, 0x00, 0x00, 0x00, 0x00,
    0x00, 0x00, 0x00, 0x00, 0x00, 0x00, 0x00, 0x00, 0x00, 0x00, 0x00, 0x00, 0x00, 0x00, 0x00, 0x00,
    0x00, 0x00, 0x00, 0x00, 0x00, 0x00, 0x00, 0x00, 0x00, 0x00, 0x00, 0x00, 0x00, 0x00, 0x00, 0x00,
    0x00, 0x00, 0x00, 0x00, 0x00, 0x00, 0x00, 0x00, 0x00, 0x00, 0x00, 0x00, 0x00, 0x00, 0x00, 0x00,
    0x00, 0x00, 0x00, 0x00, 0x00, 0x00, 0x00, 0x00, 0x00, 0x00, 0x00, 0x00, 0x00, 0x00, 0x00, 0x00,
    0x00, 0x00, 0x00, 0x00, 0x00, 0x00, 0x00, 0x00, 0x00, 0x00, 0x00, 0x00, 0x00, 0x00, 0x00, 0x00,
    0x00, 0x00, 0x00, 0x00, 0x00, 0x00, 0x00, 0x00, 0x00, 0x00, 0x00, 0x00, 0x00, 0x00, 0x00, 0x00,
    0x00, 0x00, 0x00, 0x00, 0x00, 0x00, 0x00, 0x00, 0x00, 0x00, 0x00, 0x00, 0x00, 0x00, 0x00, 0x00,
    0x00, 0x00, 0x00, 0x00, 0x00, 0x00, 0x00, 0x00, 0x00, 0x00, 0x00, 0x00, 0x00, 0x00, 0x00, 0x00,
    0x00, 0x00, 0x00, 0x00, 0x00, 0x00, 0x00, 0x00, 0x00, 0x00, 0x00, 0x00, 0x00, 0x00, 0x00, 0x00,
    0x00, 0x00, 0x00, 0x00, 0x00, 0x00, 0x00, 0x00, 0x00, 0x00, 0x00, 0x00, 0x00, 0x00, 0x00, 0x00,
    0x00, 0x00, 0x00, 0x00, 0x00, 0x00, 0x00, 0x00, 0x00, 0x00, 0x00, 0x00, 0x00, 0x00, 0x00, 0x00,
    0x00, 0x00, 0x00, 0x00, 0x00, 0x00, 0x00, 0x00, 0x00, 0x00, 0x00, 0x00, 0x00, 0x00, 0x00, 0x00,
    0x00, 0x00, 0x00, 0x00, 0x00, 0x00, 0x00, 0x00, 0x00, 0x00, 0x00, 0x00, 0x00, 0x00, 0x00, 0x00,
    0x00, 0x00, 0x00, 0x00, 0x00, 0x00, 0x00, 0x00, 0x00, 0x00, 0x00, 0x00, 0x00, 0x00, 0x00, 0x00,
    0x00, 0x00, 0x00, 0x00, 0x00, 0x00, 0x00, 0x00, 0x00, 0x00, 0x00, 0x00, 0x00, 0x00, 0x00, 0x00,
    0x00, 0x00, 0x00, 0x00, 0x00, 0x00, 0x00, 0x00, 0x00, 0x00, 0x00, 0x00, 0x00, 0x00, 0x00, 0x00,
    0x00, 0x00, 0x00, 0x00, 0x00, 0x00, 0x00, 0x00, 0x00, 0x00, 0x00, 0x00, 0x00, 0x00, 0x00, 0x00,
    0x00, 0x00, 0x00, 0x00, 0x00, 0x00, 0x00, 0x00, 0x00, 0x00, 0x00, 0x00, 0x00, 0x00, 0x00, 0x00,
    0x00, 0x00, 0x00, 0x00, 0x00, 0x00, 0x00, 0x00, 0x00, 0x00, 0x00, 0x00, 0x00, 0x00, 0x00, 0x00,
    0x00, 0x00, 0x00, 0x00, 0x00, 0x00, 0x00, 0x00, 0x00, 0x00, 0x00, 0x00, 0x00, 0x00, 0x00, 0x00,
    0x00, 0x00, 0x00, 0x00, 0x00, 0x00, 0x00, 0x00, 0x00, 0x00, 0x00, 0x00, 0x00, 0x00, 0x00, 0x00,
    0x00, 0x00, 0x00, 0x00, 0x00, 0x00, 0x00, 0x00, 0x00, 0x00, 0x00, 0x00, 0x00, 0x00, 0x00, 0x00,
    0x00, 0x00, 0x00, 0x00, 0x00, 0x00, 0x00, 0x00, 0x00, 0x00, 0x00, 0x00, 0x00, 0x00, 0x00, 0x00,
    0x00, 0x00, 0x00, 0x00, 0x00, 0x00, 0x00, 0x00, 0x00, 0x00, 0x00, 0x00, 0x00, 0x00, 0x00, 0x00,
    0x00, 0x00, 0x00, 0x00, 0x00, 0x00, 0x00, 0x00, 0x00, 0x00, 0x00, 0x00, 0x00, 0x00, 0x00, 0x00,
    0x00, 0x00, 0x00, 0x00, 0x00, 0x00, 0x00, 0x00, 0x00, 0x00, 0x00, 0x00, 0x00, 0x00, 0x00, 0x00,
    0x00, 0x00, 0x00, 0x00, 0x00, 0x00, 0x00, 0x00, 0x00, 0x00, 0x00, 0x00, 0x00, 0x00, 0x00, 0x00,
    0x00, 0x00, 0x00, 0x00, 0x00, 0x00, 0x00, 0x00, 0x00, 0x00, 0x00, 0x00, 0x00, 0x00, 0x00, 0x00,
    0x00, 0x00, 0x00, 0x00, 0x00, 0x00, 0x00, 0x00, 0x00, 0x00, 0x00, 0x00, 0x00, 0x00, 0x00, 0x00,
    0x00, 0x00, 0x00, 0x00, 0x00, 0x00, 0x00, 0x00, 0x00, 0x00, 0x00, 0x00, 0x00, 0x00, 0x00, 0x00,
    0x00, 0x00, 0x00, 0x00, 0x00, 0x00, 0x00, 0x00, 0x00, 0x00, 0x00, 0x00, 0x00, 0x00, 0x00, 0x00,
    0x00, 0x00, 0x00, 0x00, 0x00, 0x00, 0x00, 0x00, 0x00, 0x00, 0x00, 0x00, 0x00, 0x00, 0x00, 0x00,
    0x00, 0x00, 0x00, 0x00, 0x00, 0x00, 0x00, 0x00, 0x00, 0x00, 0x00, 0x00, 0x00, 0x00, 0x00, 0x00,
    0x00, 0x00, 0x00, 0x00, 0x00, 0x00, 0x00, 0x00, 0x00, 0x00, 0x00, 0x00, 0x00, 0x00, 0x00, 0x00,
    0x00, 0x00, 0x00, 0x00, 0x00, 0x00, 0x00, 0x00, 0x00, 0x00, 0x00, 0x00, 0x00, 0x00, 0x00, 0x00,
    0x00, 0x00, 0x00, 0x00, 0x00, 0x00, 0x00, 0x00, 0x00, 0x00, 0x00, 0x00, 0x00, 0x00, 0x00, 0x00,
    0x00, 0x00, 0x00, 0x00, 0x00, 0x00, 0x00, 0x00, 0x00, 0x00, 0x00, 0x00, 0x00, 0x00, 0x00, 0x00,
    0x00, 0x00, 0x00, 0x00, 0x00, 0x00, 0x00, 0x00, 0x00, 0x00, 0x00, 0x00, 0x00, 0x00, 0x00, 0x00,
    0x00, 0x00, 0x00, 0x00, 0x00, 0x00, 0x00, 0x00, 0x00, 0x00, 0x00, 0x00, 0x00, 0x00, 0x00, 0x00,
    0x00, 0x00, 0x00, 0x00, 0x00, 0x00, 0x00, 0x00, 0x00, 0x00, 0x00, 0x00, 0x00, 0x00, 0x00, 0x00,
    0x00, 0x00, 0x00, 0x00, 0x00, 0x00, 0x00, 0x00, 0x00, 0x00, 0x00, 0x00, 0x00, 0x00, 0x00, 0x00,
    0x00, 0x00, 0x00, 0x00, 0x00, 0x00, 0x00, 0x00, 0x00, 0x00, 0x00, 0x00, 0x00, 0x00, 0x00, 0x00,
    0x00, 0x00, 0x00, 0x00, 0x00, 0x00, 0x00, 0x00, 0x00, 0x00, 0x00, 0x00, 0x00, 0x00, 0x00, 0x00,
    0x00, 0x00, 0x00, 0x00, 0x00, 0x00, 0x00, 0x00, 0x00, 0x00, 0x00, 0x00, 0x00, 0x00, 0x00, 0x00,
    0x00, 0x00, 0x00, 0x00, 0x00, 0x00, 0x00, 0x00, 0x00, 0x00, 0x00, 0x00, 0x00, 0x00, 0x00, 0x00
};

unsigned char cg_shock_dvar_names[128] = {
     0x00, 0x00, 0x00, 0x00,  0x00, 0x00, 0x00, 0x00,  0x00, 0x00, 0x00, 0x00,  0x00, 0x00, 0x00, 0x00,
     0x00, 0x00, 0x00, 0x00,  0x00, 0x00, 0x00, 0x00,  0x00, 0x00, 0x00, 0x00,  0x00, 0x00, 0x00, 0x00,
     0x00, 0x00, 0x00, 0x00,  0x00, 0x00, 0x00, 0x00,  0x00, 0x00, 0x00, 0x00,  0x00, 0x00, 0x00, 0x00,
     0x00, 0x00, 0x00, 0x00,  0x00, 0x00, 0x00, 0x00,  0x00, 0x00, 0x00, 0x00,  0x00, 0x00, 0x00, 0x00,
     0x00, 0x00, 0x00, 0x00,  0x00, 0x00, 0x00, 0x00,  0x00, 0x00, 0x00, 0x00,  0x00, 0x00, 0x00, 0x00,
     0x00, 0x00, 0x00, 0x00,  0x00, 0x00, 0x00, 0x00,  0x00, 0x00, 0x00, 0x00,  0x00, 0x00, 0x00, 0x00,
     0x00, 0x00, 0x00, 0x00,  0x00, 0x00, 0x00, 0x00,  0x00, 0x00, 0x00, 0x00,  0x00, 0x00, 0x00, 0x00,
     0x00, 0x00, 0x00, 0x00, 0x00, 0x00, 0x00, 0x00, 0x00, 0x00, 0x00, 0x00, 0x00, 0x00, 0x00, 0x00
};

unsigned char s_barrelTags[32] = {
     0x00, 0x00, 0x00, 0x00,  0x00, 0x00, 0x00, 0x00,  0x00, 0x00, 0x00, 0x00,  0x00, 0x00, 0x00, 0x00,
    0x00, 0x00, 0x00, 0x00, 0x00, 0x00, 0x00, 0x00, 0x00, 0x00, 0x00, 0x00, 0x00, 0x00, 0x00, 0x00
};

unsigned char cg_activeLocalEntities[4] = {
     0x00, 0x00, 0x00, 0x00
};

unsigned char cg_localEntities[28] = {
     0x00, 0x00, 0x00, 0x00, 0x00, 0x00, 0x00, 0x00, 0x00, 0x00, 0x00, 0x00, 0x00, 0x00, 0x00, 0x00,
    0x00, 0x00, 0x00, 0x00, 0x00, 0x00, 0x00, 0x00, 0x00, 0x00, 0x00, 0x00
};

/* wasm duplicate omitted: accuracyDirName */

char sampleCount[8] = {0};

/* wasm duplicate omitted: g_voice_initialized */

unsigned char voice_current_scaler[20] = {
    0x00, 0x00, 0x80, 0x3f, 0x00, 0x00, 0x00, 0x00, 0x00, 0x00, 0x00, 0x00, 0x00, 0x00, 0x00, 0x00,
    0x00, 0x00, 0x00, 0x00
};

/* wasm duplicate omitted: samples_in_partial_audio_buffer */

char enc_buffer_pos[24] = {0};

/* wasm duplicate omitted: g_current_decode_bandwidth_setting */

char g_decoder[28] = {0};

/* wasm duplicate omitted: g_speex_initialized */

/* wasm duplicate omitted: g_frame_size */

/* wasm duplicate omitted: g_current_bandwidth_setting */

unsigned char g_encoder_samplerate[4] = {
     0x00, 0x00, 0x00, 0x00
};

unsigned char g_encoder_quality[16] = {
    0x01, 0x00, 0x00, 0x00, 0x00, 0x00, 0x00, 0x00, 0x00, 0x00, 0x00, 0x00, 0x00, 0x00, 0x00, 0x00
};

static char g_currently_recording[1] = {0};

static char g_recording_initialized[3] = {0};

/* wasm duplicate omitted: g_sound_channels */

/* wasm duplicate omitted: g_sound_recordVolume */

/* wasm duplicate omitted: g_sound_recordFrequency */

/* wasm duplicate omitted: inflate_mask */

unsigned char fixed_td[256] = {
    0x50, 0x05, 0x00, 0x00, 0x01, 0x00, 0x00, 0x00, 0x57, 0x05, 0x00, 0x00, 0x01, 0x01, 0x00, 0x00,
    0x53, 0x05, 0x00, 0x00, 0x11, 0x00, 0x00, 0x00, 0x5b, 0x05, 0x00, 0x00,  0x00, 0x00, 0x00, 0x00,
    0x51, 0x05, 0x00, 0x00, 0x05, 0x00, 0x00, 0x00, 0x59, 0x05, 0x00, 0x00, 0x01, 0x04, 0x00, 0x00,
    0x55, 0x05, 0x00, 0x00, 0x41, 0x00, 0x00, 0x00, 0x5d, 0x05, 0x00, 0x00,  0x00, 0x00, 0x00, 0x00,
    0x50, 0x05, 0x00, 0x00, 0x03, 0x00, 0x00, 0x00, 0x58, 0x05, 0x00, 0x00, 0x01, 0x02, 0x00, 0x00,
    0x54, 0x05, 0x00, 0x00, 0x21, 0x00, 0x00, 0x00, 0x5c, 0x05, 0x00, 0x00,  0x00, 0x00, 0x00, 0x00,
    0x52, 0x05, 0x00, 0x00, 0x09, 0x00, 0x00, 0x00, 0x5a, 0x05, 0x00, 0x00, 0x01, 0x08, 0x00, 0x00,
    0x56, 0x05, 0x00, 0x00, 0x81, 0x00, 0x00, 0x00, 0xc0, 0x05, 0x00, 0x00,  0x00, 0x00, 0x00, 0x00,
    0x50, 0x05, 0x00, 0x00, 0x02, 0x00, 0x00, 0x00, 0x57, 0x05, 0x00, 0x00, 0x81, 0x01, 0x00, 0x00,
    0x53, 0x05, 0x00, 0x00, 0x19, 0x00, 0x00, 0x00, 0x5b, 0x05, 0x00, 0x00,  0x00, 0x00, 0x00, 0x00,
    0x51, 0x05, 0x00, 0x00, 0x07, 0x00, 0x00, 0x00, 0x59, 0x05, 0x00, 0x00, 0x01, 0x06, 0x00, 0x00,
    0x55, 0x05, 0x00, 0x00, 0x61, 0x00, 0x00, 0x00, 0x5d, 0x05, 0x00, 0x00,  0x00, 0x00, 0x00, 0x00,
    0x50, 0x05, 0x00, 0x00, 0x04, 0x00, 0x00, 0x00, 0x58, 0x05, 0x00, 0x00, 0x01, 0x03, 0x00, 0x00,
    0x54, 0x05, 0x00, 0x00, 0x31, 0x00, 0x00, 0x00, 0x5c, 0x05, 0x00, 0x00,  0x00, 0x00, 0x00, 0x00,
    0x52, 0x05, 0x00, 0x00, 0x0d, 0x00, 0x00, 0x00, 0x5a, 0x05, 0x00, 0x00, 0x01, 0x0c, 0x00, 0x00,
    0x56, 0x05, 0x00, 0x00, 0xc1, 0x00, 0x00, 0x00, 0xc0, 0x05, 0x00, 0x00,  0x00, 0x00, 0x00, 0x00
};

unsigned char fixed_tl[4096] = {
    0x60, 0x07, 0x00, 0x00, 0x00, 0x01, 0x00, 0x00, 0x00, 0x08, 0x00, 0x00, 0x50, 0x00, 0x00, 0x00,
    0x00, 0x08, 0x00, 0x00, 0x10, 0x00, 0x00, 0x00, 0x54, 0x08, 0x00, 0x00, 0x73, 0x00, 0x00, 0x00,
    0x52, 0x07, 0x00, 0x00, 0x1f, 0x00, 0x00, 0x00, 0x00, 0x08, 0x00, 0x00, 0x70, 0x00, 0x00, 0x00,
    0x00, 0x08, 0x00, 0x00, 0x30, 0x00, 0x00, 0x00, 0x00, 0x09, 0x00, 0x00, 0xc0, 0x00, 0x00, 0x00,
    0x50, 0x07, 0x00, 0x00, 0x0a, 0x00, 0x00, 0x00, 0x00, 0x08, 0x00, 0x00, 0x60, 0x00, 0x00, 0x00,
    0x00, 0x08, 0x00, 0x00, 0x20, 0x00, 0x00, 0x00, 0x00, 0x09, 0x00, 0x00, 0xa0, 0x00, 0x00, 0x00,
    0x00, 0x08, 0x00, 0x00, 0x00, 0x00, 0x00, 0x00, 0x00, 0x08, 0x00, 0x00, 0x80, 0x00, 0x00, 0x00,
    0x00, 0x08, 0x00, 0x00, 0x40, 0x00, 0x00, 0x00, 0x00, 0x09, 0x00, 0x00, 0xe0, 0x00, 0x00, 0x00,
    0x50, 0x07, 0x00, 0x00, 0x06, 0x00, 0x00, 0x00, 0x00, 0x08, 0x00, 0x00, 0x58, 0x00, 0x00, 0x00,
    0x00, 0x08, 0x00, 0x00, 0x18, 0x00, 0x00, 0x00, 0x00, 0x09, 0x00, 0x00, 0x90, 0x00, 0x00, 0x00,
    0x53, 0x07, 0x00, 0x00, 0x3b, 0x00, 0x00, 0x00, 0x00, 0x08, 0x00, 0x00, 0x78, 0x00, 0x00, 0x00,
    0x00, 0x08, 0x00, 0x00, 0x38, 0x00, 0x00, 0x00, 0x00, 0x09, 0x00, 0x00, 0xd0, 0x00, 0x00, 0x00,
    0x51, 0x07, 0x00, 0x00, 0x11, 0x00, 0x00, 0x00, 0x00, 0x08, 0x00, 0x00, 0x68, 0x00, 0x00, 0x00,
    0x00, 0x08, 0x00, 0x00, 0x28, 0x00, 0x00, 0x00, 0x00, 0x09, 0x00, 0x00, 0xb0, 0x00, 0x00, 0x00,
    0x00, 0x08, 0x00, 0x00, 0x08, 0x00, 0x00, 0x00, 0x00, 0x08, 0x00, 0x00, 0x88, 0x00, 0x00, 0x00,
    0x00, 0x08, 0x00, 0x00, 0x48, 0x00, 0x00, 0x00, 0x00, 0x09, 0x00, 0x00, 0xf0, 0x00, 0x00, 0x00,
    0x50, 0x07, 0x00, 0x00, 0x04, 0x00, 0x00, 0x00, 0x00, 0x08, 0x00, 0x00, 0x54, 0x00, 0x00, 0x00,
    0x00, 0x08, 0x00, 0x00, 0x14, 0x00, 0x00, 0x00, 0x55, 0x08, 0x00, 0x00, 0xe3, 0x00, 0x00, 0x00,
    0x53, 0x07, 0x00, 0x00, 0x2b, 0x00, 0x00, 0x00, 0x00, 0x08, 0x00, 0x00, 0x74, 0x00, 0x00, 0x00,
    0x00, 0x08, 0x00, 0x00, 0x34, 0x00, 0x00, 0x00, 0x00, 0x09, 0x00, 0x00, 0xc8, 0x00, 0x00, 0x00,
    0x51, 0x07, 0x00, 0x00, 0x0d, 0x00, 0x00, 0x00, 0x00, 0x08, 0x00, 0x00, 0x64, 0x00, 0x00, 0x00,
    0x00, 0x08, 0x00, 0x00, 0x24, 0x00, 0x00, 0x00, 0x00, 0x09, 0x00, 0x00, 0xa8, 0x00, 0x00, 0x00,
    0x00, 0x08, 0x00, 0x00, 0x04, 0x00, 0x00, 0x00, 0x00, 0x08, 0x00, 0x00, 0x84, 0x00, 0x00, 0x00,
    0x00, 0x08, 0x00, 0x00, 0x44, 0x00, 0x00, 0x00, 0x00, 0x09, 0x00, 0x00, 0xe8, 0x00, 0x00, 0x00,
    0x50, 0x07, 0x00, 0x00, 0x08, 0x00, 0x00, 0x00, 0x00, 0x08, 0x00, 0x00, 0x5c, 0x00, 0x00, 0x00,
    0x00, 0x08, 0x00, 0x00, 0x1c, 0x00, 0x00, 0x00, 0x00, 0x09, 0x00, 0x00, 0x98, 0x00, 0x00, 0x00,
    0x54, 0x07, 0x00, 0x00, 0x53, 0x00, 0x00, 0x00, 0x00, 0x08, 0x00, 0x00, 0x7c, 0x00, 0x00, 0x00,
    0x00, 0x08, 0x00, 0x00, 0x3c, 0x00, 0x00, 0x00, 0x00, 0x09, 0x00, 0x00, 0xd8, 0x00, 0x00, 0x00,
    0x52, 0x07, 0x00, 0x00, 0x17, 0x00, 0x00, 0x00, 0x00, 0x08, 0x00, 0x00, 0x6c, 0x00, 0x00, 0x00,
    0x00, 0x08, 0x00, 0x00, 0x2c, 0x00, 0x00, 0x00, 0x00, 0x09, 0x00, 0x00, 0xb8, 0x00, 0x00, 0x00,
    0x00, 0x08, 0x00, 0x00, 0x0c, 0x00, 0x00, 0x00, 0x00, 0x08, 0x00, 0x00, 0x8c, 0x00, 0x00, 0x00,
    0x00, 0x08, 0x00, 0x00, 0x4c, 0x00, 0x00, 0x00, 0x00, 0x09, 0x00, 0x00, 0xf8, 0x00, 0x00, 0x00,
    0x50, 0x07, 0x00, 0x00, 0x03, 0x00, 0x00, 0x00, 0x00, 0x08, 0x00, 0x00, 0x52, 0x00, 0x00, 0x00,
    0x00, 0x08, 0x00, 0x00, 0x12, 0x00, 0x00, 0x00, 0x55, 0x08, 0x00, 0x00, 0xa3, 0x00, 0x00, 0x00,
    0x53, 0x07, 0x00, 0x00, 0x23, 0x00, 0x00, 0x00, 0x00, 0x08, 0x00, 0x00, 0x72, 0x00, 0x00, 0x00,
    0x00, 0x08, 0x00, 0x00, 0x32, 0x00, 0x00, 0x00, 0x00, 0x09, 0x00, 0x00, 0xc4, 0x00, 0x00, 0x00,
    0x51, 0x07, 0x00, 0x00, 0x0b, 0x00, 0x00, 0x00, 0x00, 0x08, 0x00, 0x00, 0x62, 0x00, 0x00, 0x00,
    0x00, 0x08, 0x00, 0x00, 0x22, 0x00, 0x00, 0x00, 0x00, 0x09, 0x00, 0x00, 0xa4, 0x00, 0x00, 0x00,
    0x00, 0x08, 0x00, 0x00, 0x02, 0x00, 0x00, 0x00, 0x00, 0x08, 0x00, 0x00, 0x82, 0x00, 0x00, 0x00,
    0x00, 0x08, 0x00, 0x00, 0x42, 0x00, 0x00, 0x00, 0x00, 0x09, 0x00, 0x00, 0xe4, 0x00, 0x00, 0x00,
    0x50, 0x07, 0x00, 0x00, 0x07, 0x00, 0x00, 0x00, 0x00, 0x08, 0x00, 0x00, 0x5a, 0x00, 0x00, 0x00,
    0x00, 0x08, 0x00, 0x00, 0x1a, 0x00, 0x00, 0x00, 0x00, 0x09, 0x00, 0x00, 0x94, 0x00, 0x00, 0x00,
    0x54, 0x07, 0x00, 0x00, 0x43, 0x00, 0x00, 0x00, 0x00, 0x08, 0x00, 0x00, 0x7a, 0x00, 0x00, 0x00,
    0x00, 0x08, 0x00, 0x00, 0x3a, 0x00, 0x00, 0x00, 0x00, 0x09, 0x00, 0x00, 0xd4, 0x00, 0x00, 0x00,
    0x52, 0x07, 0x00, 0x00, 0x13, 0x00, 0x00, 0x00, 0x00, 0x08, 0x00, 0x00, 0x6a, 0x00, 0x00, 0x00,
    0x00, 0x08, 0x00, 0x00, 0x2a, 0x00, 0x00, 0x00, 0x00, 0x09, 0x00, 0x00, 0xb4, 0x00, 0x00, 0x00,
    0x00, 0x08, 0x00, 0x00, 0x0a, 0x00, 0x00, 0x00, 0x00, 0x08, 0x00, 0x00, 0x8a, 0x00, 0x00, 0x00,
    0x00, 0x08, 0x00, 0x00, 0x4a, 0x00, 0x00, 0x00, 0x00, 0x09, 0x00, 0x00, 0xf4, 0x00, 0x00, 0x00,
    0x50, 0x07, 0x00, 0x00, 0x05, 0x00, 0x00, 0x00, 0x00, 0x08, 0x00, 0x00, 0x56, 0x00, 0x00, 0x00,
    0x00, 0x08, 0x00, 0x00, 0x16, 0x00, 0x00, 0x00, 0xc0, 0x08, 0x00, 0x00, 0x00, 0x00, 0x00, 0x00,
    0x53, 0x07, 0x00, 0x00, 0x33, 0x00, 0x00, 0x00, 0x00, 0x08, 0x00, 0x00, 0x76, 0x00, 0x00, 0x00,
    0x00, 0x08, 0x00, 0x00, 0x36, 0x00, 0x00, 0x00, 0x00, 0x09, 0x00, 0x00, 0xcc, 0x00, 0x00, 0x00,
    0x51, 0x07, 0x00, 0x00, 0x0f, 0x00, 0x00, 0x00, 0x00, 0x08, 0x00, 0x00, 0x66, 0x00, 0x00, 0x00,
    0x00, 0x08, 0x00, 0x00, 0x26, 0x00, 0x00, 0x00, 0x00, 0x09, 0x00, 0x00, 0xac, 0x00, 0x00, 0x00,
    0x00, 0x08, 0x00, 0x00, 0x06, 0x00, 0x00, 0x00, 0x00, 0x08, 0x00, 0x00, 0x86, 0x00, 0x00, 0x00,
    0x00, 0x08, 0x00, 0x00, 0x46, 0x00, 0x00, 0x00, 0x00, 0x09, 0x00, 0x00, 0xec, 0x00, 0x00, 0x00,
    0x50, 0x07, 0x00, 0x00, 0x09, 0x00, 0x00, 0x00, 0x00, 0x08, 0x00, 0x00, 0x5e, 0x00, 0x00, 0x00,
    0x00, 0x08, 0x00, 0x00, 0x1e, 0x00, 0x00, 0x00, 0x00, 0x09, 0x00, 0x00, 0x9c, 0x00, 0x00, 0x00,
    0x54, 0x07, 0x00, 0x00, 0x63, 0x00, 0x00, 0x00, 0x00, 0x08, 0x00, 0x00, 0x7e, 0x00, 0x00, 0x00,
    0x00, 0x08, 0x00, 0x00, 0x3e, 0x00, 0x00, 0x00, 0x00, 0x09, 0x00, 0x00, 0xdc, 0x00, 0x00, 0x00,
    0x52, 0x07, 0x00, 0x00, 0x1b, 0x00, 0x00, 0x00, 0x00, 0x08, 0x00, 0x00, 0x6e, 0x00, 0x00, 0x00,
    0x00, 0x08, 0x00, 0x00, 0x2e, 0x00, 0x00, 0x00, 0x00, 0x09, 0x00, 0x00, 0xbc, 0x00, 0x00, 0x00,
    0x00, 0x08, 0x00, 0x00, 0x0e, 0x00, 0x00, 0x00, 0x00, 0x08, 0x00, 0x00, 0x8e, 0x00, 0x00, 0x00,
    0x00, 0x08, 0x00, 0x00, 0x4e, 0x00, 0x00, 0x00, 0x00, 0x09, 0x00, 0x00, 0xfc, 0x00, 0x00, 0x00,
    0x60, 0x07, 0x00, 0x00, 0x00, 0x01, 0x00, 0x00, 0x00, 0x08, 0x00, 0x00, 0x51, 0x00, 0x00, 0x00,
    0x00, 0x08, 0x00, 0x00, 0x11, 0x00, 0x00, 0x00, 0x55, 0x08, 0x00, 0x00, 0x83, 0x00, 0x00, 0x00,
    0x52, 0x07, 0x00, 0x00, 0x1f, 0x00, 0x00, 0x00, 0x00, 0x08, 0x00, 0x00, 0x71, 0x00, 0x00, 0x00,
    0x00, 0x08, 0x00, 0x00, 0x31, 0x00, 0x00, 0x00, 0x00, 0x09, 0x00, 0x00, 0xc2, 0x00, 0x00, 0x00,
    0x50, 0x07, 0x00, 0x00, 0x0a, 0x00, 0x00, 0x00, 0x00, 0x08, 0x00, 0x00, 0x61, 0x00, 0x00, 0x00,
    0x00, 0x08, 0x00, 0x00, 0x21, 0x00, 0x00, 0x00, 0x00, 0x09, 0x00, 0x00, 0xa2, 0x00, 0x00, 0x00,
    0x00, 0x08, 0x00, 0x00, 0x01, 0x00, 0x00, 0x00, 0x00, 0x08, 0x00, 0x00, 0x81, 0x00, 0x00, 0x00,
    0x00, 0x08, 0x00, 0x00, 0x41, 0x00, 0x00, 0x00, 0x00, 0x09, 0x00, 0x00, 0xe2, 0x00, 0x00, 0x00,
    0x50, 0x07, 0x00, 0x00, 0x06, 0x00, 0x00, 0x00, 0x00, 0x08, 0x00, 0x00, 0x59, 0x00, 0x00, 0x00,
    0x00, 0x08, 0x00, 0x00, 0x19, 0x00, 0x00, 0x00, 0x00, 0x09, 0x00, 0x00, 0x92, 0x00, 0x00, 0x00,
    0x53, 0x07, 0x00, 0x00, 0x3b, 0x00, 0x00, 0x00, 0x00, 0x08, 0x00, 0x00, 0x79, 0x00, 0x00, 0x00,
    0x00, 0x08, 0x00, 0x00, 0x39, 0x00, 0x00, 0x00, 0x00, 0x09, 0x00, 0x00, 0xd2, 0x00, 0x00, 0x00,
    0x51, 0x07, 0x00, 0x00, 0x11, 0x00, 0x00, 0x00, 0x00, 0x08, 0x00, 0x00, 0x69, 0x00, 0x00, 0x00,
    0x00, 0x08, 0x00, 0x00, 0x29, 0x00, 0x00, 0x00, 0x00, 0x09, 0x00, 0x00, 0xb2, 0x00, 0x00, 0x00,
    0x00, 0x08, 0x00, 0x00, 0x09, 0x00, 0x00, 0x00, 0x00, 0x08, 0x00, 0x00, 0x89, 0x00, 0x00, 0x00,
    0x00, 0x08, 0x00, 0x00, 0x49, 0x00, 0x00, 0x00, 0x00, 0x09, 0x00, 0x00, 0xf2, 0x00, 0x00, 0x00,
    0x50, 0x07, 0x00, 0x00, 0x04, 0x00, 0x00, 0x00, 0x00, 0x08, 0x00, 0x00, 0x55, 0x00, 0x00, 0x00,
    0x00, 0x08, 0x00, 0x00, 0x15, 0x00, 0x00, 0x00, 0x50, 0x08, 0x00, 0x00, 0x02, 0x01, 0x00, 0x00,
    0x53, 0x07, 0x00, 0x00, 0x2b, 0x00, 0x00, 0x00, 0x00, 0x08, 0x00, 0x00, 0x75, 0x00, 0x00, 0x00,
    0x00, 0x08, 0x00, 0x00, 0x35, 0x00, 0x00, 0x00, 0x00, 0x09, 0x00, 0x00, 0xca, 0x00, 0x00, 0x00,
    0x51, 0x07, 0x00, 0x00, 0x0d, 0x00, 0x00, 0x00, 0x00, 0x08, 0x00, 0x00, 0x65, 0x00, 0x00, 0x00,
    0x00, 0x08, 0x00, 0x00, 0x25, 0x00, 0x00, 0x00, 0x00, 0x09, 0x00, 0x00, 0xaa, 0x00, 0x00, 0x00,
    0x00, 0x08, 0x00, 0x00, 0x05, 0x00, 0x00, 0x00, 0x00, 0x08, 0x00, 0x00, 0x85, 0x00, 0x00, 0x00,
    0x00, 0x08, 0x00, 0x00, 0x45, 0x00, 0x00, 0x00, 0x00, 0x09, 0x00, 0x00, 0xea, 0x00, 0x00, 0x00,
    0x50, 0x07, 0x00, 0x00, 0x08, 0x00, 0x00, 0x00, 0x00, 0x08, 0x00, 0x00, 0x5d, 0x00, 0x00, 0x00,
    0x00, 0x08, 0x00, 0x00, 0x1d, 0x00, 0x00, 0x00, 0x00, 0x09, 0x00, 0x00, 0x9a, 0x00, 0x00, 0x00,
    0x54, 0x07, 0x00, 0x00, 0x53, 0x00, 0x00, 0x00, 0x00, 0x08, 0x00, 0x00, 0x7d, 0x00, 0x00, 0x00,
    0x00, 0x08, 0x00, 0x00, 0x3d, 0x00, 0x00, 0x00, 0x00, 0x09, 0x00, 0x00, 0xda, 0x00, 0x00, 0x00,
    0x52, 0x07, 0x00, 0x00, 0x17, 0x00, 0x00, 0x00, 0x00, 0x08, 0x00, 0x00, 0x6d, 0x00, 0x00, 0x00,
    0x00, 0x08, 0x00, 0x00, 0x2d, 0x00, 0x00, 0x00, 0x00, 0x09, 0x00, 0x00, 0xba, 0x00, 0x00, 0x00,
    0x00, 0x08, 0x00, 0x00, 0x0d, 0x00, 0x00, 0x00, 0x00, 0x08, 0x00, 0x00, 0x8d, 0x00, 0x00, 0x00,
    0x00, 0x08, 0x00, 0x00, 0x4d, 0x00, 0x00, 0x00, 0x00, 0x09, 0x00, 0x00, 0xfa, 0x00, 0x00, 0x00,
    0x50, 0x07, 0x00, 0x00, 0x03, 0x00, 0x00, 0x00, 0x00, 0x08, 0x00, 0x00, 0x53, 0x00, 0x00, 0x00,
    0x00, 0x08, 0x00, 0x00, 0x13, 0x00, 0x00, 0x00, 0x55, 0x08, 0x00, 0x00, 0xc3, 0x00, 0x00, 0x00,
    0x53, 0x07, 0x00, 0x00, 0x23, 0x00, 0x00, 0x00, 0x00, 0x08, 0x00, 0x00, 0x73, 0x00, 0x00, 0x00,
    0x00, 0x08, 0x00, 0x00, 0x33, 0x00, 0x00, 0x00, 0x00, 0x09, 0x00, 0x00, 0xc6, 0x00, 0x00, 0x00,
    0x51, 0x07, 0x00, 0x00, 0x0b, 0x00, 0x00, 0x00, 0x00, 0x08, 0x00, 0x00, 0x63, 0x00, 0x00, 0x00,
    0x00, 0x08, 0x00, 0x00, 0x23, 0x00, 0x00, 0x00, 0x00, 0x09, 0x00, 0x00, 0xa6, 0x00, 0x00, 0x00,
    0x00, 0x08, 0x00, 0x00, 0x03, 0x00, 0x00, 0x00, 0x00, 0x08, 0x00, 0x00, 0x83, 0x00, 0x00, 0x00,
    0x00, 0x08, 0x00, 0x00, 0x43, 0x00, 0x00, 0x00, 0x00, 0x09, 0x00, 0x00, 0xe6, 0x00, 0x00, 0x00,
    0x50, 0x07, 0x00, 0x00, 0x07, 0x00, 0x00, 0x00, 0x00, 0x08, 0x00, 0x00, 0x5b, 0x00, 0x00, 0x00,
    0x00, 0x08, 0x00, 0x00, 0x1b, 0x00, 0x00, 0x00, 0x00, 0x09, 0x00, 0x00, 0x96, 0x00, 0x00, 0x00,
    0x54, 0x07, 0x00, 0x00, 0x43, 0x00, 0x00, 0x00, 0x00, 0x08, 0x00, 0x00, 0x7b, 0x00, 0x00, 0x00,
    0x00, 0x08, 0x00, 0x00, 0x3b, 0x00, 0x00, 0x00, 0x00, 0x09, 0x00, 0x00, 0xd6, 0x00, 0x00, 0x00,
    0x52, 0x07, 0x00, 0x00, 0x13, 0x00, 0x00, 0x00, 0x00, 0x08, 0x00, 0x00, 0x6b, 0x00, 0x00, 0x00,
    0x00, 0x08, 0x00, 0x00, 0x2b, 0x00, 0x00, 0x00, 0x00, 0x09, 0x00, 0x00, 0xb6, 0x00, 0x00, 0x00,
    0x00, 0x08, 0x00, 0x00, 0x0b, 0x00, 0x00, 0x00, 0x00, 0x08, 0x00, 0x00, 0x8b, 0x00, 0x00, 0x00,
    0x00, 0x08, 0x00, 0x00, 0x4b, 0x00, 0x00, 0x00, 0x00, 0x09, 0x00, 0x00, 0xf6, 0x00, 0x00, 0x00,
    0x50, 0x07, 0x00, 0x00, 0x05, 0x00, 0x00, 0x00, 0x00, 0x08, 0x00, 0x00, 0x57, 0x00, 0x00, 0x00,
    0x00, 0x08, 0x00, 0x00, 0x17, 0x00, 0x00, 0x00, 0xc0, 0x08, 0x00, 0x00, 0x00, 0x00, 0x00, 0x00,
    0x53, 0x07, 0x00, 0x00, 0x33, 0x00, 0x00, 0x00, 0x00, 0x08, 0x00, 0x00, 0x77, 0x00, 0x00, 0x00,
    0x00, 0x08, 0x00, 0x00, 0x37, 0x00, 0x00, 0x00, 0x00, 0x09, 0x00, 0x00, 0xce, 0x00, 0x00, 0x00,
    0x51, 0x07, 0x00, 0x00, 0x0f, 0x00, 0x00, 0x00, 0x00, 0x08, 0x00, 0x00, 0x67, 0x00, 0x00, 0x00,
    0x00, 0x08, 0x00, 0x00, 0x27, 0x00, 0x00, 0x00, 0x00, 0x09, 0x00, 0x00, 0xae, 0x00, 0x00, 0x00,
    0x00, 0x08, 0x00, 0x00, 0x07, 0x00, 0x00, 0x00, 0x00, 0x08, 0x00, 0x00, 0x87, 0x00, 0x00, 0x00,
    0x00, 0x08, 0x00, 0x00, 0x47, 0x00, 0x00, 0x00, 0x00, 0x09, 0x00, 0x00, 0xee, 0x00, 0x00, 0x00,
    0x50, 0x07, 0x00, 0x00, 0x09, 0x00, 0x00, 0x00, 0x00, 0x08, 0x00, 0x00, 0x5f, 0x00, 0x00, 0x00,
    0x00, 0x08, 0x00, 0x00, 0x1f, 0x00, 0x00, 0x00, 0x00, 0x09, 0x00, 0x00, 0x9e, 0x00, 0x00, 0x00,
    0x54, 0x07, 0x00, 0x00, 0x63, 0x00, 0x00, 0x00, 0x00, 0x08, 0x00, 0x00, 0x7f, 0x00, 0x00, 0x00,
    0x00, 0x08, 0x00, 0x00, 0x3f, 0x00, 0x00, 0x00, 0x00, 0x09, 0x00, 0x00, 0xde, 0x00, 0x00, 0x00,
    0x52, 0x07, 0x00, 0x00, 0x1b, 0x00, 0x00, 0x00, 0x00, 0x08, 0x00, 0x00, 0x6f, 0x00, 0x00, 0x00,
    0x00, 0x08, 0x00, 0x00, 0x2f, 0x00, 0x00, 0x00, 0x00, 0x09, 0x00, 0x00, 0xbe, 0x00, 0x00, 0x00,
    0x00, 0x08, 0x00, 0x00, 0x0f, 0x00, 0x00, 0x00, 0x00, 0x08, 0x00, 0x00, 0x8f, 0x00, 0x00, 0x00,
    0x00, 0x08, 0x00, 0x00, 0x4f, 0x00, 0x00, 0x00, 0x00, 0x09, 0x00, 0x00, 0xfe, 0x00, 0x00, 0x00,
    0x60, 0x07, 0x00, 0x00, 0x00, 0x01, 0x00, 0x00, 0x00, 0x08, 0x00, 0x00, 0x50, 0x00, 0x00, 0x00,
    0x00, 0x08, 0x00, 0x00, 0x10, 0x00, 0x00, 0x00, 0x54, 0x08, 0x00, 0x00, 0x73, 0x00, 0x00, 0x00,
    0x52, 0x07, 0x00, 0x00, 0x1f, 0x00, 0x00, 0x00, 0x00, 0x08, 0x00, 0x00, 0x70, 0x00, 0x00, 0x00,
    0x00, 0x08, 0x00, 0x00, 0x30, 0x00, 0x00, 0x00, 0x00, 0x09, 0x00, 0x00, 0xc1, 0x00, 0x00, 0x00,
    0x50, 0x07, 0x00, 0x00, 0x0a, 0x00, 0x00, 0x00, 0x00, 0x08, 0x00, 0x00, 0x60, 0x00, 0x00, 0x00,
    0x00, 0x08, 0x00, 0x00, 0x20, 0x00, 0x00, 0x00, 0x00, 0x09, 0x00, 0x00, 0xa1, 0x00, 0x00, 0x00,
    0x00, 0x08, 0x00, 0x00, 0x00, 0x00, 0x00, 0x00, 0x00, 0x08, 0x00, 0x00, 0x80, 0x00, 0x00, 0x00,
    0x00, 0x08, 0x00, 0x00, 0x40, 0x00, 0x00, 0x00, 0x00, 0x09, 0x00, 0x00, 0xe1, 0x00, 0x00, 0x00,
    0x50, 0x07, 0x00, 0x00, 0x06, 0x00, 0x00, 0x00, 0x00, 0x08, 0x00, 0x00, 0x58, 0x00, 0x00, 0x00,
    0x00, 0x08, 0x00, 0x00, 0x18, 0x00, 0x00, 0x00, 0x00, 0x09, 0x00, 0x00, 0x91, 0x00, 0x00, 0x00,
    0x53, 0x07, 0x00, 0x00, 0x3b, 0x00, 0x00, 0x00, 0x00, 0x08, 0x00, 0x00, 0x78, 0x00, 0x00, 0x00,
    0x00, 0x08, 0x00, 0x00, 0x38, 0x00, 0x00, 0x00, 0x00, 0x09, 0x00, 0x00, 0xd1, 0x00, 0x00, 0x00,
    0x51, 0x07, 0x00, 0x00, 0x11, 0x00, 0x00, 0x00, 0x00, 0x08, 0x00, 0x00, 0x68, 0x00, 0x00, 0x00,
    0x00, 0x08, 0x00, 0x00, 0x28, 0x00, 0x00, 0x00, 0x00, 0x09, 0x00, 0x00, 0xb1, 0x00, 0x00, 0x00,
    0x00, 0x08, 0x00, 0x00, 0x08, 0x00, 0x00, 0x00, 0x00, 0x08, 0x00, 0x00, 0x88, 0x00, 0x00, 0x00,
    0x00, 0x08, 0x00, 0x00, 0x48, 0x00, 0x00, 0x00, 0x00, 0x09, 0x00, 0x00, 0xf1, 0x00, 0x00, 0x00,
    0x50, 0x07, 0x00, 0x00, 0x04, 0x00, 0x00, 0x00, 0x00, 0x08, 0x00, 0x00, 0x54, 0x00, 0x00, 0x00,
    0x00, 0x08, 0x00, 0x00, 0x14, 0x00, 0x00, 0x00, 0x55, 0x08, 0x00, 0x00, 0xe3, 0x00, 0x00, 0x00,
    0x53, 0x07, 0x00, 0x00, 0x2b, 0x00, 0x00, 0x00, 0x00, 0x08, 0x00, 0x00, 0x74, 0x00, 0x00, 0x00,
    0x00, 0x08, 0x00, 0x00, 0x34, 0x00, 0x00, 0x00, 0x00, 0x09, 0x00, 0x00, 0xc9, 0x00, 0x00, 0x00,
    0x51, 0x07, 0x00, 0x00, 0x0d, 0x00, 0x00, 0x00, 0x00, 0x08, 0x00, 0x00, 0x64, 0x00, 0x00, 0x00,
    0x00, 0x08, 0x00, 0x00, 0x24, 0x00, 0x00, 0x00, 0x00, 0x09, 0x00, 0x00, 0xa9, 0x00, 0x00, 0x00,
    0x00, 0x08, 0x00, 0x00, 0x04, 0x00, 0x00, 0x00, 0x00, 0x08, 0x00, 0x00, 0x84, 0x00, 0x00, 0x00,
    0x00, 0x08, 0x00, 0x00, 0x44, 0x00, 0x00, 0x00, 0x00, 0x09, 0x00, 0x00, 0xe9, 0x00, 0x00, 0x00,
    0x50, 0x07, 0x00, 0x00, 0x08, 0x00, 0x00, 0x00, 0x00, 0x08, 0x00, 0x00, 0x5c, 0x00, 0x00, 0x00,
    0x00, 0x08, 0x00, 0x00, 0x1c, 0x00, 0x00, 0x00, 0x00, 0x09, 0x00, 0x00, 0x99, 0x00, 0x00, 0x00,
    0x54, 0x07, 0x00, 0x00, 0x53, 0x00, 0x00, 0x00, 0x00, 0x08, 0x00, 0x00, 0x7c, 0x00, 0x00, 0x00,
    0x00, 0x08, 0x00, 0x00, 0x3c, 0x00, 0x00, 0x00, 0x00, 0x09, 0x00, 0x00, 0xd9, 0x00, 0x00, 0x00,
    0x52, 0x07, 0x00, 0x00, 0x17, 0x00, 0x00, 0x00, 0x00, 0x08, 0x00, 0x00, 0x6c, 0x00, 0x00, 0x00,
    0x00, 0x08, 0x00, 0x00, 0x2c, 0x00, 0x00, 0x00, 0x00, 0x09, 0x00, 0x00, 0xb9, 0x00, 0x00, 0x00,
    0x00, 0x08, 0x00, 0x00, 0x0c, 0x00, 0x00, 0x00, 0x00, 0x08, 0x00, 0x00, 0x8c, 0x00, 0x00, 0x00,
    0x00, 0x08, 0x00, 0x00, 0x4c, 0x00, 0x00, 0x00, 0x00, 0x09, 0x00, 0x00, 0xf9, 0x00, 0x00, 0x00,
    0x50, 0x07, 0x00, 0x00, 0x03, 0x00, 0x00, 0x00, 0x00, 0x08, 0x00, 0x00, 0x52, 0x00, 0x00, 0x00,
    0x00, 0x08, 0x00, 0x00, 0x12, 0x00, 0x00, 0x00, 0x55, 0x08, 0x00, 0x00, 0xa3, 0x00, 0x00, 0x00,
    0x53, 0x07, 0x00, 0x00, 0x23, 0x00, 0x00, 0x00, 0x00, 0x08, 0x00, 0x00, 0x72, 0x00, 0x00, 0x00,
    0x00, 0x08, 0x00, 0x00, 0x32, 0x00, 0x00, 0x00, 0x00, 0x09, 0x00, 0x00, 0xc5, 0x00, 0x00, 0x00,
    0x51, 0x07, 0x00, 0x00, 0x0b, 0x00, 0x00, 0x00, 0x00, 0x08, 0x00, 0x00, 0x62, 0x00, 0x00, 0x00,
    0x00, 0x08, 0x00, 0x00, 0x22, 0x00, 0x00, 0x00, 0x00, 0x09, 0x00, 0x00, 0xa5, 0x00, 0x00, 0x00,
    0x00, 0x08, 0x00, 0x00, 0x02, 0x00, 0x00, 0x00, 0x00, 0x08, 0x00, 0x00, 0x82, 0x00, 0x00, 0x00,
    0x00, 0x08, 0x00, 0x00, 0x42, 0x00, 0x00, 0x00, 0x00, 0x09, 0x00, 0x00, 0xe5, 0x00, 0x00, 0x00,
    0x50, 0x07, 0x00, 0x00, 0x07, 0x00, 0x00, 0x00, 0x00, 0x08, 0x00, 0x00, 0x5a, 0x00, 0x00, 0x00,
    0x00, 0x08, 0x00, 0x00, 0x1a, 0x00, 0x00, 0x00, 0x00, 0x09, 0x00, 0x00, 0x95, 0x00, 0x00, 0x00,
    0x54, 0x07, 0x00, 0x00, 0x43, 0x00, 0x00, 0x00, 0x00, 0x08, 0x00, 0x00, 0x7a, 0x00, 0x00, 0x00,
    0x00, 0x08, 0x00, 0x00, 0x3a, 0x00, 0x00, 0x00, 0x00, 0x09, 0x00, 0x00, 0xd5, 0x00, 0x00, 0x00,
    0x52, 0x07, 0x00, 0x00, 0x13, 0x00, 0x00, 0x00, 0x00, 0x08, 0x00, 0x00, 0x6a, 0x00, 0x00, 0x00,
    0x00, 0x08, 0x00, 0x00, 0x2a, 0x00, 0x00, 0x00, 0x00, 0x09, 0x00, 0x00, 0xb5, 0x00, 0x00, 0x00,
    0x00, 0x08, 0x00, 0x00, 0x0a, 0x00, 0x00, 0x00, 0x00, 0x08, 0x00, 0x00, 0x8a, 0x00, 0x00, 0x00,
    0x00, 0x08, 0x00, 0x00, 0x4a, 0x00, 0x00, 0x00, 0x00, 0x09, 0x00, 0x00, 0xf5, 0x00, 0x00, 0x00,
    0x50, 0x07, 0x00, 0x00, 0x05, 0x00, 0x00, 0x00, 0x00, 0x08, 0x00, 0x00, 0x56, 0x00, 0x00, 0x00,
    0x00, 0x08, 0x00, 0x00, 0x16, 0x00, 0x00, 0x00, 0xc0, 0x08, 0x00, 0x00, 0x00, 0x00, 0x00, 0x00,
    0x53, 0x07, 0x00, 0x00, 0x33, 0x00, 0x00, 0x00, 0x00, 0x08, 0x00, 0x00, 0x76, 0x00, 0x00, 0x00,
    0x00, 0x08, 0x00, 0x00, 0x36, 0x00, 0x00, 0x00, 0x00, 0x09, 0x00, 0x00, 0xcd, 0x00, 0x00, 0x00,
    0x51, 0x07, 0x00, 0x00, 0x0f, 0x00, 0x00, 0x00, 0x00, 0x08, 0x00, 0x00, 0x66, 0x00, 0x00, 0x00,
    0x00, 0x08, 0x00, 0x00, 0x26, 0x00, 0x00, 0x00, 0x00, 0x09, 0x00, 0x00, 0xad, 0x00, 0x00, 0x00,
    0x00, 0x08, 0x00, 0x00, 0x06, 0x00, 0x00, 0x00, 0x00, 0x08, 0x00, 0x00, 0x86, 0x00, 0x00, 0x00,
    0x00, 0x08, 0x00, 0x00, 0x46, 0x00, 0x00, 0x00, 0x00, 0x09, 0x00, 0x00, 0xed, 0x00, 0x00, 0x00,
    0x50, 0x07, 0x00, 0x00, 0x09, 0x00, 0x00, 0x00, 0x00, 0x08, 0x00, 0x00, 0x5e, 0x00, 0x00, 0x00,
    0x00, 0x08, 0x00, 0x00, 0x1e, 0x00, 0x00, 0x00, 0x00, 0x09, 0x00, 0x00, 0x9d, 0x00, 0x00, 0x00,
    0x54, 0x07, 0x00, 0x00, 0x63, 0x00, 0x00, 0x00, 0x00, 0x08, 0x00, 0x00, 0x7e, 0x00, 0x00, 0x00,
    0x00, 0x08, 0x00, 0x00, 0x3e, 0x00, 0x00, 0x00, 0x00, 0x09, 0x00, 0x00, 0xdd, 0x00, 0x00, 0x00,
    0x52, 0x07, 0x00, 0x00, 0x1b, 0x00, 0x00, 0x00, 0x00, 0x08, 0x00, 0x00, 0x6e, 0x00, 0x00, 0x00,
    0x00, 0x08, 0x00, 0x00, 0x2e, 0x00, 0x00, 0x00, 0x00, 0x09, 0x00, 0x00, 0xbd, 0x00, 0x00, 0x00,
    0x00, 0x08, 0x00, 0x00, 0x0e, 0x00, 0x00, 0x00, 0x00, 0x08, 0x00, 0x00, 0x8e, 0x00, 0x00, 0x00,
    0x00, 0x08, 0x00, 0x00, 0x4e, 0x00, 0x00, 0x00, 0x00, 0x09, 0x00, 0x00, 0xfd, 0x00, 0x00, 0x00,
    0x60, 0x07, 0x00, 0x00, 0x00, 0x01, 0x00, 0x00, 0x00, 0x08, 0x00, 0x00, 0x51, 0x00, 0x00, 0x00,
    0x00, 0x08, 0x00, 0x00, 0x11, 0x00, 0x00, 0x00, 0x55, 0x08, 0x00, 0x00, 0x83, 0x00, 0x00, 0x00,
    0x52, 0x07, 0x00, 0x00, 0x1f, 0x00, 0x00, 0x00, 0x00, 0x08, 0x00, 0x00, 0x71, 0x00, 0x00, 0x00,
    0x00, 0x08, 0x00, 0x00, 0x31, 0x00, 0x00, 0x00, 0x00, 0x09, 0x00, 0x00, 0xc3, 0x00, 0x00, 0x00,
    0x50, 0x07, 0x00, 0x00, 0x0a, 0x00, 0x00, 0x00, 0x00, 0x08, 0x00, 0x00, 0x61, 0x00, 0x00, 0x00,
    0x00, 0x08, 0x00, 0x00, 0x21, 0x00, 0x00, 0x00, 0x00, 0x09, 0x00, 0x00, 0xa3, 0x00, 0x00, 0x00,
    0x00, 0x08, 0x00, 0x00, 0x01, 0x00, 0x00, 0x00, 0x00, 0x08, 0x00, 0x00, 0x81, 0x00, 0x00, 0x00,
    0x00, 0x08, 0x00, 0x00, 0x41, 0x00, 0x00, 0x00, 0x00, 0x09, 0x00, 0x00, 0xe3, 0x00, 0x00, 0x00,
    0x50, 0x07, 0x00, 0x00, 0x06, 0x00, 0x00, 0x00, 0x00, 0x08, 0x00, 0x00, 0x59, 0x00, 0x00, 0x00,
    0x00, 0x08, 0x00, 0x00, 0x19, 0x00, 0x00, 0x00, 0x00, 0x09, 0x00, 0x00, 0x93, 0x00, 0x00, 0x00,
    0x53, 0x07, 0x00, 0x00, 0x3b, 0x00, 0x00, 0x00, 0x00, 0x08, 0x00, 0x00, 0x79, 0x00, 0x00, 0x00,
    0x00, 0x08, 0x00, 0x00, 0x39, 0x00, 0x00, 0x00, 0x00, 0x09, 0x00, 0x00, 0xd3, 0x00, 0x00, 0x00,
    0x51, 0x07, 0x00, 0x00, 0x11, 0x00, 0x00, 0x00, 0x00, 0x08, 0x00, 0x00, 0x69, 0x00, 0x00, 0x00,
    0x00, 0x08, 0x00, 0x00, 0x29, 0x00, 0x00, 0x00, 0x00, 0x09, 0x00, 0x00, 0xb3, 0x00, 0x00, 0x00,
    0x00, 0x08, 0x00, 0x00, 0x09, 0x00, 0x00, 0x00, 0x00, 0x08, 0x00, 0x00, 0x89, 0x00, 0x00, 0x00,
    0x00, 0x08, 0x00, 0x00, 0x49, 0x00, 0x00, 0x00, 0x00, 0x09, 0x00, 0x00, 0xf3, 0x00, 0x00, 0x00,
    0x50, 0x07, 0x00, 0x00, 0x04, 0x00, 0x00, 0x00, 0x00, 0x08, 0x00, 0x00, 0x55, 0x00, 0x00, 0x00,
    0x00, 0x08, 0x00, 0x00, 0x15, 0x00, 0x00, 0x00, 0x50, 0x08, 0x00, 0x00, 0x02, 0x01, 0x00, 0x00,
    0x53, 0x07, 0x00, 0x00, 0x2b, 0x00, 0x00, 0x00, 0x00, 0x08, 0x00, 0x00, 0x75, 0x00, 0x00, 0x00,
    0x00, 0x08, 0x00, 0x00, 0x35, 0x00, 0x00, 0x00, 0x00, 0x09, 0x00, 0x00, 0xcb, 0x00, 0x00, 0x00,
    0x51, 0x07, 0x00, 0x00, 0x0d, 0x00, 0x00, 0x00, 0x00, 0x08, 0x00, 0x00, 0x65, 0x00, 0x00, 0x00,
    0x00, 0x08, 0x00, 0x00, 0x25, 0x00, 0x00, 0x00, 0x00, 0x09, 0x00, 0x00, 0xab, 0x00, 0x00, 0x00,
    0x00, 0x08, 0x00, 0x00, 0x05, 0x00, 0x00, 0x00, 0x00, 0x08, 0x00, 0x00, 0x85, 0x00, 0x00, 0x00,
    0x00, 0x08, 0x00, 0x00, 0x45, 0x00, 0x00, 0x00, 0x00, 0x09, 0x00, 0x00, 0xeb, 0x00, 0x00, 0x00,
    0x50, 0x07, 0x00, 0x00, 0x08, 0x00, 0x00, 0x00, 0x00, 0x08, 0x00, 0x00, 0x5d, 0x00, 0x00, 0x00,
    0x00, 0x08, 0x00, 0x00, 0x1d, 0x00, 0x00, 0x00, 0x00, 0x09, 0x00, 0x00, 0x9b, 0x00, 0x00, 0x00,
    0x54, 0x07, 0x00, 0x00, 0x53, 0x00, 0x00, 0x00, 0x00, 0x08, 0x00, 0x00, 0x7d, 0x00, 0x00, 0x00,
    0x00, 0x08, 0x00, 0x00, 0x3d, 0x00, 0x00, 0x00, 0x00, 0x09, 0x00, 0x00, 0xdb, 0x00, 0x00, 0x00,
    0x52, 0x07, 0x00, 0x00, 0x17, 0x00, 0x00, 0x00, 0x00, 0x08, 0x00, 0x00, 0x6d, 0x00, 0x00, 0x00,
    0x00, 0x08, 0x00, 0x00, 0x2d, 0x00, 0x00, 0x00, 0x00, 0x09, 0x00, 0x00, 0xbb, 0x00, 0x00, 0x00,
    0x00, 0x08, 0x00, 0x00, 0x0d, 0x00, 0x00, 0x00, 0x00, 0x08, 0x00, 0x00, 0x8d, 0x00, 0x00, 0x00,
    0x00, 0x08, 0x00, 0x00, 0x4d, 0x00, 0x00, 0x00, 0x00, 0x09, 0x00, 0x00, 0xfb, 0x00, 0x00, 0x00,
    0x50, 0x07, 0x00, 0x00, 0x03, 0x00, 0x00, 0x00, 0x00, 0x08, 0x00, 0x00, 0x53, 0x00, 0x00, 0x00,
    0x00, 0x08, 0x00, 0x00, 0x13, 0x00, 0x00, 0x00, 0x55, 0x08, 0x00, 0x00, 0xc3, 0x00, 0x00, 0x00,
    0x53, 0x07, 0x00, 0x00, 0x23, 0x00, 0x00, 0x00, 0x00, 0x08, 0x00, 0x00, 0x73, 0x00, 0x00, 0x00,
    0x00, 0x08, 0x00, 0x00, 0x33, 0x00, 0x00, 0x00, 0x00, 0x09, 0x00, 0x00, 0xc7, 0x00, 0x00, 0x00,
    0x51, 0x07, 0x00, 0x00, 0x0b, 0x00, 0x00, 0x00, 0x00, 0x08, 0x00, 0x00, 0x63, 0x00, 0x00, 0x00,
    0x00, 0x08, 0x00, 0x00, 0x23, 0x00, 0x00, 0x00, 0x00, 0x09, 0x00, 0x00, 0xa7, 0x00, 0x00, 0x00,
    0x00, 0x08, 0x00, 0x00, 0x03, 0x00, 0x00, 0x00, 0x00, 0x08, 0x00, 0x00, 0x83, 0x00, 0x00, 0x00,
    0x00, 0x08, 0x00, 0x00, 0x43, 0x00, 0x00, 0x00, 0x00, 0x09, 0x00, 0x00, 0xe7, 0x00, 0x00, 0x00,
    0x50, 0x07, 0x00, 0x00, 0x07, 0x00, 0x00, 0x00, 0x00, 0x08, 0x00, 0x00, 0x5b, 0x00, 0x00, 0x00,
    0x00, 0x08, 0x00, 0x00, 0x1b, 0x00, 0x00, 0x00, 0x00, 0x09, 0x00, 0x00, 0x97, 0x00, 0x00, 0x00,
    0x54, 0x07, 0x00, 0x00, 0x43, 0x00, 0x00, 0x00, 0x00, 0x08, 0x00, 0x00, 0x7b, 0x00, 0x00, 0x00,
    0x00, 0x08, 0x00, 0x00, 0x3b, 0x00, 0x00, 0x00, 0x00, 0x09, 0x00, 0x00, 0xd7, 0x00, 0x00, 0x00,
    0x52, 0x07, 0x00, 0x00, 0x13, 0x00, 0x00, 0x00, 0x00, 0x08, 0x00, 0x00, 0x6b, 0x00, 0x00, 0x00,
    0x00, 0x08, 0x00, 0x00, 0x2b, 0x00, 0x00, 0x00, 0x00, 0x09, 0x00, 0x00, 0xb7, 0x00, 0x00, 0x00,
    0x00, 0x08, 0x00, 0x00, 0x0b, 0x00, 0x00, 0x00, 0x00, 0x08, 0x00, 0x00, 0x8b, 0x00, 0x00, 0x00,
    0x00, 0x08, 0x00, 0x00, 0x4b, 0x00, 0x00, 0x00, 0x00, 0x09, 0x00, 0x00, 0xf7, 0x00, 0x00, 0x00,
    0x50, 0x07, 0x00, 0x00, 0x05, 0x00, 0x00, 0x00, 0x00, 0x08, 0x00, 0x00, 0x57, 0x00, 0x00, 0x00,
    0x00, 0x08, 0x00, 0x00, 0x17, 0x00, 0x00, 0x00, 0xc0, 0x08, 0x00, 0x00, 0x00, 0x00, 0x00, 0x00,
    0x53, 0x07, 0x00, 0x00, 0x33, 0x00, 0x00, 0x00, 0x00, 0x08, 0x00, 0x00, 0x77, 0x00, 0x00, 0x00,
    0x00, 0x08, 0x00, 0x00, 0x37, 0x00, 0x00, 0x00, 0x00, 0x09, 0x00, 0x00, 0xcf, 0x00, 0x00, 0x00,
    0x51, 0x07, 0x00, 0x00, 0x0f, 0x00, 0x00, 0x00, 0x00, 0x08, 0x00, 0x00, 0x67, 0x00, 0x00, 0x00,
    0x00, 0x08, 0x00, 0x00, 0x27, 0x00, 0x00, 0x00, 0x00, 0x09, 0x00, 0x00, 0xaf, 0x00, 0x00, 0x00,
    0x00, 0x08, 0x00, 0x00, 0x07, 0x00, 0x00, 0x00, 0x00, 0x08, 0x00, 0x00, 0x87, 0x00, 0x00, 0x00,
    0x00, 0x08, 0x00, 0x00, 0x47, 0x00, 0x00, 0x00, 0x00, 0x09, 0x00, 0x00, 0xef, 0x00, 0x00, 0x00,
    0x50, 0x07, 0x00, 0x00, 0x09, 0x00, 0x00, 0x00, 0x00, 0x08, 0x00, 0x00, 0x5f, 0x00, 0x00, 0x00,
    0x00, 0x08, 0x00, 0x00, 0x1f, 0x00, 0x00, 0x00, 0x00, 0x09, 0x00, 0x00, 0x9f, 0x00, 0x00, 0x00,
    0x54, 0x07, 0x00, 0x00, 0x63, 0x00, 0x00, 0x00, 0x00, 0x08, 0x00, 0x00, 0x7f, 0x00, 0x00, 0x00,
    0x00, 0x08, 0x00, 0x00, 0x3f, 0x00, 0x00, 0x00, 0x00, 0x09, 0x00, 0x00, 0xdf, 0x00, 0x00, 0x00,
    0x52, 0x07, 0x00, 0x00, 0x1b, 0x00, 0x00, 0x00, 0x00, 0x08, 0x00, 0x00, 0x6f, 0x00, 0x00, 0x00,
    0x00, 0x08, 0x00, 0x00, 0x2f, 0x00, 0x00, 0x00, 0x00, 0x09, 0x00, 0x00, 0xbf, 0x00, 0x00, 0x00,
    0x00, 0x08, 0x00, 0x00, 0x0f, 0x00, 0x00, 0x00, 0x00, 0x08, 0x00, 0x00, 0x8f, 0x00, 0x00, 0x00,
    0x00, 0x08, 0x00, 0x00, 0x4f, 0x00, 0x00, 0x00, 0x00, 0x09, 0x00, 0x00, 0xff, 0x00, 0x00, 0x00
};

unsigned char fixed_bd[4] = {
    0x05, 0x00, 0x00, 0x00
};

unsigned char fixed_bl[4] = {
    0x09, 0x00, 0x00, 0x00
};

/* WebAssembly replacements for native linker aliases. */
extern unsigned char cg_globUI[1] __attribute__((alias("legacyHacks")));
