#include "common_types.h"
#include "imports.h"

extern const WaveletHuffmanDecode waveletDecodeBlue[4096];
extern const WaveletHuffmanDecode waveletDecodeRedGreen[4096];
extern const WaveletHuffmanDecode waveletDecodeAlpha[4096];

void Wavelet_DecompressLevel(byte *src, byte *dst, WaveletDecode *decode);

static unsigned int Wavelet_ReadDword(const byte *p)
{
    return (unsigned int)p[0] | ((unsigned int)p[1] << 8) | ((unsigned int)p[2] << 16) | ((unsigned int)p[3] << 24);
}

static void Wavelet_AdvanceBits(WaveletDecode *decode, int numBits)
{
    unsigned short newBit = decode->bit + numBits;
    decode->data += (newBit >> 3);
    decode->bit = newBit & 7;
}

static int Wavelet_ReadBit1(WaveletDecode *decode)
{
    unsigned short val = decode->value;
    int bit = val & 1;
    unsigned int dword;

    val >>= 1;
    dword = Wavelet_ReadDword(decode->data);
    dword >>= decode->bit;
    dword <<= 15;
    val |= (unsigned short)dword;
    decode->value = val;
    Wavelet_AdvanceBits(decode, 1);
    return bit;
}

static int Wavelet_HuffmanDecode9(WaveletDecode *decode, const WaveletHuffmanDecode *table)
{
    unsigned short val = decode->value;
    int index = val & 0xfff;
    int bits = table[index].bits;
    int result;
    unsigned int dword;

    val >>= bits;
    dword = Wavelet_ReadDword(decode->data);
    dword >>= decode->bit;
    dword <<= (16 - bits);
    val |= (unsigned short)dword;
    decode->value = val;
    Wavelet_AdvanceBits(decode, bits);

    result = table[index].value;
    if (result != (short)0x8000) {
        return result;
    }

    result = (val & 0x1ff) - 0xff;
    val >>= 9;
    dword = Wavelet_ReadDword(decode->data);
    dword >>= decode->bit;
    dword <<= 7;
    val |= (unsigned short)dword;
    decode->value = val;
    Wavelet_AdvanceBits(decode, 9);
    return result;
}

static int Wavelet_HuffmanDecode10(WaveletDecode *decode, const WaveletHuffmanDecode *table)
{
    unsigned short val = decode->value;
    int index = val & 0xfff;
    int bits = table[index].bits;
    int result;
    unsigned int dword;

    val >>= bits;
    dword = Wavelet_ReadDword(decode->data);
    dword >>= decode->bit;
    dword <<= (16 - bits);
    val |= (unsigned short)dword;
    decode->value = val;
    Wavelet_AdvanceBits(decode, bits);

    result = table[index].value;
    if (result != (short)0x8000) {
        return result;
    }

    result = (val & 0x3ff) - 0x1fe;
    val >>= 10;
    dword = Wavelet_ReadDword(decode->data);
    dword >>= decode->bit;
    dword <<= 6;
    val |= (unsigned short)dword;
    decode->value = val;
    Wavelet_AdvanceBits(decode, 10);
    return result;
}

void Wavelet_DecompressLevel(byte *src, byte *dst, WaveletDecode *decode)
{
    int w, h;
    int dstBpp, stride;
    int alpha0, alpha1;
    int dstBpp2;
    int x, y;
    int numBlocks;
    int hasAlphaRLE;

    w = decode->width >> decode->mipLevel;

    h = decode->height >> decode->mipLevel;

    if (w - 1 <= 0) {

        if (w > 0) {

        } else {
            w = 1;
        }
        goto small_case;
    }
    if (h - 1 <= 0) {
        goto small_case;
    }

    if (!decode->dataInitialized) {

        const byte *p = decode->data;
        unsigned short initVal;
        initVal = (unsigned short)p[0] | ((unsigned short)p[1] << 8);
        decode->value = initVal;
        decode->bit = 0;
        decode->data = p + 2;
        decode->dataInitialized = 1;
    }

    dstBpp = decode->bpp;

    stride = w * dstBpp;

    alpha0 = dstBpp - 1;

    dstBpp2 = dstBpp * 2;
    alpha1 = dstBpp2 - 1;

    hasAlphaRLE = Wavelet_ReadBit1(decode);

    if (hasAlphaRLE) {

        int totalPixels = w * h;

        if (totalPixels <= -1) {
            numBlocks = (totalPixels + 3) >> 2;
        } else {
            numBlocks = totalPixels >> 2;
        }

        if (decode->channels == decode->bpp) {

            int totalBytes = numBlocks * dstBpp;
            int srcIndex = 0;

            while (srcIndex < totalBytes) {
                byte prev = src[srcIndex];
                int delta = Wavelet_HuffmanDecode9(decode, waveletDecodeAlpha);
                src[srcIndex] = (byte)(prev + delta);
                srcIndex++;
            }
        } else {

            int srcIndex = 0;
            int blockIdx;

            for (blockIdx = 0; blockIdx < numBlocks; blockIdx++) {
                int runLen = decode->channels;
                int i;

                for (i = 0; i < runLen; i++) {
                    byte prev = src[srcIndex + i];
                    int delta = Wavelet_HuffmanDecode9(decode, waveletDecodeAlpha);
                    src[srcIndex + i] = (byte)(prev + delta);
                }

                src[srcIndex + i] = 0xff;

                srcIndex += i + 1;
            }
        }
    }

    for (y = 0; y < h; y += 2) {
        for (x = 0; x < w; x += 2) {
            int blue_d0, blue_d1, blue_d2;
            int rg_d0, rg_d1, rg_d2;
            int parityBlue, parityRG, parityAlpha;
            int base, a, b, c, e;
            byte *dstTR, *dstBL, *dstBR;

            if (decode->channels == 1) {
                goto check_alpha;
            }

            parityBlue = Wavelet_ReadBit1(decode);

            blue_d0 = Wavelet_HuffmanDecode9(decode, waveletDecodeBlue);
            blue_d1 = Wavelet_HuffmanDecode9(decode, waveletDecodeBlue);
            blue_d2 = Wavelet_HuffmanDecode9(decode, waveletDecodeBlue);

            base = src[0] * 2;
            a = base + blue_d0;
            b = blue_d1 + blue_d2;
            dst[0] = (byte)(((a + b) >> 1) + parityBlue);
            dst[dstBpp] = (byte)((a - b) >> 1);
            c = base - blue_d0;
            e = blue_d1 - blue_d2;
            dst[stride] = (byte)((c + e) >> 1);
            dstBR = dst + stride + dstBpp;
            dst[stride + dstBpp] = (byte)((c - e) >> 1);

            if (decode->channels <= 2) {
                goto check_alpha;
            }

            parityRG = Wavelet_ReadBit1(decode);

            rg_d0 = Wavelet_HuffmanDecode10(decode, waveletDecodeRedGreen) + blue_d0;
            rg_d1 = Wavelet_HuffmanDecode10(decode, waveletDecodeRedGreen) + blue_d1;
            rg_d2 = blue_d2 + Wavelet_HuffmanDecode10(decode, waveletDecodeRedGreen);

            base = src[1] * 2;
            a = base + rg_d0;
            b = rg_d1 + rg_d2;
            dst[1] = (byte)(((a + b) >> 1) + parityRG);
            dstTR = dst + dstBpp;
            dstTR[1] = (byte)((a - b) >> 1);
            dstBL = dst + stride;
            c = base - rg_d0;
            e = rg_d1 - rg_d2;
            dstBL[1] = (byte)((c + e) >> 1);
            dstBR = dst + stride + dstBpp;
            dstBR[1] = (byte)((c - e) >> 1);

            parityRG = Wavelet_ReadBit1(decode);

            rg_d0 = Wavelet_HuffmanDecode10(decode, waveletDecodeRedGreen) + blue_d0;
            rg_d1 = Wavelet_HuffmanDecode10(decode, waveletDecodeRedGreen) + blue_d1;
            rg_d2 = blue_d2 + Wavelet_HuffmanDecode10(decode, waveletDecodeRedGreen);

            base = src[2] * 2;
            a = base + rg_d0;
            b = rg_d1 + rg_d2;
            dst[2] = (byte)(((a + b) >> 1) + parityRG);
            dstTR[2] = (byte)((a - b) >> 1);
            c = base - rg_d0;
            e = rg_d1 - rg_d2;
            dstBL[2] = (byte)((c + e) >> 1);
            dstBR[2] = (byte)((c - e) >> 1);

        check_alpha:

            if (decode->channels == 3) {

                if (decode->bpp != 3) {

                    dst[alpha0] = 0xff;
                    dst[alpha1] = 0xff;
                    *(dst + stride + alpha0) = 0xff;
                    *(dst + stride + alpha1) = 0xff;
                }
                goto advance_ptrs;
            }

            parityAlpha = Wavelet_ReadBit1(decode);

            {
                int alpha_d0, alpha_d1, alpha_d2;

                alpha_d0 = Wavelet_HuffmanDecode9(decode, waveletDecodeAlpha);
                alpha_d1 = Wavelet_HuffmanDecode9(decode, waveletDecodeAlpha);
                alpha_d2 = Wavelet_HuffmanDecode9(decode, waveletDecodeAlpha);

                base = src[alpha0] * 2;
                a = base + alpha_d0;
                b = alpha_d1 + alpha_d2;
                dst[alpha0] = (byte)(((a + b) >> 1) + parityAlpha);
                dst[alpha1] = (byte)((a - b) >> 1);
                c = base - alpha_d0;
                e = alpha_d1 - alpha_d2;
                *(dst + stride + alpha0) = (byte)((c + e) >> 1);
                *(dst + stride + alpha1) = (byte)((c - e) >> 1);
            }

        advance_ptrs:

            src += dstBpp;
            dst += dstBpp2;
        }

        dst += stride;
    }
    return;

small_case:

    {
        int maxH;
        int totalPixels;
        int i;

        if (h > 0) {
            maxH = h;
        } else {
            maxH = 1;
        }
        totalPixels = w + maxH - 1;

        for (i = 0; i < totalPixels; i++) {
            int channels = decode->channels;
            int j;

            for (j = 0; j < channels; j++) {

                *dst = *(decode->data);
                dst++;
                decode->data++;
            }

            if (decode->bpp != channels) {

                *dst = 0xff;
                dst++;
            }
        }
    }
}

const unsigned char _rd_waveletDecodeAlpha[16384] __asm__("waveletDecodeAlpha") = {
    0x00, 0x80, 0x04, 0x00, 0x00, 0x00, 0x01, 0x00, 0x01, 0x00, 0x04, 0x00, 0x00, 0x00, 0x01, 0x00,
    0x07, 0x00, 0x07, 0x00, 0x00, 0x00, 0x01, 0x00, 0x0b, 0x00, 0x08, 0x00, 0x00, 0x00, 0x01, 0x00,
    0x0e, 0x00, 0x08, 0x00, 0x00, 0x00, 0x01, 0x00, 0xff, 0xff, 0x04, 0x00, 0x00, 0x00, 0x01, 0x00,
    0x02, 0x00, 0x05, 0x00, 0x00, 0x00, 0x01, 0x00, 0x1d, 0x00, 0x0a, 0x00, 0x00, 0x00, 0x01, 0x00,
    0x00, 0x80, 0x04, 0x00, 0x00, 0x00, 0x01, 0x00, 0x01, 0x00, 0x04, 0x00, 0x00, 0x00, 0x01, 0x00,
    0x0c, 0x00, 0x08, 0x00, 0x00, 0x00, 0x01, 0x00, 0x03, 0x00, 0x06, 0x00, 0x00, 0x00, 0x01, 0x00,
    0x04, 0x00, 0x06, 0x00, 0x00, 0x00, 0x01, 0x00, 0xff, 0xff, 0x04, 0x00, 0x00, 0x00, 0x01, 0x00,
    0xfe, 0xff, 0x05, 0x00, 0x00, 0x00, 0x01, 0x00, 0x09, 0x00, 0x08, 0x00, 0x00, 0x00, 0x01, 0x00,
    0x00, 0x80, 0x04, 0x00, 0x00, 0x00, 0x01, 0x00, 0x01, 0x00, 0x04, 0x00, 0x00, 0x00, 0x01, 0x00,
    0x25, 0x00, 0x0a, 0x00, 0x00, 0x00, 0x01, 0x00, 0x1f, 0x00, 0x0a, 0x00, 0x00, 0x00, 0x01, 0x00,
    0x17, 0x00, 0x09, 0x00, 0x00, 0x00, 0x01, 0x00, 0xff, 0xff, 0x04, 0x00, 0x00, 0x00, 0x01, 0x00,
    0x02, 0x00, 0x05, 0x00, 0x00, 0x00, 0x01, 0x00, 0x05, 0x00, 0x07, 0x00, 0x00, 0x00, 0x01, 0x00,
    0x00, 0x80, 0x04, 0x00, 0x00, 0x00, 0x01, 0x00, 0x01, 0x00, 0x04, 0x00, 0x00, 0x00, 0x01, 0x00,
    0x06, 0x00, 0x07, 0x00, 0x00, 0x00, 0x01, 0x00, 0xfd, 0xff, 0x06, 0x00, 0x00, 0x00, 0x01, 0x00,
    0xfc, 0xff, 0x06, 0x00, 0x00, 0x00, 0x01, 0x00, 0xff, 0xff, 0x04, 0x00, 0x00, 0x00, 0x01, 0x00,
    0xfe, 0xff, 0x05, 0x00, 0x00, 0x00, 0x01, 0x00, 0x29, 0x00, 0x0b, 0x00, 0x00, 0x00, 0x01, 0x00,
    0x00, 0x80, 0x04, 0x00, 0x00, 0x00, 0x01, 0x00, 0x01, 0x00, 0x04, 0x00, 0x00, 0x00, 0x01, 0x00,
    0xf9, 0xff, 0x07, 0x00, 0x00, 0x00, 0x01, 0x00, 0x13, 0x00, 0x09, 0x00, 0x00, 0x00, 0x01, 0x00,
    0x0f, 0x00, 0x08, 0x00, 0x00, 0x00, 0x01, 0x00, 0xff, 0xff, 0x04, 0x00, 0x00, 0x00, 0x01, 0x00,
    0x02, 0x00, 0x05, 0x00, 0x00, 0x00, 0x01, 0x00, 0x1c, 0x00, 0x0a, 0x00, 0x00, 0x00, 0x01, 0x00,
    0x00, 0x80, 0x04, 0x00, 0x00, 0x00, 0x01, 0x00, 0x01, 0x00, 0x04, 0x00, 0x00, 0x00, 0x01, 0x00,
    0x14, 0x00, 0x09, 0x00, 0x00, 0x00, 0x01, 0x00, 0x03, 0x00, 0x06, 0x00, 0x00, 0x00, 0x01, 0x00,
    0x04, 0x00, 0x06, 0x00, 0x00, 0x00, 0x01, 0x00, 0xff, 0xff, 0x04, 0x00, 0x00, 0x00, 0x01, 0x00,
    0xfe, 0xff, 0x05, 0x00, 0x00, 0x00, 0x01, 0x00, 0x2b, 0x00, 0x0b, 0x00, 0x00, 0x00, 0x01, 0x00,
    0x00, 0x80, 0x04, 0x00, 0x00, 0x00, 0x01, 0x00, 0x01, 0x00, 0x04, 0x00, 0x00, 0x00, 0x01, 0x00,
    0x23, 0x00, 0x0a, 0x00, 0x00, 0x00, 0x01, 0x00, 0x0a, 0x00, 0x08, 0x00, 0x00, 0x00, 0x01, 0x00,
    0x0d, 0x00, 0x08, 0x00, 0x00, 0x00, 0x01, 0x00, 0xff, 0xff, 0x04, 0x00, 0x00, 0x00, 0x01, 0x00,
    0x02, 0x00, 0x05, 0x00, 0x00, 0x00, 0x01, 0x00, 0xfb, 0xff, 0x07, 0x00, 0x00, 0x00, 0x01, 0x00,
    0x00, 0x80, 0x04, 0x00, 0x00, 0x00, 0x01, 0x00, 0x01, 0x00, 0x04, 0x00, 0x00, 0x00, 0x01, 0x00,
    0xfa, 0xff, 0x07, 0x00, 0x00, 0x00, 0x01, 0x00, 0xfd, 0xff, 0x06, 0x00, 0x00, 0x00, 0x01, 0x00,
    0xfc, 0xff, 0x06, 0x00, 0x00, 0x00, 0x01, 0x00, 0xff, 0xff, 0x04, 0x00, 0x00, 0x00, 0x01, 0x00,
    0xfe, 0xff, 0x05, 0x00, 0x00, 0x00, 0x01, 0x00, 0x08, 0x00, 0x08, 0x00, 0x00, 0x00, 0x01, 0x00,
    0x00, 0x80, 0x04, 0x00, 0x00, 0x00, 0x01, 0x00, 0x01, 0x00, 0x04, 0x00, 0x00, 0x00, 0x01, 0x00,
    0x07, 0x00, 0x07, 0x00, 0x00, 0x00, 0x01, 0x00, 0xf5, 0xff, 0x08, 0x00, 0x00, 0x00, 0x01, 0x00,
    0xf2, 0xff, 0x08, 0x00, 0x00, 0x00, 0x01, 0x00, 0xff, 0xff, 0x04, 0x00, 0x00, 0x00, 0x01, 0x00,
    0x02, 0x00, 0x05, 0x00, 0x00, 0x00, 0x01, 0x00, 0x11, 0x00, 0x09, 0x00, 0x00, 0x00, 0x01, 0x00,
    0x00, 0x80, 0x04, 0x00, 0x00, 0x00, 0x01, 0x00, 0x01, 0x00, 0x04, 0x00, 0x00, 0x00, 0x01, 0x00,
    0xf4, 0xff, 0x08, 0x00, 0x00, 0x00, 0x01, 0x00, 0x03, 0x00, 0x06, 0x00, 0x00, 0x00, 0x01, 0x00,
    0x04, 0x00, 0x06, 0x00, 0x00, 0x00, 0x01, 0x00, 0xff, 0xff, 0x04, 0x00, 0x00, 0x00, 0x01, 0x00,
    0xfe, 0xff, 0x05, 0x00, 0x00, 0x00, 0x01, 0x00, 0xf7, 0xff, 0x08, 0x00, 0x00, 0x00, 0x01, 0x00,
    0x00, 0x80, 0x04, 0x00, 0x00, 0x00, 0x01, 0x00, 0x01, 0x00, 0x04, 0x00, 0x00, 0x00, 0x01, 0x00,
    0x16, 0x00, 0x09, 0x00, 0x00, 0x00, 0x01, 0x00, 0x32, 0x00, 0x0b, 0x00, 0x00, 0x00, 0x01, 0x00,
    0x18, 0x00, 0x09, 0x00, 0x00, 0x00, 0x01, 0x00, 0xff, 0xff, 0x04, 0x00, 0x00, 0x00, 0x01, 0x00,
    0x02, 0x00, 0x05, 0x00, 0x00, 0x00, 0x01, 0x00, 0x05, 0x00, 0x07, 0x00, 0x00, 0x00, 0x01, 0x00,
    0x00, 0x80, 0x04, 0x00, 0x00, 0x00, 0x01, 0x00, 0x01, 0x00, 0x04, 0x00, 0x00, 0x00, 0x01, 0x00,
    0x06, 0x00, 0x07, 0x00, 0x00, 0x00, 0x01, 0x00, 0xfd, 0xff, 0x06, 0x00, 0x00, 0x00, 0x01, 0x00,
    0xfc, 0xff, 0x06, 0x00, 0x00, 0x00, 0x01, 0x00, 0xff, 0xff, 0x04, 0x00, 0x00, 0x00, 0x01, 0x00,
    0xfe, 0xff, 0x05, 0x00, 0x00, 0x00, 0x01, 0x00, 0x20, 0x00, 0x0a, 0x00, 0x00, 0x00, 0x01, 0x00,
    0x00, 0x80, 0x04, 0x00, 0x00, 0x00, 0x01, 0x00, 0x01, 0x00, 0x04, 0x00, 0x00, 0x00, 0x01, 0x00,
    0xf9, 0xff, 0x07, 0x00, 0x00, 0x00, 0x01, 0x00, 0x12, 0x00, 0x09, 0x00, 0x00, 0x00, 0x01, 0x00,
    0xf1, 0xff, 0x08, 0x00, 0x00, 0x00, 0x01, 0x00, 0xff, 0xff, 0x04, 0x00, 0x00, 0x00, 0x01, 0x00,
    0x02, 0x00, 0x05, 0x00, 0x00, 0x00, 0x01, 0x00, 0x30, 0x00, 0x0b, 0x00, 0x00, 0x00, 0x01, 0x00,
    0x00, 0x80, 0x04, 0x00, 0x00, 0x00, 0x01, 0x00, 0x01, 0x00, 0x04, 0x00, 0x00, 0x00, 0x01, 0x00,
    0x21, 0x00, 0x0a, 0x00, 0x00, 0x00, 0x01, 0x00, 0x03, 0x00, 0x06, 0x00, 0x00, 0x00, 0x01, 0x00,
    0x04, 0x00, 0x06, 0x00, 0x00, 0x00, 0x01, 0x00, 0xff, 0xff, 0x04, 0x00, 0x00, 0x00, 0x01, 0x00,
    0xfe, 0xff, 0x05, 0x00, 0x00, 0x00, 0x01, 0x00, 0x10, 0x00, 0x09, 0x00, 0x00, 0x00, 0x01, 0x00,
    0x00, 0x80, 0x04, 0x00, 0x00, 0x00, 0x01, 0x00, 0x01, 0x00, 0x04, 0x00, 0x00, 0x00, 0x01, 0x00,
    0x15, 0x00, 0x09, 0x00, 0x00, 0x00, 0x01, 0x00, 0xf6, 0xff, 0x08, 0x00, 0x00, 0x00, 0x01, 0x00,
    0xf3, 0xff, 0x08, 0x00, 0x00, 0x00, 0x01, 0x00, 0xff, 0xff, 0x04, 0x00, 0x00, 0x00, 0x01, 0x00,
    0x02, 0x00, 0x05, 0x00, 0x00, 0x00, 0x01, 0x00, 0xfb, 0xff, 0x07, 0x00, 0x00, 0x00, 0x01, 0x00,
    0x00, 0x80, 0x04, 0x00, 0x00, 0x00, 0x01, 0x00, 0x01, 0x00, 0x04, 0x00, 0x00, 0x00, 0x01, 0x00,
    0xfa, 0xff, 0x07, 0x00, 0x00, 0x00, 0x01, 0x00, 0xfd, 0xff, 0x06, 0x00, 0x00, 0x00, 0x01, 0x00,
    0xfc, 0xff, 0x06, 0x00, 0x00, 0x00, 0x01, 0x00, 0xff, 0xff, 0x04, 0x00, 0x00, 0x00, 0x01, 0x00,
    0xfe, 0xff, 0x05, 0x00, 0x00, 0x00, 0x01, 0x00, 0xf8, 0xff, 0x08, 0x00, 0x00, 0x00, 0x01, 0x00,
    0x00, 0x80, 0x04, 0x00, 0x00, 0x00, 0x01, 0x00, 0x01, 0x00, 0x04, 0x00, 0x00, 0x00, 0x01, 0x00,
    0x07, 0x00, 0x07, 0x00, 0x00, 0x00, 0x01, 0x00, 0x0b, 0x00, 0x08, 0x00, 0x00, 0x00, 0x01, 0x00,
    0x0e, 0x00, 0x08, 0x00, 0x00, 0x00, 0x01, 0x00, 0xff, 0xff, 0x04, 0x00, 0x00, 0x00, 0x01, 0x00,
    0x02, 0x00, 0x05, 0x00, 0x00, 0x00, 0x01, 0x00, 0x31, 0x00, 0x0b, 0x00, 0x00, 0x00, 0x01, 0x00,
    0x00, 0x80, 0x04, 0x00, 0x00, 0x00, 0x01, 0x00, 0x01, 0x00, 0x04, 0x00, 0x00, 0x00, 0x01, 0x00,
    0x0c, 0x00, 0x08, 0x00, 0x00, 0x00, 0x01, 0x00, 0x03, 0x00, 0x06, 0x00, 0x00, 0x00, 0x01, 0x00,
    0x04, 0x00, 0x06, 0x00, 0x00, 0x00, 0x01, 0x00, 0xff, 0xff, 0x04, 0x00, 0x00, 0x00, 0x01, 0x00,
    0xfe, 0xff, 0x05, 0x00, 0x00, 0x00, 0x01, 0x00, 0x09, 0x00, 0x08, 0x00, 0x00, 0x00, 0x01, 0x00,
    0x00, 0x80, 0x04, 0x00, 0x00, 0x00, 0x01, 0x00, 0x01, 0x00, 0x04, 0x00, 0x00, 0x00, 0x01, 0x00,
    0x24, 0x00, 0x0a, 0x00, 0x00, 0x00, 0x01, 0x00, 0x1e, 0x00, 0x0a, 0x00, 0x00, 0x00, 0x01, 0x00,
    0xe9, 0xff, 0x09, 0x00, 0x00, 0x00, 0x01, 0x00, 0xff, 0xff, 0x04, 0x00, 0x00, 0x00, 0x01, 0x00,
    0x02, 0x00, 0x05, 0x00, 0x00, 0x00, 0x01, 0x00, 0x05, 0x00, 0x07, 0x00, 0x00, 0x00, 0x01, 0x00,
    0x00, 0x80, 0x04, 0x00, 0x00, 0x00, 0x01, 0x00, 0x01, 0x00, 0x04, 0x00, 0x00, 0x00, 0x01, 0x00,
    0x06, 0x00, 0x07, 0x00, 0x00, 0x00, 0x01, 0x00, 0xfd, 0xff, 0x06, 0x00, 0x00, 0x00, 0x01, 0x00,
    0xfc, 0xff, 0x06, 0x00, 0x00, 0x00, 0x01, 0x00, 0xff, 0xff, 0x04, 0x00, 0x00, 0x00, 0x01, 0x00,
    0xfe, 0xff, 0x05, 0x00, 0x00, 0x00, 0x01, 0x00, 0x19, 0x00, 0x0a, 0x00, 0x00, 0x00, 0x01, 0x00,
    0x00, 0x80, 0x04, 0x00, 0x00, 0x00, 0x01, 0x00, 0x01, 0x00, 0x04, 0x00, 0x00, 0x00, 0x01, 0x00,
    0xf9, 0xff, 0x07, 0x00, 0x00, 0x00, 0x01, 0x00, 0xed, 0xff, 0x09, 0x00, 0x00, 0x00, 0x01, 0x00,
    0x0f, 0x00, 0x08, 0x00, 0x00, 0x00, 0x01, 0x00, 0xff, 0xff, 0x04, 0x00, 0x00, 0x00, 0x01, 0x00,
    0x02, 0x00, 0x05, 0x00, 0x00, 0x00, 0x01, 0x00, 0x40, 0x00, 0x0b, 0x00, 0x00, 0x00, 0x01, 0x00,
    0x00, 0x80, 0x04, 0x00, 0x00, 0x00, 0x01, 0x00, 0x01, 0x00, 0x04, 0x00, 0x00, 0x00, 0x01, 0x00,
    0xec, 0xff, 0x09, 0x00, 0x00, 0x00, 0x01, 0x00, 0x03, 0x00, 0x06, 0x00, 0x00, 0x00, 0x01, 0x00,
    0x04, 0x00, 0x06, 0x00, 0x00, 0x00, 0x01, 0x00, 0xff, 0xff, 0x04, 0x00, 0x00, 0x00, 0x01, 0x00,
    0xfe, 0xff, 0x05, 0x00, 0x00, 0x00, 0x01, 0x00, 0x1a, 0x00, 0x0a, 0x00, 0x00, 0x00, 0x01, 0x00,
    0x00, 0x80, 0x04, 0x00, 0x00, 0x00, 0x01, 0x00, 0x01, 0x00, 0x04, 0x00, 0x00, 0x00, 0x01, 0x00,
    0x22, 0x00, 0x0a, 0x00, 0x00, 0x00, 0x01, 0x00, 0x0a, 0x00, 0x08, 0x00, 0x00, 0x00, 0x01, 0x00,
    0x0d, 0x00, 0x08, 0x00, 0x00, 0x00, 0x01, 0x00, 0xff, 0xff, 0x04, 0x00, 0x00, 0x00, 0x01, 0x00,
    0x02, 0x00, 0x05, 0x00, 0x00, 0x00, 0x01, 0x00, 0xfb, 0xff, 0x07, 0x00, 0x00, 0x00, 0x01, 0x00,
    0x00, 0x80, 0x04, 0x00, 0x00, 0x00, 0x01, 0x00, 0x01, 0x00, 0x04, 0x00, 0x00, 0x00, 0x01, 0x00,
    0xfa, 0xff, 0x07, 0x00, 0x00, 0x00, 0x01, 0x00, 0xfd, 0xff, 0x06, 0x00, 0x00, 0x00, 0x01, 0x00,
    0xfc, 0xff, 0x06, 0x00, 0x00, 0x00, 0x01, 0x00, 0xff, 0xff, 0x04, 0x00, 0x00, 0x00, 0x01, 0x00,
    0xfe, 0xff, 0x05, 0x00, 0x00, 0x00, 0x01, 0x00, 0x08, 0x00, 0x08, 0x00, 0x00, 0x00, 0x01, 0x00,
    0x00, 0x80, 0x04, 0x00, 0x00, 0x00, 0x01, 0x00, 0x01, 0x00, 0x04, 0x00, 0x00, 0x00, 0x01, 0x00,
    0x07, 0x00, 0x07, 0x00, 0x00, 0x00, 0x01, 0x00, 0xf5, 0xff, 0x08, 0x00, 0x00, 0x00, 0x01, 0x00,
    0xf2, 0xff, 0x08, 0x00, 0x00, 0x00, 0x01, 0x00, 0xff, 0xff, 0x04, 0x00, 0x00, 0x00, 0x01, 0x00,
    0x02, 0x00, 0x05, 0x00, 0x00, 0x00, 0x01, 0x00, 0xef, 0xff, 0x09, 0x00, 0x00, 0x00, 0x01, 0x00,
    0x00, 0x80, 0x04, 0x00, 0x00, 0x00, 0x01, 0x00, 0x01, 0x00, 0x04, 0x00, 0x00, 0x00, 0x01, 0x00,
    0xf4, 0xff, 0x08, 0x00, 0x00, 0x00, 0x01, 0x00, 0x03, 0x00, 0x06, 0x00, 0x00, 0x00, 0x01, 0x00,
    0x04, 0x00, 0x06, 0x00, 0x00, 0x00, 0x01, 0x00, 0xff, 0xff, 0x04, 0x00, 0x00, 0x00, 0x01, 0x00,
    0xfe, 0xff, 0x05, 0x00, 0x00, 0x00, 0x01, 0x00, 0xf7, 0xff, 0x08, 0x00, 0x00, 0x00, 0x01, 0x00,
    0x00, 0x80, 0x04, 0x00, 0x00, 0x00, 0x01, 0x00, 0x01, 0x00, 0x04, 0x00, 0x00, 0x00, 0x01, 0x00,
    0xea, 0xff, 0x09, 0x00, 0x00, 0x00, 0x01, 0x00, 0x7f, 0x00, 0x0a, 0x00, 0x00, 0x00, 0x01, 0x00,
    0xe8, 0xff, 0x09, 0x00, 0x00, 0x00, 0x01, 0x00, 0xff, 0xff, 0x04, 0x00, 0x00, 0x00, 0x01, 0x00,
    0x02, 0x00, 0x05, 0x00, 0x00, 0x00, 0x01, 0x00, 0x05, 0x00, 0x07, 0x00, 0x00, 0x00, 0x01, 0x00,
    0x00, 0x80, 0x04, 0x00, 0x00, 0x00, 0x01, 0x00, 0x01, 0x00, 0x04, 0x00, 0x00, 0x00, 0x01, 0x00,
    0x06, 0x00, 0x07, 0x00, 0x00, 0x00, 0x01, 0x00, 0xfd, 0xff, 0x06, 0x00, 0x00, 0x00, 0x01, 0x00,
    0xfc, 0xff, 0x06, 0x00, 0x00, 0x00, 0x01, 0x00, 0xff, 0xff, 0x04, 0x00, 0x00, 0x00, 0x01, 0x00,
    0xfe, 0xff, 0x05, 0x00, 0x00, 0x00, 0x01, 0x00, 0x27, 0x00, 0x0b, 0x00, 0x00, 0x00, 0x01, 0x00,
    0x00, 0x80, 0x04, 0x00, 0x00, 0x00, 0x01, 0x00, 0x01, 0x00, 0x04, 0x00, 0x00, 0x00, 0x01, 0x00,
    0xf9, 0xff, 0x07, 0x00, 0x00, 0x00, 0x01, 0x00, 0xee, 0xff, 0x09, 0x00, 0x00, 0x00, 0x01, 0x00,
    0xf1, 0xff, 0x08, 0x00, 0x00, 0x00, 0x01, 0x00, 0xff, 0xff, 0x04, 0x00, 0x00, 0x00, 0x01, 0x00,
    0x02, 0x00, 0x05, 0x00, 0x00, 0x00, 0x01, 0x00, 0x1b, 0x00, 0x0a, 0x00, 0x00, 0x00, 0x01, 0x00,
    0x00, 0x80, 0x04, 0x00, 0x00, 0x00, 0x01, 0x00, 0x01, 0x00, 0x04, 0x00, 0x00, 0x00, 0x01, 0x00,
    0x80, 0x00, 0x0a, 0x00, 0x00, 0x00, 0x01, 0x00, 0x03, 0x00, 0x06, 0x00, 0x00, 0x00, 0x01, 0x00,
    0x04, 0x00, 0x06, 0x00, 0x00, 0x00, 0x01, 0x00, 0xff, 0xff, 0x04, 0x00, 0x00, 0x00, 0x01, 0x00,
    0xfe, 0xff, 0x05, 0x00, 0x00, 0x00, 0x01, 0x00, 0xf0, 0xff, 0x09, 0x00, 0x00, 0x00, 0x01, 0x00,
    0x00, 0x80, 0x04, 0x00, 0x00, 0x00, 0x01, 0x00, 0x01, 0x00, 0x04, 0x00, 0x00, 0x00, 0x01, 0x00,
    0xeb, 0xff, 0x09, 0x00, 0x00, 0x00, 0x01, 0x00, 0xf6, 0xff, 0x08, 0x00, 0x00, 0x00, 0x01, 0x00,
    0xf3, 0xff, 0x08, 0x00, 0x00, 0x00, 0x01, 0x00, 0xff, 0xff, 0x04, 0x00, 0x00, 0x00, 0x01, 0x00,
    0x02, 0x00, 0x05, 0x00, 0x00, 0x00, 0x01, 0x00, 0xfb, 0xff, 0x07, 0x00, 0x00, 0x00, 0x01, 0x00,
    0x00, 0x80, 0x04, 0x00, 0x00, 0x00, 0x01, 0x00, 0x01, 0x00, 0x04, 0x00, 0x00, 0x00, 0x01, 0x00,
    0xfa, 0xff, 0x07, 0x00, 0x00, 0x00, 0x01, 0x00, 0xfd, 0xff, 0x06, 0x00, 0x00, 0x00, 0x01, 0x00,
    0xfc, 0xff, 0x06, 0x00, 0x00, 0x00, 0x01, 0x00, 0xff, 0xff, 0x04, 0x00, 0x00, 0x00, 0x01, 0x00,
    0xfe, 0xff, 0x05, 0x00, 0x00, 0x00, 0x01, 0x00, 0xf8, 0xff, 0x08, 0x00, 0x00, 0x00, 0x01, 0x00,
    0x00, 0x80, 0x04, 0x00, 0x00, 0x00, 0x01, 0x00, 0x01, 0x00, 0x04, 0x00, 0x00, 0x00, 0x01, 0x00,
    0x07, 0x00, 0x07, 0x00, 0x00, 0x00, 0x01, 0x00, 0x0b, 0x00, 0x08, 0x00, 0x00, 0x00, 0x01, 0x00,
    0x0e, 0x00, 0x08, 0x00, 0x00, 0x00, 0x01, 0x00, 0xff, 0xff, 0x04, 0x00, 0x00, 0x00, 0x01, 0x00,
    0x02, 0x00, 0x05, 0x00, 0x00, 0x00, 0x01, 0x00, 0xe3, 0xff, 0x0a, 0x00, 0x00, 0x00, 0x01, 0x00,
    0x00, 0x80, 0x04, 0x00, 0x00, 0x00, 0x01, 0x00, 0x01, 0x00, 0x04, 0x00, 0x00, 0x00, 0x01, 0x00,
    0x0c, 0x00, 0x08, 0x00, 0x00, 0x00, 0x01, 0x00, 0x03, 0x00, 0x06, 0x00, 0x00, 0x00, 0x01, 0x00,
    0x04, 0x00, 0x06, 0x00, 0x00, 0x00, 0x01, 0x00, 0xff, 0xff, 0x04, 0x00, 0x00, 0x00, 0x01, 0x00,
    0xfe, 0xff, 0x05, 0x00, 0x00, 0x00, 0x01, 0x00, 0x09, 0x00, 0x08, 0x00, 0x00, 0x00, 0x01, 0x00,
    0x00, 0x80, 0x04, 0x00, 0x00, 0x00, 0x01, 0x00, 0x01, 0x00, 0x04, 0x00, 0x00, 0x00, 0x01, 0x00,
    0xdb, 0xff, 0x0a, 0x00, 0x00, 0x00, 0x01, 0x00, 0xe1, 0xff, 0x0a, 0x00, 0x00, 0x00, 0x01, 0x00,
    0x17, 0x00, 0x09, 0x00, 0x00, 0x00, 0x01, 0x00, 0xff, 0xff, 0x04, 0x00, 0x00, 0x00, 0x01, 0x00,
    0x02, 0x00, 0x05, 0x00, 0x00, 0x00, 0x01, 0x00, 0x05, 0x00, 0x07, 0x00, 0x00, 0x00, 0x01, 0x00,
    0x00, 0x80, 0x04, 0x00, 0x00, 0x00, 0x01, 0x00, 0x01, 0x00, 0x04, 0x00, 0x00, 0x00, 0x01, 0x00,
    0x06, 0x00, 0x07, 0x00, 0x00, 0x00, 0x01, 0x00, 0xfd, 0xff, 0x06, 0x00, 0x00, 0x00, 0x01, 0x00,
    0xfc, 0xff, 0x06, 0x00, 0x00, 0x00, 0x01, 0x00, 0xff, 0xff, 0x04, 0x00, 0x00, 0x00, 0x01, 0x00,
    0xfe, 0xff, 0x05, 0x00, 0x00, 0x00, 0x01, 0x00, 0x28, 0x00, 0x0b, 0x00, 0x00, 0x00, 0x01, 0x00,
    0x00, 0x80, 0x04, 0x00, 0x00, 0x00, 0x01, 0x00, 0x01, 0x00, 0x04, 0x00, 0x00, 0x00, 0x01, 0x00,
    0xf9, 0xff, 0x07, 0x00, 0x00, 0x00, 0x01, 0x00, 0x13, 0x00, 0x09, 0x00, 0x00, 0x00, 0x01, 0x00,
    0x0f, 0x00, 0x08, 0x00, 0x00, 0x00, 0x01, 0x00, 0xff, 0xff, 0x04, 0x00, 0x00, 0x00, 0x01, 0x00,
    0x02, 0x00, 0x05, 0x00, 0x00, 0x00, 0x01, 0x00, 0xe4, 0xff, 0x0a, 0x00, 0x00, 0x00, 0x01, 0x00,
    0x00, 0x80, 0x04, 0x00, 0x00, 0x00, 0x01, 0x00, 0x01, 0x00, 0x04, 0x00, 0x00, 0x00, 0x01, 0x00,
    0x14, 0x00, 0x09, 0x00, 0x00, 0x00, 0x01, 0x00, 0x03, 0x00, 0x06, 0x00, 0x00, 0x00, 0x01, 0x00,
    0x04, 0x00, 0x06, 0x00, 0x00, 0x00, 0x01, 0x00, 0xff, 0xff, 0x04, 0x00, 0x00, 0x00, 0x01, 0x00,
    0xfe, 0xff, 0x05, 0x00, 0x00, 0x00, 0x01, 0x00, 0x2a, 0x00, 0x0b, 0x00, 0x00, 0x00, 0x01, 0x00,
    0x00, 0x80, 0x04, 0x00, 0x00, 0x00, 0x01, 0x00, 0x01, 0x00, 0x04, 0x00, 0x00, 0x00, 0x01, 0x00,
    0xdd, 0xff, 0x0a, 0x00, 0x00, 0x00, 0x01, 0x00, 0x0a, 0x00, 0x08, 0x00, 0x00, 0x00, 0x01, 0x00,
    0x0d, 0x00, 0x08, 0x00, 0x00, 0x00, 0x01, 0x00, 0xff, 0xff, 0x04, 0x00, 0x00, 0x00, 0x01, 0x00,
    0x02, 0x00, 0x05, 0x00, 0x00, 0x00, 0x01, 0x00, 0xfb, 0xff, 0x07, 0x00, 0x00, 0x00, 0x01, 0x00,
    0x00, 0x80, 0x04, 0x00, 0x00, 0x00, 0x01, 0x00, 0x01, 0x00, 0x04, 0x00, 0x00, 0x00, 0x01, 0x00,
    0xfa, 0xff, 0x07, 0x00, 0x00, 0x00, 0x01, 0x00, 0xfd, 0xff, 0x06, 0x00, 0x00, 0x00, 0x01, 0x00,
    0xfc, 0xff, 0x06, 0x00, 0x00, 0x00, 0x01, 0x00, 0xff, 0xff, 0x04, 0x00, 0x00, 0x00, 0x01, 0x00,
    0xfe, 0xff, 0x05, 0x00, 0x00, 0x00, 0x01, 0x00, 0x08, 0x00, 0x08, 0x00, 0x00, 0x00, 0x01, 0x00,
    0x00, 0x80, 0x04, 0x00, 0x00, 0x00, 0x01, 0x00, 0x01, 0x00, 0x04, 0x00, 0x00, 0x00, 0x01, 0x00,
    0x07, 0x00, 0x07, 0x00, 0x00, 0x00, 0x01, 0x00, 0xf5, 0xff, 0x08, 0x00, 0x00, 0x00, 0x01, 0x00,
    0xf2, 0xff, 0x08, 0x00, 0x00, 0x00, 0x01, 0x00, 0xff, 0xff, 0x04, 0x00, 0x00, 0x00, 0x01, 0x00,
    0x02, 0x00, 0x05, 0x00, 0x00, 0x00, 0x01, 0x00, 0x11, 0x00, 0x09, 0x00, 0x00, 0x00, 0x01, 0x00,
    0x00, 0x80, 0x04, 0x00, 0x00, 0x00, 0x01, 0x00, 0x01, 0x00, 0x04, 0x00, 0x00, 0x00, 0x01, 0x00,
    0xf4, 0xff, 0x08, 0x00, 0x00, 0x00, 0x01, 0x00, 0x03, 0x00, 0x06, 0x00, 0x00, 0x00, 0x01, 0x00,
    0x04, 0x00, 0x06, 0x00, 0x00, 0x00, 0x01, 0x00, 0xff, 0xff, 0x04, 0x00, 0x00, 0x00, 0x01, 0x00,
    0xfe, 0xff, 0x05, 0x00, 0x00, 0x00, 0x01, 0x00, 0xf7, 0xff, 0x08, 0x00, 0x00, 0x00, 0x01, 0x00,
    0x00, 0x80, 0x04, 0x00, 0x00, 0x00, 0x01, 0x00, 0x01, 0x00, 0x04, 0x00, 0x00, 0x00, 0x01, 0x00,
    0x16, 0x00, 0x09, 0x00, 0x00, 0x00, 0x01, 0x00, 0x2f, 0x00, 0x0b, 0x00, 0x00, 0x00, 0x01, 0x00,
    0x18, 0x00, 0x09, 0x00, 0x00, 0x00, 0x01, 0x00, 0xff, 0xff, 0x04, 0x00, 0x00, 0x00, 0x01, 0x00,
    0x02, 0x00, 0x05, 0x00, 0x00, 0x00, 0x01, 0x00, 0x05, 0x00, 0x07, 0x00, 0x00, 0x00, 0x01, 0x00,
    0x00, 0x80, 0x04, 0x00, 0x00, 0x00, 0x01, 0x00, 0x01, 0x00, 0x04, 0x00, 0x00, 0x00, 0x01, 0x00,
    0x06, 0x00, 0x07, 0x00, 0x00, 0x00, 0x01, 0x00, 0xfd, 0xff, 0x06, 0x00, 0x00, 0x00, 0x01, 0x00,
    0xfc, 0xff, 0x06, 0x00, 0x00, 0x00, 0x01, 0x00, 0xff, 0xff, 0x04, 0x00, 0x00, 0x00, 0x01, 0x00,
    0xfe, 0xff, 0x05, 0x00, 0x00, 0x00, 0x01, 0x00, 0xe0, 0xff, 0x0a, 0x00, 0x00, 0x00, 0x01, 0x00,
    0x00, 0x80, 0x04, 0x00, 0x00, 0x00, 0x01, 0x00, 0x01, 0x00, 0x04, 0x00, 0x00, 0x00, 0x01, 0x00,
    0xf9, 0xff, 0x07, 0x00, 0x00, 0x00, 0x01, 0x00, 0x12, 0x00, 0x09, 0x00, 0x00, 0x00, 0x01, 0x00,
    0xf1, 0xff, 0x08, 0x00, 0x00, 0x00, 0x01, 0x00, 0xff, 0xff, 0x04, 0x00, 0x00, 0x00, 0x01, 0x00,
    0x02, 0x00, 0x05, 0x00, 0x00, 0x00, 0x01, 0x00, 0x2c, 0x00, 0x0b, 0x00, 0x00, 0x00, 0x01, 0x00,
    0x00, 0x80, 0x04, 0x00, 0x00, 0x00, 0x01, 0x00, 0x01, 0x00, 0x04, 0x00, 0x00, 0x00, 0x01, 0x00,
    0xdf, 0xff, 0x0a, 0x00, 0x00, 0x00, 0x01, 0x00, 0x03, 0x00, 0x06, 0x00, 0x00, 0x00, 0x01, 0x00,
    0x04, 0x00, 0x06, 0x00, 0x00, 0x00, 0x01, 0x00, 0xff, 0xff, 0x04, 0x00, 0x00, 0x00, 0x01, 0x00,
    0xfe, 0xff, 0x05, 0x00, 0x00, 0x00, 0x01, 0x00, 0x10, 0x00, 0x09, 0x00, 0x00, 0x00, 0x01, 0x00,
    0x00, 0x80, 0x04, 0x00, 0x00, 0x00, 0x01, 0x00, 0x01, 0x00, 0x04, 0x00, 0x00, 0x00, 0x01, 0x00,
    0x15, 0x00, 0x09, 0x00, 0x00, 0x00, 0x01, 0x00, 0xf6, 0xff, 0x08, 0x00, 0x00, 0x00, 0x01, 0x00,
    0xf3, 0xff, 0x08, 0x00, 0x00, 0x00, 0x01, 0x00, 0xff, 0xff, 0x04, 0x00, 0x00, 0x00, 0x01, 0x00,
    0x02, 0x00, 0x05, 0x00, 0x00, 0x00, 0x01, 0x00, 0xfb, 0xff, 0x07, 0x00, 0x00, 0x00, 0x01, 0x00,
    0x00, 0x80, 0x04, 0x00, 0x00, 0x00, 0x01, 0x00, 0x01, 0x00, 0x04, 0x00, 0x00, 0x00, 0x01, 0x00,
    0xfa, 0xff, 0x07, 0x00, 0x00, 0x00, 0x01, 0x00, 0xfd, 0xff, 0x06, 0x00, 0x00, 0x00, 0x01, 0x00,
    0xfc, 0xff, 0x06, 0x00, 0x00, 0x00, 0x01, 0x00, 0xff, 0xff, 0x04, 0x00, 0x00, 0x00, 0x01, 0x00,
    0xfe, 0xff, 0x05, 0x00, 0x00, 0x00, 0x01, 0x00, 0xf8, 0xff, 0x08, 0x00, 0x00, 0x00, 0x01, 0x00,
    0x00, 0x80, 0x04, 0x00, 0x00, 0x00, 0x01, 0x00, 0x01, 0x00, 0x04, 0x00, 0x00, 0x00, 0x01, 0x00,
    0x07, 0x00, 0x07, 0x00, 0x00, 0x00, 0x01, 0x00, 0x0b, 0x00, 0x08, 0x00, 0x00, 0x00, 0x01, 0x00,
    0x0e, 0x00, 0x08, 0x00, 0x00, 0x00, 0x01, 0x00, 0xff, 0xff, 0x04, 0x00, 0x00, 0x00, 0x01, 0x00,
    0x02, 0x00, 0x05, 0x00, 0x00, 0x00, 0x01, 0x00, 0x2e, 0x00, 0x0b, 0x00, 0x00, 0x00, 0x01, 0x00,
    0x00, 0x80, 0x04, 0x00, 0x00, 0x00, 0x01, 0x00, 0x01, 0x00, 0x04, 0x00, 0x00, 0x00, 0x01, 0x00,
    0x0c, 0x00, 0x08, 0x00, 0x00, 0x00, 0x01, 0x00, 0x03, 0x00, 0x06, 0x00, 0x00, 0x00, 0x01, 0x00,
    0x04, 0x00, 0x06, 0x00, 0x00, 0x00, 0x01, 0x00, 0xff, 0xff, 0x04, 0x00, 0x00, 0x00, 0x01, 0x00,
    0xfe, 0xff, 0x05, 0x00, 0x00, 0x00, 0x01, 0x00, 0x09, 0x00, 0x08, 0x00, 0x00, 0x00, 0x01, 0x00,
    0x00, 0x80, 0x04, 0x00, 0x00, 0x00, 0x01, 0x00, 0x01, 0x00, 0x04, 0x00, 0x00, 0x00, 0x01, 0x00,
    0xdc, 0xff, 0x0a, 0x00, 0x00, 0x00, 0x01, 0x00, 0xe2, 0xff, 0x0a, 0x00, 0x00, 0x00, 0x01, 0x00,
    0xe9, 0xff, 0x09, 0x00, 0x00, 0x00, 0x01, 0x00, 0xff, 0xff, 0x04, 0x00, 0x00, 0x00, 0x01, 0x00,
    0x02, 0x00, 0x05, 0x00, 0x00, 0x00, 0x01, 0x00, 0x05, 0x00, 0x07, 0x00, 0x00, 0x00, 0x01, 0x00,
    0x00, 0x80, 0x04, 0x00, 0x00, 0x00, 0x01, 0x00, 0x01, 0x00, 0x04, 0x00, 0x00, 0x00, 0x01, 0x00,
    0x06, 0x00, 0x07, 0x00, 0x00, 0x00, 0x01, 0x00, 0xfd, 0xff, 0x06, 0x00, 0x00, 0x00, 0x01, 0x00,
    0xfc, 0xff, 0x06, 0x00, 0x00, 0x00, 0x01, 0x00, 0xff, 0xff, 0x04, 0x00, 0x00, 0x00, 0x01, 0x00,
    0xfe, 0xff, 0x05, 0x00, 0x00, 0x00, 0x01, 0x00, 0xe7, 0xff, 0x0a, 0x00, 0x00, 0x00, 0x01, 0x00,
    0x00, 0x80, 0x04, 0x00, 0x00, 0x00, 0x01, 0x00, 0x01, 0x00, 0x04, 0x00, 0x00, 0x00, 0x01, 0x00,
    0xf9, 0xff, 0x07, 0x00, 0x00, 0x00, 0x01, 0x00, 0xed, 0xff, 0x09, 0x00, 0x00, 0x00, 0x01, 0x00,
    0x0f, 0x00, 0x08, 0x00, 0x00, 0x00, 0x01, 0x00, 0xff, 0xff, 0x04, 0x00, 0x00, 0x00, 0x01, 0x00,
    0x02, 0x00, 0x05, 0x00, 0x00, 0x00, 0x01, 0x00, 0x2d, 0x00, 0x0b, 0x00, 0x00, 0x00, 0x01, 0x00,
    0x00, 0x80, 0x04, 0x00, 0x00, 0x00, 0x01, 0x00, 0x01, 0x00, 0x04, 0x00, 0x00, 0x00, 0x01, 0x00,
    0xec, 0xff, 0x09, 0x00, 0x00, 0x00, 0x01, 0x00, 0x03, 0x00, 0x06, 0x00, 0x00, 0x00, 0x01, 0x00,
    0x04, 0x00, 0x06, 0x00, 0x00, 0x00, 0x01, 0x00, 0xff, 0xff, 0x04, 0x00, 0x00, 0x00, 0x01, 0x00,
    0xfe, 0xff, 0x05, 0x00, 0x00, 0x00, 0x01, 0x00, 0xe6, 0xff, 0x0a, 0x00, 0x00, 0x00, 0x01, 0x00,
    0x00, 0x80, 0x04, 0x00, 0x00, 0x00, 0x01, 0x00, 0x01, 0x00, 0x04, 0x00, 0x00, 0x00, 0x01, 0x00,
    0xde, 0xff, 0x0a, 0x00, 0x00, 0x00, 0x01, 0x00, 0x0a, 0x00, 0x08, 0x00, 0x00, 0x00, 0x01, 0x00,
    0x0d, 0x00, 0x08, 0x00, 0x00, 0x00, 0x01, 0x00, 0xff, 0xff, 0x04, 0x00, 0x00, 0x00, 0x01, 0x00,
    0x02, 0x00, 0x05, 0x00, 0x00, 0x00, 0x01, 0x00, 0xfb, 0xff, 0x07, 0x00, 0x00, 0x00, 0x01, 0x00,
    0x00, 0x80, 0x04, 0x00, 0x00, 0x00, 0x01, 0x00, 0x01, 0x00, 0x04, 0x00, 0x00, 0x00, 0x01, 0x00,
    0xfa, 0xff, 0x07, 0x00, 0x00, 0x00, 0x01, 0x00, 0xfd, 0xff, 0x06, 0x00, 0x00, 0x00, 0x01, 0x00,
    0xfc, 0xff, 0x06, 0x00, 0x00, 0x00, 0x01, 0x00, 0xff, 0xff, 0x04, 0x00, 0x00, 0x00, 0x01, 0x00,
    0xfe, 0xff, 0x05, 0x00, 0x00, 0x00, 0x01, 0x00, 0x08, 0x00, 0x08, 0x00, 0x00, 0x00, 0x01, 0x00,
    0x00, 0x80, 0x04, 0x00, 0x00, 0x00, 0x01, 0x00, 0x01, 0x00, 0x04, 0x00, 0x00, 0x00, 0x01, 0x00,
    0x07, 0x00, 0x07, 0x00, 0x00, 0x00, 0x01, 0x00, 0xf5, 0xff, 0x08, 0x00, 0x00, 0x00, 0x01, 0x00,
    0xf2, 0xff, 0x08, 0x00, 0x00, 0x00, 0x01, 0x00, 0xff, 0xff, 0x04, 0x00, 0x00, 0x00, 0x01, 0x00,
    0x02, 0x00, 0x05, 0x00, 0x00, 0x00, 0x01, 0x00, 0xef, 0xff, 0x09, 0x00, 0x00, 0x00, 0x01, 0x00,
    0x00, 0x80, 0x04, 0x00, 0x00, 0x00, 0x01, 0x00, 0x01, 0x00, 0x04, 0x00, 0x00, 0x00, 0x01, 0x00,
    0xf4, 0xff, 0x08, 0x00, 0x00, 0x00, 0x01, 0x00, 0x03, 0x00, 0x06, 0x00, 0x00, 0x00, 0x01, 0x00,
    0x04, 0x00, 0x06, 0x00, 0x00, 0x00, 0x01, 0x00, 0xff, 0xff, 0x04, 0x00, 0x00, 0x00, 0x01, 0x00,
    0xfe, 0xff, 0x05, 0x00, 0x00, 0x00, 0x01, 0x00, 0xf7, 0xff, 0x08, 0x00, 0x00, 0x00, 0x01, 0x00,
    0x00, 0x80, 0x04, 0x00, 0x00, 0x00, 0x01, 0x00, 0x01, 0x00, 0x04, 0x00, 0x00, 0x00, 0x01, 0x00,
    0xea, 0xff, 0x09, 0x00, 0x00, 0x00, 0x01, 0x00, 0x81, 0xff, 0x0a, 0x00, 0x00, 0x00, 0x01, 0x00,
    0xe8, 0xff, 0x09, 0x00, 0x00, 0x00, 0x01, 0x00, 0xff, 0xff, 0x04, 0x00, 0x00, 0x00, 0x01, 0x00,
    0x02, 0x00, 0x05, 0x00, 0x00, 0x00, 0x01, 0x00, 0x05, 0x00, 0x07, 0x00, 0x00, 0x00, 0x01, 0x00,
    0x00, 0x80, 0x04, 0x00, 0x00, 0x00, 0x01, 0x00, 0x01, 0x00, 0x04, 0x00, 0x00, 0x00, 0x01, 0x00,
    0x06, 0x00, 0x07, 0x00, 0x00, 0x00, 0x01, 0x00, 0xfd, 0xff, 0x06, 0x00, 0x00, 0x00, 0x01, 0x00,
    0xfc, 0xff, 0x06, 0x00, 0x00, 0x00, 0x01, 0x00, 0xff, 0xff, 0x04, 0x00, 0x00, 0x00, 0x01, 0x00,
    0xfe, 0xff, 0x05, 0x00, 0x00, 0x00, 0x01, 0x00, 0x26, 0x00, 0x0b, 0x00, 0x00, 0x00, 0x01, 0x00,
    0x00, 0x80, 0x04, 0x00, 0x00, 0x00, 0x01, 0x00, 0x01, 0x00, 0x04, 0x00, 0x00, 0x00, 0x01, 0x00,
    0xf9, 0xff, 0x07, 0x00, 0x00, 0x00, 0x01, 0x00, 0xee, 0xff, 0x09, 0x00, 0x00, 0x00, 0x01, 0x00,
    0xf1, 0xff, 0x08, 0x00, 0x00, 0x00, 0x01, 0x00, 0xff, 0xff, 0x04, 0x00, 0x00, 0x00, 0x01, 0x00,
    0x02, 0x00, 0x05, 0x00, 0x00, 0x00, 0x01, 0x00, 0xe5, 0xff, 0x0a, 0x00, 0x00, 0x00, 0x01, 0x00,
    0x00, 0x80, 0x04, 0x00, 0x00, 0x00, 0x01, 0x00, 0x01, 0x00, 0x04, 0x00, 0x00, 0x00, 0x01, 0x00,
    0x80, 0xff, 0x0a, 0x00, 0x00, 0x00, 0x01, 0x00, 0x03, 0x00, 0x06, 0x00, 0x00, 0x00, 0x01, 0x00,
    0x04, 0x00, 0x06, 0x00, 0x00, 0x00, 0x01, 0x00, 0xff, 0xff, 0x04, 0x00, 0x00, 0x00, 0x01, 0x00,
    0xfe, 0xff, 0x05, 0x00, 0x00, 0x00, 0x01, 0x00, 0xf0, 0xff, 0x09, 0x00, 0x00, 0x00, 0x01, 0x00,
    0x00, 0x80, 0x04, 0x00, 0x00, 0x00, 0x01, 0x00, 0x01, 0x00, 0x04, 0x00, 0x00, 0x00, 0x01, 0x00,
    0xeb, 0xff, 0x09, 0x00, 0x00, 0x00, 0x01, 0x00, 0xf6, 0xff, 0x08, 0x00, 0x00, 0x00, 0x01, 0x00,
    0xf3, 0xff, 0x08, 0x00, 0x00, 0x00, 0x01, 0x00, 0xff, 0xff, 0x04, 0x00, 0x00, 0x00, 0x01, 0x00,
    0x02, 0x00, 0x05, 0x00, 0x00, 0x00, 0x01, 0x00, 0xfb, 0xff, 0x07, 0x00, 0x00, 0x00, 0x01, 0x00,
    0x00, 0x80, 0x04, 0x00, 0x00, 0x00, 0x01, 0x00, 0x01, 0x00, 0x04, 0x00, 0x00, 0x00, 0x01, 0x00,
    0xfa, 0xff, 0x07, 0x00, 0x00, 0x00, 0x01, 0x00, 0xfd, 0xff, 0x06, 0x00, 0x00, 0x00, 0x01, 0x00,
    0xfc, 0xff, 0x06, 0x00, 0x00, 0x00, 0x01, 0x00, 0xff, 0xff, 0x04, 0x00, 0x00, 0x00, 0x01, 0x00,
    0xfe, 0xff, 0x05, 0x00, 0x00, 0x00, 0x01, 0x00, 0xf8, 0xff, 0x08, 0x00, 0x00, 0x00, 0x01, 0x00,
    0x00, 0x80, 0x04, 0x00, 0x00, 0x00, 0x01, 0x00, 0x01, 0x00, 0x04, 0x00, 0x00, 0x00, 0x01, 0x00,
    0x07, 0x00, 0x07, 0x00, 0x00, 0x00, 0x01, 0x00, 0x0b, 0x00, 0x08, 0x00, 0x00, 0x00, 0x01, 0x00,
    0x0e, 0x00, 0x08, 0x00, 0x00, 0x00, 0x01, 0x00, 0xff, 0xff, 0x04, 0x00, 0x00, 0x00, 0x01, 0x00,
    0x02, 0x00, 0x05, 0x00, 0x00, 0x00, 0x01, 0x00, 0x1d, 0x00, 0x0a, 0x00, 0x00, 0x00, 0x01, 0x00,
    0x00, 0x80, 0x04, 0x00, 0x00, 0x00, 0x01, 0x00, 0x01, 0x00, 0x04, 0x00, 0x00, 0x00, 0x01, 0x00,
    0x0c, 0x00, 0x08, 0x00, 0x00, 0x00, 0x01, 0x00, 0x03, 0x00, 0x06, 0x00, 0x00, 0x00, 0x01, 0x00,
    0x04, 0x00, 0x06, 0x00, 0x00, 0x00, 0x01, 0x00, 0xff, 0xff, 0x04, 0x00, 0x00, 0x00, 0x01, 0x00,
    0xfe, 0xff, 0x05, 0x00, 0x00, 0x00, 0x01, 0x00, 0x09, 0x00, 0x08, 0x00, 0x00, 0x00, 0x01, 0x00,
    0x00, 0x80, 0x04, 0x00, 0x00, 0x00, 0x01, 0x00, 0x01, 0x00, 0x04, 0x00, 0x00, 0x00, 0x01, 0x00,
    0x25, 0x00, 0x0a, 0x00, 0x00, 0x00, 0x01, 0x00, 0x1f, 0x00, 0x0a, 0x00, 0x00, 0x00, 0x01, 0x00,
    0x17, 0x00, 0x09, 0x00, 0x00, 0x00, 0x01, 0x00, 0xff, 0xff, 0x04, 0x00, 0x00, 0x00, 0x01, 0x00,
    0x02, 0x00, 0x05, 0x00, 0x00, 0x00, 0x01, 0x00, 0x05, 0x00, 0x07, 0x00, 0x00, 0x00, 0x01, 0x00,
    0x00, 0x80, 0x04, 0x00, 0x00, 0x00, 0x01, 0x00, 0x01, 0x00, 0x04, 0x00, 0x00, 0x00, 0x01, 0x00,
    0x06, 0x00, 0x07, 0x00, 0x00, 0x00, 0x01, 0x00, 0xfd, 0xff, 0x06, 0x00, 0x00, 0x00, 0x01, 0x00,
    0xfc, 0xff, 0x06, 0x00, 0x00, 0x00, 0x01, 0x00, 0xff, 0xff, 0x04, 0x00, 0x00, 0x00, 0x01, 0x00,
    0xfe, 0xff, 0x05, 0x00, 0x00, 0x00, 0x01, 0x00, 0xd7, 0xff, 0x0b, 0x00, 0x00, 0x00, 0x01, 0x00,
    0x00, 0x80, 0x04, 0x00, 0x00, 0x00, 0x01, 0x00, 0x01, 0x00, 0x04, 0x00, 0x00, 0x00, 0x01, 0x00,
    0xf9, 0xff, 0x07, 0x00, 0x00, 0x00, 0x01, 0x00, 0x13, 0x00, 0x09, 0x00, 0x00, 0x00, 0x01, 0x00,
    0x0f, 0x00, 0x08, 0x00, 0x00, 0x00, 0x01, 0x00, 0xff, 0xff, 0x04, 0x00, 0x00, 0x00, 0x01, 0x00,
    0x02, 0x00, 0x05, 0x00, 0x00, 0x00, 0x01, 0x00, 0x1c, 0x00, 0x0a, 0x00, 0x00, 0x00, 0x01, 0x00,
    0x00, 0x80, 0x04, 0x00, 0x00, 0x00, 0x01, 0x00, 0x01, 0x00, 0x04, 0x00, 0x00, 0x00, 0x01, 0x00,
    0x14, 0x00, 0x09, 0x00, 0x00, 0x00, 0x01, 0x00, 0x03, 0x00, 0x06, 0x00, 0x00, 0x00, 0x01, 0x00,
    0x04, 0x00, 0x06, 0x00, 0x00, 0x00, 0x01, 0x00, 0xff, 0xff, 0x04, 0x00, 0x00, 0x00, 0x01, 0x00,
    0xfe, 0xff, 0x05, 0x00, 0x00, 0x00, 0x01, 0x00, 0xd5, 0xff, 0x0b, 0x00, 0x00, 0x00, 0x01, 0x00,
    0x00, 0x80, 0x04, 0x00, 0x00, 0x00, 0x01, 0x00, 0x01, 0x00, 0x04, 0x00, 0x00, 0x00, 0x01, 0x00,
    0x23, 0x00, 0x0a, 0x00, 0x00, 0x00, 0x01, 0x00, 0x0a, 0x00, 0x08, 0x00, 0x00, 0x00, 0x01, 0x00,
    0x0d, 0x00, 0x08, 0x00, 0x00, 0x00, 0x01, 0x00, 0xff, 0xff, 0x04, 0x00, 0x00, 0x00, 0x01, 0x00,
    0x02, 0x00, 0x05, 0x00, 0x00, 0x00, 0x01, 0x00, 0xfb, 0xff, 0x07, 0x00, 0x00, 0x00, 0x01, 0x00,
    0x00, 0x80, 0x04, 0x00, 0x00, 0x00, 0x01, 0x00, 0x01, 0x00, 0x04, 0x00, 0x00, 0x00, 0x01, 0x00,
    0xfa, 0xff, 0x07, 0x00, 0x00, 0x00, 0x01, 0x00, 0xfd, 0xff, 0x06, 0x00, 0x00, 0x00, 0x01, 0x00,
    0xfc, 0xff, 0x06, 0x00, 0x00, 0x00, 0x01, 0x00, 0xff, 0xff, 0x04, 0x00, 0x00, 0x00, 0x01, 0x00,
    0xfe, 0xff, 0x05, 0x00, 0x00, 0x00, 0x01, 0x00, 0x08, 0x00, 0x08, 0x00, 0x00, 0x00, 0x01, 0x00,
    0x00, 0x80, 0x04, 0x00, 0x00, 0x00, 0x01, 0x00, 0x01, 0x00, 0x04, 0x00, 0x00, 0x00, 0x01, 0x00,
    0x07, 0x00, 0x07, 0x00, 0x00, 0x00, 0x01, 0x00, 0xf5, 0xff, 0x08, 0x00, 0x00, 0x00, 0x01, 0x00,
    0xf2, 0xff, 0x08, 0x00, 0x00, 0x00, 0x01, 0x00, 0xff, 0xff, 0x04, 0x00, 0x00, 0x00, 0x01, 0x00,
    0x02, 0x00, 0x05, 0x00, 0x00, 0x00, 0x01, 0x00, 0x11, 0x00, 0x09, 0x00, 0x00, 0x00, 0x01, 0x00,
    0x00, 0x80, 0x04, 0x00, 0x00, 0x00, 0x01, 0x00, 0x01, 0x00, 0x04, 0x00, 0x00, 0x00, 0x01, 0x00,
    0xf4, 0xff, 0x08, 0x00, 0x00, 0x00, 0x01, 0x00, 0x03, 0x00, 0x06, 0x00, 0x00, 0x00, 0x01, 0x00,
    0x04, 0x00, 0x06, 0x00, 0x00, 0x00, 0x01, 0x00, 0xff, 0xff, 0x04, 0x00, 0x00, 0x00, 0x01, 0x00,
    0xfe, 0xff, 0x05, 0x00, 0x00, 0x00, 0x01, 0x00, 0xf7, 0xff, 0x08, 0x00, 0x00, 0x00, 0x01, 0x00,
    0x00, 0x80, 0x04, 0x00, 0x00, 0x00, 0x01, 0x00, 0x01, 0x00, 0x04, 0x00, 0x00, 0x00, 0x01, 0x00,
    0x16, 0x00, 0x09, 0x00, 0x00, 0x00, 0x01, 0x00, 0xce, 0xff, 0x0b, 0x00, 0x00, 0x00, 0x01, 0x00,
    0x18, 0x00, 0x09, 0x00, 0x00, 0x00, 0x01, 0x00, 0xff, 0xff, 0x04, 0x00, 0x00, 0x00, 0x01, 0x00,
    0x02, 0x00, 0x05, 0x00, 0x00, 0x00, 0x01, 0x00, 0x05, 0x00, 0x07, 0x00, 0x00, 0x00, 0x01, 0x00,
    0x00, 0x80, 0x04, 0x00, 0x00, 0x00, 0x01, 0x00, 0x01, 0x00, 0x04, 0x00, 0x00, 0x00, 0x01, 0x00,
    0x06, 0x00, 0x07, 0x00, 0x00, 0x00, 0x01, 0x00, 0xfd, 0xff, 0x06, 0x00, 0x00, 0x00, 0x01, 0x00,
    0xfc, 0xff, 0x06, 0x00, 0x00, 0x00, 0x01, 0x00, 0xff, 0xff, 0x04, 0x00, 0x00, 0x00, 0x01, 0x00,
    0xfe, 0xff, 0x05, 0x00, 0x00, 0x00, 0x01, 0x00, 0x20, 0x00, 0x0a, 0x00, 0x00, 0x00, 0x01, 0x00,
    0x00, 0x80, 0x04, 0x00, 0x00, 0x00, 0x01, 0x00, 0x01, 0x00, 0x04, 0x00, 0x00, 0x00, 0x01, 0x00,
    0xf9, 0xff, 0x07, 0x00, 0x00, 0x00, 0x01, 0x00, 0x12, 0x00, 0x09, 0x00, 0x00, 0x00, 0x01, 0x00,
    0xf1, 0xff, 0x08, 0x00, 0x00, 0x00, 0x01, 0x00, 0xff, 0xff, 0x04, 0x00, 0x00, 0x00, 0x01, 0x00,
    0x02, 0x00, 0x05, 0x00, 0x00, 0x00, 0x01, 0x00, 0xd0, 0xff, 0x0b, 0x00, 0x00, 0x00, 0x01, 0x00,
    0x00, 0x80, 0x04, 0x00, 0x00, 0x00, 0x01, 0x00, 0x01, 0x00, 0x04, 0x00, 0x00, 0x00, 0x01, 0x00,
    0x21, 0x00, 0x0a, 0x00, 0x00, 0x00, 0x01, 0x00, 0x03, 0x00, 0x06, 0x00, 0x00, 0x00, 0x01, 0x00,
    0x04, 0x00, 0x06, 0x00, 0x00, 0x00, 0x01, 0x00, 0xff, 0xff, 0x04, 0x00, 0x00, 0x00, 0x01, 0x00,
    0xfe, 0xff, 0x05, 0x00, 0x00, 0x00, 0x01, 0x00, 0x10, 0x00, 0x09, 0x00, 0x00, 0x00, 0x01, 0x00,
    0x00, 0x80, 0x04, 0x00, 0x00, 0x00, 0x01, 0x00, 0x01, 0x00, 0x04, 0x00, 0x00, 0x00, 0x01, 0x00,
    0x15, 0x00, 0x09, 0x00, 0x00, 0x00, 0x01, 0x00, 0xf6, 0xff, 0x08, 0x00, 0x00, 0x00, 0x01, 0x00,
    0xf3, 0xff, 0x08, 0x00, 0x00, 0x00, 0x01, 0x00, 0xff, 0xff, 0x04, 0x00, 0x00, 0x00, 0x01, 0x00,
    0x02, 0x00, 0x05, 0x00, 0x00, 0x00, 0x01, 0x00, 0xfb, 0xff, 0x07, 0x00, 0x00, 0x00, 0x01, 0x00,
    0x00, 0x80, 0x04, 0x00, 0x00, 0x00, 0x01, 0x00, 0x01, 0x00, 0x04, 0x00, 0x00, 0x00, 0x01, 0x00,
    0xfa, 0xff, 0x07, 0x00, 0x00, 0x00, 0x01, 0x00, 0xfd, 0xff, 0x06, 0x00, 0x00, 0x00, 0x01, 0x00,
    0xfc, 0xff, 0x06, 0x00, 0x00, 0x00, 0x01, 0x00, 0xff, 0xff, 0x04, 0x00, 0x00, 0x00, 0x01, 0x00,
    0xfe, 0xff, 0x05, 0x00, 0x00, 0x00, 0x01, 0x00, 0xf8, 0xff, 0x08, 0x00, 0x00, 0x00, 0x01, 0x00,
    0x00, 0x80, 0x04, 0x00, 0x00, 0x00, 0x01, 0x00, 0x01, 0x00, 0x04, 0x00, 0x00, 0x00, 0x01, 0x00,
    0x07, 0x00, 0x07, 0x00, 0x00, 0x00, 0x01, 0x00, 0x0b, 0x00, 0x08, 0x00, 0x00, 0x00, 0x01, 0x00,
    0x0e, 0x00, 0x08, 0x00, 0x00, 0x00, 0x01, 0x00, 0xff, 0xff, 0x04, 0x00, 0x00, 0x00, 0x01, 0x00,
    0x02, 0x00, 0x05, 0x00, 0x00, 0x00, 0x01, 0x00, 0xcf, 0xff, 0x0b, 0x00, 0x00, 0x00, 0x01, 0x00,
    0x00, 0x80, 0x04, 0x00, 0x00, 0x00, 0x01, 0x00, 0x01, 0x00, 0x04, 0x00, 0x00, 0x00, 0x01, 0x00,
    0x0c, 0x00, 0x08, 0x00, 0x00, 0x00, 0x01, 0x00, 0x03, 0x00, 0x06, 0x00, 0x00, 0x00, 0x01, 0x00,
    0x04, 0x00, 0x06, 0x00, 0x00, 0x00, 0x01, 0x00, 0xff, 0xff, 0x04, 0x00, 0x00, 0x00, 0x01, 0x00,
    0xfe, 0xff, 0x05, 0x00, 0x00, 0x00, 0x01, 0x00, 0x09, 0x00, 0x08, 0x00, 0x00, 0x00, 0x01, 0x00,
    0x00, 0x80, 0x04, 0x00, 0x00, 0x00, 0x01, 0x00, 0x01, 0x00, 0x04, 0x00, 0x00, 0x00, 0x01, 0x00,
    0x24, 0x00, 0x0a, 0x00, 0x00, 0x00, 0x01, 0x00, 0x1e, 0x00, 0x0a, 0x00, 0x00, 0x00, 0x01, 0x00,
    0xe9, 0xff, 0x09, 0x00, 0x00, 0x00, 0x01, 0x00, 0xff, 0xff, 0x04, 0x00, 0x00, 0x00, 0x01, 0x00,
    0x02, 0x00, 0x05, 0x00, 0x00, 0x00, 0x01, 0x00, 0x05, 0x00, 0x07, 0x00, 0x00, 0x00, 0x01, 0x00,
    0x00, 0x80, 0x04, 0x00, 0x00, 0x00, 0x01, 0x00, 0x01, 0x00, 0x04, 0x00, 0x00, 0x00, 0x01, 0x00,
    0x06, 0x00, 0x07, 0x00, 0x00, 0x00, 0x01, 0x00, 0xfd, 0xff, 0x06, 0x00, 0x00, 0x00, 0x01, 0x00,
    0xfc, 0xff, 0x06, 0x00, 0x00, 0x00, 0x01, 0x00, 0xff, 0xff, 0x04, 0x00, 0x00, 0x00, 0x01, 0x00,
    0xfe, 0xff, 0x05, 0x00, 0x00, 0x00, 0x01, 0x00, 0x19, 0x00, 0x0a, 0x00, 0x00, 0x00, 0x01, 0x00,
    0x00, 0x80, 0x04, 0x00, 0x00, 0x00, 0x01, 0x00, 0x01, 0x00, 0x04, 0x00, 0x00, 0x00, 0x01, 0x00,
    0xf9, 0xff, 0x07, 0x00, 0x00, 0x00, 0x01, 0x00, 0xed, 0xff, 0x09, 0x00, 0x00, 0x00, 0x01, 0x00,
    0x0f, 0x00, 0x08, 0x00, 0x00, 0x00, 0x01, 0x00, 0xff, 0xff, 0x04, 0x00, 0x00, 0x00, 0x01, 0x00,
    0x02, 0x00, 0x05, 0x00, 0x00, 0x00, 0x01, 0x00, 0xc0, 0xff, 0x0b, 0x00, 0x00, 0x00, 0x01, 0x00,
    0x00, 0x80, 0x04, 0x00, 0x00, 0x00, 0x01, 0x00, 0x01, 0x00, 0x04, 0x00, 0x00, 0x00, 0x01, 0x00,
    0xec, 0xff, 0x09, 0x00, 0x00, 0x00, 0x01, 0x00, 0x03, 0x00, 0x06, 0x00, 0x00, 0x00, 0x01, 0x00,
    0x04, 0x00, 0x06, 0x00, 0x00, 0x00, 0x01, 0x00, 0xff, 0xff, 0x04, 0x00, 0x00, 0x00, 0x01, 0x00,
    0xfe, 0xff, 0x05, 0x00, 0x00, 0x00, 0x01, 0x00, 0x1a, 0x00, 0x0a, 0x00, 0x00, 0x00, 0x01, 0x00,
    0x00, 0x80, 0x04, 0x00, 0x00, 0x00, 0x01, 0x00, 0x01, 0x00, 0x04, 0x00, 0x00, 0x00, 0x01, 0x00,
    0x22, 0x00, 0x0a, 0x00, 0x00, 0x00, 0x01, 0x00, 0x0a, 0x00, 0x08, 0x00, 0x00, 0x00, 0x01, 0x00,
    0x0d, 0x00, 0x08, 0x00, 0x00, 0x00, 0x01, 0x00, 0xff, 0xff, 0x04, 0x00, 0x00, 0x00, 0x01, 0x00,
    0x02, 0x00, 0x05, 0x00, 0x00, 0x00, 0x01, 0x00, 0xfb, 0xff, 0x07, 0x00, 0x00, 0x00, 0x01, 0x00,
    0x00, 0x80, 0x04, 0x00, 0x00, 0x00, 0x01, 0x00, 0x01, 0x00, 0x04, 0x00, 0x00, 0x00, 0x01, 0x00,
    0xfa, 0xff, 0x07, 0x00, 0x00, 0x00, 0x01, 0x00, 0xfd, 0xff, 0x06, 0x00, 0x00, 0x00, 0x01, 0x00,
    0xfc, 0xff, 0x06, 0x00, 0x00, 0x00, 0x01, 0x00, 0xff, 0xff, 0x04, 0x00, 0x00, 0x00, 0x01, 0x00,
    0xfe, 0xff, 0x05, 0x00, 0x00, 0x00, 0x01, 0x00, 0x08, 0x00, 0x08, 0x00, 0x00, 0x00, 0x01, 0x00,
    0x00, 0x80, 0x04, 0x00, 0x00, 0x00, 0x01, 0x00, 0x01, 0x00, 0x04, 0x00, 0x00, 0x00, 0x01, 0x00,
    0x07, 0x00, 0x07, 0x00, 0x00, 0x00, 0x01, 0x00, 0xf5, 0xff, 0x08, 0x00, 0x00, 0x00, 0x01, 0x00,
    0xf2, 0xff, 0x08, 0x00, 0x00, 0x00, 0x01, 0x00, 0xff, 0xff, 0x04, 0x00, 0x00, 0x00, 0x01, 0x00,
    0x02, 0x00, 0x05, 0x00, 0x00, 0x00, 0x01, 0x00, 0xef, 0xff, 0x09, 0x00, 0x00, 0x00, 0x01, 0x00,
    0x00, 0x80, 0x04, 0x00, 0x00, 0x00, 0x01, 0x00, 0x01, 0x00, 0x04, 0x00, 0x00, 0x00, 0x01, 0x00,
    0xf4, 0xff, 0x08, 0x00, 0x00, 0x00, 0x01, 0x00, 0x03, 0x00, 0x06, 0x00, 0x00, 0x00, 0x01, 0x00,
    0x04, 0x00, 0x06, 0x00, 0x00, 0x00, 0x01, 0x00, 0xff, 0xff, 0x04, 0x00, 0x00, 0x00, 0x01, 0x00,
    0xfe, 0xff, 0x05, 0x00, 0x00, 0x00, 0x01, 0x00, 0xf7, 0xff, 0x08, 0x00, 0x00, 0x00, 0x01, 0x00,
    0x00, 0x80, 0x04, 0x00, 0x00, 0x00, 0x01, 0x00, 0x01, 0x00, 0x04, 0x00, 0x00, 0x00, 0x01, 0x00,
    0xea, 0xff, 0x09, 0x00, 0x00, 0x00, 0x01, 0x00, 0x7f, 0x00, 0x0a, 0x00, 0x00, 0x00, 0x01, 0x00,
    0xe8, 0xff, 0x09, 0x00, 0x00, 0x00, 0x01, 0x00, 0xff, 0xff, 0x04, 0x00, 0x00, 0x00, 0x01, 0x00,
    0x02, 0x00, 0x05, 0x00, 0x00, 0x00, 0x01, 0x00, 0x05, 0x00, 0x07, 0x00, 0x00, 0x00, 0x01, 0x00,
    0x00, 0x80, 0x04, 0x00, 0x00, 0x00, 0x01, 0x00, 0x01, 0x00, 0x04, 0x00, 0x00, 0x00, 0x01, 0x00,
    0x06, 0x00, 0x07, 0x00, 0x00, 0x00, 0x01, 0x00, 0xfd, 0xff, 0x06, 0x00, 0x00, 0x00, 0x01, 0x00,
    0xfc, 0xff, 0x06, 0x00, 0x00, 0x00, 0x01, 0x00, 0xff, 0xff, 0x04, 0x00, 0x00, 0x00, 0x01, 0x00,
    0xfe, 0xff, 0x05, 0x00, 0x00, 0x00, 0x01, 0x00, 0xd9, 0xff, 0x0b, 0x00, 0x00, 0x00, 0x01, 0x00,
    0x00, 0x80, 0x04, 0x00, 0x00, 0x00, 0x01, 0x00, 0x01, 0x00, 0x04, 0x00, 0x00, 0x00, 0x01, 0x00,
    0xf9, 0xff, 0x07, 0x00, 0x00, 0x00, 0x01, 0x00, 0xee, 0xff, 0x09, 0x00, 0x00, 0x00, 0x01, 0x00,
    0xf1, 0xff, 0x08, 0x00, 0x00, 0x00, 0x01, 0x00, 0xff, 0xff, 0x04, 0x00, 0x00, 0x00, 0x01, 0x00,
    0x02, 0x00, 0x05, 0x00, 0x00, 0x00, 0x01, 0x00, 0x1b, 0x00, 0x0a, 0x00, 0x00, 0x00, 0x01, 0x00,
    0x00, 0x80, 0x04, 0x00, 0x00, 0x00, 0x01, 0x00, 0x01, 0x00, 0x04, 0x00, 0x00, 0x00, 0x01, 0x00,
    0x80, 0x00, 0x0a, 0x00, 0x00, 0x00, 0x01, 0x00, 0x03, 0x00, 0x06, 0x00, 0x00, 0x00, 0x01, 0x00,
    0x04, 0x00, 0x06, 0x00, 0x00, 0x00, 0x01, 0x00, 0xff, 0xff, 0x04, 0x00, 0x00, 0x00, 0x01, 0x00,
    0xfe, 0xff, 0x05, 0x00, 0x00, 0x00, 0x01, 0x00, 0xf0, 0xff, 0x09, 0x00, 0x00, 0x00, 0x01, 0x00,
    0x00, 0x80, 0x04, 0x00, 0x00, 0x00, 0x01, 0x00, 0x01, 0x00, 0x04, 0x00, 0x00, 0x00, 0x01, 0x00,
    0xeb, 0xff, 0x09, 0x00, 0x00, 0x00, 0x01, 0x00, 0xf6, 0xff, 0x08, 0x00, 0x00, 0x00, 0x01, 0x00,
    0xf3, 0xff, 0x08, 0x00, 0x00, 0x00, 0x01, 0x00, 0xff, 0xff, 0x04, 0x00, 0x00, 0x00, 0x01, 0x00,
    0x02, 0x00, 0x05, 0x00, 0x00, 0x00, 0x01, 0x00, 0xfb, 0xff, 0x07, 0x00, 0x00, 0x00, 0x01, 0x00,
    0x00, 0x80, 0x04, 0x00, 0x00, 0x00, 0x01, 0x00, 0x01, 0x00, 0x04, 0x00, 0x00, 0x00, 0x01, 0x00,
    0xfa, 0xff, 0x07, 0x00, 0x00, 0x00, 0x01, 0x00, 0xfd, 0xff, 0x06, 0x00, 0x00, 0x00, 0x01, 0x00,
    0xfc, 0xff, 0x06, 0x00, 0x00, 0x00, 0x01, 0x00, 0xff, 0xff, 0x04, 0x00, 0x00, 0x00, 0x01, 0x00,
    0xfe, 0xff, 0x05, 0x00, 0x00, 0x00, 0x01, 0x00, 0xf8, 0xff, 0x08, 0x00, 0x00, 0x00, 0x01, 0x00,
    0x00, 0x80, 0x04, 0x00, 0x00, 0x00, 0x01, 0x00, 0x01, 0x00, 0x04, 0x00, 0x00, 0x00, 0x01, 0x00,
    0x07, 0x00, 0x07, 0x00, 0x00, 0x00, 0x01, 0x00, 0x0b, 0x00, 0x08, 0x00, 0x00, 0x00, 0x01, 0x00,
    0x0e, 0x00, 0x08, 0x00, 0x00, 0x00, 0x01, 0x00, 0xff, 0xff, 0x04, 0x00, 0x00, 0x00, 0x01, 0x00,
    0x02, 0x00, 0x05, 0x00, 0x00, 0x00, 0x01, 0x00, 0xe3, 0xff, 0x0a, 0x00, 0x00, 0x00, 0x01, 0x00,
    0x00, 0x80, 0x04, 0x00, 0x00, 0x00, 0x01, 0x00, 0x01, 0x00, 0x04, 0x00, 0x00, 0x00, 0x01, 0x00,
    0x0c, 0x00, 0x08, 0x00, 0x00, 0x00, 0x01, 0x00, 0x03, 0x00, 0x06, 0x00, 0x00, 0x00, 0x01, 0x00,
    0x04, 0x00, 0x06, 0x00, 0x00, 0x00, 0x01, 0x00, 0xff, 0xff, 0x04, 0x00, 0x00, 0x00, 0x01, 0x00,
    0xfe, 0xff, 0x05, 0x00, 0x00, 0x00, 0x01, 0x00, 0x09, 0x00, 0x08, 0x00, 0x00, 0x00, 0x01, 0x00,
    0x00, 0x80, 0x04, 0x00, 0x00, 0x00, 0x01, 0x00, 0x01, 0x00, 0x04, 0x00, 0x00, 0x00, 0x01, 0x00,
    0xdb, 0xff, 0x0a, 0x00, 0x00, 0x00, 0x01, 0x00, 0xe1, 0xff, 0x0a, 0x00, 0x00, 0x00, 0x01, 0x00,
    0x17, 0x00, 0x09, 0x00, 0x00, 0x00, 0x01, 0x00, 0xff, 0xff, 0x04, 0x00, 0x00, 0x00, 0x01, 0x00,
    0x02, 0x00, 0x05, 0x00, 0x00, 0x00, 0x01, 0x00, 0x05, 0x00, 0x07, 0x00, 0x00, 0x00, 0x01, 0x00,
    0x00, 0x80, 0x04, 0x00, 0x00, 0x00, 0x01, 0x00, 0x01, 0x00, 0x04, 0x00, 0x00, 0x00, 0x01, 0x00,
    0x06, 0x00, 0x07, 0x00, 0x00, 0x00, 0x01, 0x00, 0xfd, 0xff, 0x06, 0x00, 0x00, 0x00, 0x01, 0x00,
    0xfc, 0xff, 0x06, 0x00, 0x00, 0x00, 0x01, 0x00, 0xff, 0xff, 0x04, 0x00, 0x00, 0x00, 0x01, 0x00,
    0xfe, 0xff, 0x05, 0x00, 0x00, 0x00, 0x01, 0x00, 0xd8, 0xff, 0x0b, 0x00, 0x00, 0x00, 0x01, 0x00,
    0x00, 0x80, 0x04, 0x00, 0x00, 0x00, 0x01, 0x00, 0x01, 0x00, 0x04, 0x00, 0x00, 0x00, 0x01, 0x00,
    0xf9, 0xff, 0x07, 0x00, 0x00, 0x00, 0x01, 0x00, 0x13, 0x00, 0x09, 0x00, 0x00, 0x00, 0x01, 0x00,
    0x0f, 0x00, 0x08, 0x00, 0x00, 0x00, 0x01, 0x00, 0xff, 0xff, 0x04, 0x00, 0x00, 0x00, 0x01, 0x00,
    0x02, 0x00, 0x05, 0x00, 0x00, 0x00, 0x01, 0x00, 0xe4, 0xff, 0x0a, 0x00, 0x00, 0x00, 0x01, 0x00,
    0x00, 0x80, 0x04, 0x00, 0x00, 0x00, 0x01, 0x00, 0x01, 0x00, 0x04, 0x00, 0x00, 0x00, 0x01, 0x00,
    0x14, 0x00, 0x09, 0x00, 0x00, 0x00, 0x01, 0x00, 0x03, 0x00, 0x06, 0x00, 0x00, 0x00, 0x01, 0x00,
    0x04, 0x00, 0x06, 0x00, 0x00, 0x00, 0x01, 0x00, 0xff, 0xff, 0x04, 0x00, 0x00, 0x00, 0x01, 0x00,
    0xfe, 0xff, 0x05, 0x00, 0x00, 0x00, 0x01, 0x00, 0xd6, 0xff, 0x0b, 0x00, 0x00, 0x00, 0x01, 0x00,
    0x00, 0x80, 0x04, 0x00, 0x00, 0x00, 0x01, 0x00, 0x01, 0x00, 0x04, 0x00, 0x00, 0x00, 0x01, 0x00,
    0xdd, 0xff, 0x0a, 0x00, 0x00, 0x00, 0x01, 0x00, 0x0a, 0x00, 0x08, 0x00, 0x00, 0x00, 0x01, 0x00,
    0x0d, 0x00, 0x08, 0x00, 0x00, 0x00, 0x01, 0x00, 0xff, 0xff, 0x04, 0x00, 0x00, 0x00, 0x01, 0x00,
    0x02, 0x00, 0x05, 0x00, 0x00, 0x00, 0x01, 0x00, 0xfb, 0xff, 0x07, 0x00, 0x00, 0x00, 0x01, 0x00,
    0x00, 0x80, 0x04, 0x00, 0x00, 0x00, 0x01, 0x00, 0x01, 0x00, 0x04, 0x00, 0x00, 0x00, 0x01, 0x00,
    0xfa, 0xff, 0x07, 0x00, 0x00, 0x00, 0x01, 0x00, 0xfd, 0xff, 0x06, 0x00, 0x00, 0x00, 0x01, 0x00,
    0xfc, 0xff, 0x06, 0x00, 0x00, 0x00, 0x01, 0x00, 0xff, 0xff, 0x04, 0x00, 0x00, 0x00, 0x01, 0x00,
    0xfe, 0xff, 0x05, 0x00, 0x00, 0x00, 0x01, 0x00, 0x08, 0x00, 0x08, 0x00, 0x00, 0x00, 0x01, 0x00,
    0x00, 0x80, 0x04, 0x00, 0x00, 0x00, 0x01, 0x00, 0x01, 0x00, 0x04, 0x00, 0x00, 0x00, 0x01, 0x00,
    0x07, 0x00, 0x07, 0x00, 0x00, 0x00, 0x01, 0x00, 0xf5, 0xff, 0x08, 0x00, 0x00, 0x00, 0x01, 0x00,
    0xf2, 0xff, 0x08, 0x00, 0x00, 0x00, 0x01, 0x00, 0xff, 0xff, 0x04, 0x00, 0x00, 0x00, 0x01, 0x00,
    0x02, 0x00, 0x05, 0x00, 0x00, 0x00, 0x01, 0x00, 0x11, 0x00, 0x09, 0x00, 0x00, 0x00, 0x01, 0x00,
    0x00, 0x80, 0x04, 0x00, 0x00, 0x00, 0x01, 0x00, 0x01, 0x00, 0x04, 0x00, 0x00, 0x00, 0x01, 0x00,
    0xf4, 0xff, 0x08, 0x00, 0x00, 0x00, 0x01, 0x00, 0x03, 0x00, 0x06, 0x00, 0x00, 0x00, 0x01, 0x00,
    0x04, 0x00, 0x06, 0x00, 0x00, 0x00, 0x01, 0x00, 0xff, 0xff, 0x04, 0x00, 0x00, 0x00, 0x01, 0x00,
    0xfe, 0xff, 0x05, 0x00, 0x00, 0x00, 0x01, 0x00, 0xf7, 0xff, 0x08, 0x00, 0x00, 0x00, 0x01, 0x00,
    0x00, 0x80, 0x04, 0x00, 0x00, 0x00, 0x01, 0x00, 0x01, 0x00, 0x04, 0x00, 0x00, 0x00, 0x01, 0x00,
    0x16, 0x00, 0x09, 0x00, 0x00, 0x00, 0x01, 0x00, 0xd1, 0xff, 0x0b, 0x00, 0x00, 0x00, 0x01, 0x00,
    0x18, 0x00, 0x09, 0x00, 0x00, 0x00, 0x01, 0x00, 0xff, 0xff, 0x04, 0x00, 0x00, 0x00, 0x01, 0x00,
    0x02, 0x00, 0x05, 0x00, 0x00, 0x00, 0x01, 0x00, 0x05, 0x00, 0x07, 0x00, 0x00, 0x00, 0x01, 0x00,
    0x00, 0x80, 0x04, 0x00, 0x00, 0x00, 0x01, 0x00, 0x01, 0x00, 0x04, 0x00, 0x00, 0x00, 0x01, 0x00,
    0x06, 0x00, 0x07, 0x00, 0x00, 0x00, 0x01, 0x00, 0xfd, 0xff, 0x06, 0x00, 0x00, 0x00, 0x01, 0x00,
    0xfc, 0xff, 0x06, 0x00, 0x00, 0x00, 0x01, 0x00, 0xff, 0xff, 0x04, 0x00, 0x00, 0x00, 0x01, 0x00,
    0xfe, 0xff, 0x05, 0x00, 0x00, 0x00, 0x01, 0x00, 0xe0, 0xff, 0x0a, 0x00, 0x00, 0x00, 0x01, 0x00,
    0x00, 0x80, 0x04, 0x00, 0x00, 0x00, 0x01, 0x00, 0x01, 0x00, 0x04, 0x00, 0x00, 0x00, 0x01, 0x00,
    0xf9, 0xff, 0x07, 0x00, 0x00, 0x00, 0x01, 0x00, 0x12, 0x00, 0x09, 0x00, 0x00, 0x00, 0x01, 0x00,
    0xf1, 0xff, 0x08, 0x00, 0x00, 0x00, 0x01, 0x00, 0xff, 0xff, 0x04, 0x00, 0x00, 0x00, 0x01, 0x00,
    0x02, 0x00, 0x05, 0x00, 0x00, 0x00, 0x01, 0x00, 0xd4, 0xff, 0x0b, 0x00, 0x00, 0x00, 0x01, 0x00,
    0x00, 0x80, 0x04, 0x00, 0x00, 0x00, 0x01, 0x00, 0x01, 0x00, 0x04, 0x00, 0x00, 0x00, 0x01, 0x00,
    0xdf, 0xff, 0x0a, 0x00, 0x00, 0x00, 0x01, 0x00, 0x03, 0x00, 0x06, 0x00, 0x00, 0x00, 0x01, 0x00,
    0x04, 0x00, 0x06, 0x00, 0x00, 0x00, 0x01, 0x00, 0xff, 0xff, 0x04, 0x00, 0x00, 0x00, 0x01, 0x00,
    0xfe, 0xff, 0x05, 0x00, 0x00, 0x00, 0x01, 0x00, 0x10, 0x00, 0x09, 0x00, 0x00, 0x00, 0x01, 0x00,
    0x00, 0x80, 0x04, 0x00, 0x00, 0x00, 0x01, 0x00, 0x01, 0x00, 0x04, 0x00, 0x00, 0x00, 0x01, 0x00,
    0x15, 0x00, 0x09, 0x00, 0x00, 0x00, 0x01, 0x00, 0xf6, 0xff, 0x08, 0x00, 0x00, 0x00, 0x01, 0x00,
    0xf3, 0xff, 0x08, 0x00, 0x00, 0x00, 0x01, 0x00, 0xff, 0xff, 0x04, 0x00, 0x00, 0x00, 0x01, 0x00,
    0x02, 0x00, 0x05, 0x00, 0x00, 0x00, 0x01, 0x00, 0xfb, 0xff, 0x07, 0x00, 0x00, 0x00, 0x01, 0x00,
    0x00, 0x80, 0x04, 0x00, 0x00, 0x00, 0x01, 0x00, 0x01, 0x00, 0x04, 0x00, 0x00, 0x00, 0x01, 0x00,
    0xfa, 0xff, 0x07, 0x00, 0x00, 0x00, 0x01, 0x00, 0xfd, 0xff, 0x06, 0x00, 0x00, 0x00, 0x01, 0x00,
    0xfc, 0xff, 0x06, 0x00, 0x00, 0x00, 0x01, 0x00, 0xff, 0xff, 0x04, 0x00, 0x00, 0x00, 0x01, 0x00,
    0xfe, 0xff, 0x05, 0x00, 0x00, 0x00, 0x01, 0x00, 0xf8, 0xff, 0x08, 0x00, 0x00, 0x00, 0x01, 0x00,
    0x00, 0x80, 0x04, 0x00, 0x00, 0x00, 0x01, 0x00, 0x01, 0x00, 0x04, 0x00, 0x00, 0x00, 0x01, 0x00,
    0x07, 0x00, 0x07, 0x00, 0x00, 0x00, 0x01, 0x00, 0x0b, 0x00, 0x08, 0x00, 0x00, 0x00, 0x01, 0x00,
    0x0e, 0x00, 0x08, 0x00, 0x00, 0x00, 0x01, 0x00, 0xff, 0xff, 0x04, 0x00, 0x00, 0x00, 0x01, 0x00,
    0x02, 0x00, 0x05, 0x00, 0x00, 0x00, 0x01, 0x00, 0xd2, 0xff, 0x0b, 0x00, 0x00, 0x00, 0x01, 0x00,
    0x00, 0x80, 0x04, 0x00, 0x00, 0x00, 0x01, 0x00, 0x01, 0x00, 0x04, 0x00, 0x00, 0x00, 0x01, 0x00,
    0x0c, 0x00, 0x08, 0x00, 0x00, 0x00, 0x01, 0x00, 0x03, 0x00, 0x06, 0x00, 0x00, 0x00, 0x01, 0x00,
    0x04, 0x00, 0x06, 0x00, 0x00, 0x00, 0x01, 0x00, 0xff, 0xff, 0x04, 0x00, 0x00, 0x00, 0x01, 0x00,
    0xfe, 0xff, 0x05, 0x00, 0x00, 0x00, 0x01, 0x00, 0x09, 0x00, 0x08, 0x00, 0x00, 0x00, 0x01, 0x00,
    0x00, 0x80, 0x04, 0x00, 0x00, 0x00, 0x01, 0x00, 0x01, 0x00, 0x04, 0x00, 0x00, 0x00, 0x01, 0x00,
    0xdc, 0xff, 0x0a, 0x00, 0x00, 0x00, 0x01, 0x00, 0xe2, 0xff, 0x0a, 0x00, 0x00, 0x00, 0x01, 0x00,
    0xe9, 0xff, 0x09, 0x00, 0x00, 0x00, 0x01, 0x00, 0xff, 0xff, 0x04, 0x00, 0x00, 0x00, 0x01, 0x00,
    0x02, 0x00, 0x05, 0x00, 0x00, 0x00, 0x01, 0x00, 0x05, 0x00, 0x07, 0x00, 0x00, 0x00, 0x01, 0x00,
    0x00, 0x80, 0x04, 0x00, 0x00, 0x00, 0x01, 0x00, 0x01, 0x00, 0x04, 0x00, 0x00, 0x00, 0x01, 0x00,
    0x06, 0x00, 0x07, 0x00, 0x00, 0x00, 0x01, 0x00, 0xfd, 0xff, 0x06, 0x00, 0x00, 0x00, 0x01, 0x00,
    0xfc, 0xff, 0x06, 0x00, 0x00, 0x00, 0x01, 0x00, 0xff, 0xff, 0x04, 0x00, 0x00, 0x00, 0x01, 0x00,
    0xfe, 0xff, 0x05, 0x00, 0x00, 0x00, 0x01, 0x00, 0xe7, 0xff, 0x0a, 0x00, 0x00, 0x00, 0x01, 0x00,
    0x00, 0x80, 0x04, 0x00, 0x00, 0x00, 0x01, 0x00, 0x01, 0x00, 0x04, 0x00, 0x00, 0x00, 0x01, 0x00,
    0xf9, 0xff, 0x07, 0x00, 0x00, 0x00, 0x01, 0x00, 0xed, 0xff, 0x09, 0x00, 0x00, 0x00, 0x01, 0x00,
    0x0f, 0x00, 0x08, 0x00, 0x00, 0x00, 0x01, 0x00, 0xff, 0xff, 0x04, 0x00, 0x00, 0x00, 0x01, 0x00,
    0x02, 0x00, 0x05, 0x00, 0x00, 0x00, 0x01, 0x00, 0xd3, 0xff, 0x0b, 0x00, 0x00, 0x00, 0x01, 0x00,
    0x00, 0x80, 0x04, 0x00, 0x00, 0x00, 0x01, 0x00, 0x01, 0x00, 0x04, 0x00, 0x00, 0x00, 0x01, 0x00,
    0xec, 0xff, 0x09, 0x00, 0x00, 0x00, 0x01, 0x00, 0x03, 0x00, 0x06, 0x00, 0x00, 0x00, 0x01, 0x00,
    0x04, 0x00, 0x06, 0x00, 0x00, 0x00, 0x01, 0x00, 0xff, 0xff, 0x04, 0x00, 0x00, 0x00, 0x01, 0x00,
    0xfe, 0xff, 0x05, 0x00, 0x00, 0x00, 0x01, 0x00, 0xe6, 0xff, 0x0a, 0x00, 0x00, 0x00, 0x01, 0x00,
    0x00, 0x80, 0x04, 0x00, 0x00, 0x00, 0x01, 0x00, 0x01, 0x00, 0x04, 0x00, 0x00, 0x00, 0x01, 0x00,
    0xde, 0xff, 0x0a, 0x00, 0x00, 0x00, 0x01, 0x00, 0x0a, 0x00, 0x08, 0x00, 0x00, 0x00, 0x01, 0x00,
    0x0d, 0x00, 0x08, 0x00, 0x00, 0x00, 0x01, 0x00, 0xff, 0xff, 0x04, 0x00, 0x00, 0x00, 0x01, 0x00,
    0x02, 0x00, 0x05, 0x00, 0x00, 0x00, 0x01, 0x00, 0xfb, 0xff, 0x07, 0x00, 0x00, 0x00, 0x01, 0x00,
    0x00, 0x80, 0x04, 0x00, 0x00, 0x00, 0x01, 0x00, 0x01, 0x00, 0x04, 0x00, 0x00, 0x00, 0x01, 0x00,
    0xfa, 0xff, 0x07, 0x00, 0x00, 0x00, 0x01, 0x00, 0xfd, 0xff, 0x06, 0x00, 0x00, 0x00, 0x01, 0x00,
    0xfc, 0xff, 0x06, 0x00, 0x00, 0x00, 0x01, 0x00, 0xff, 0xff, 0x04, 0x00, 0x00, 0x00, 0x01, 0x00,
    0xfe, 0xff, 0x05, 0x00, 0x00, 0x00, 0x01, 0x00, 0x08, 0x00, 0x08, 0x00, 0x00, 0x00, 0x01, 0x00,
    0x00, 0x80, 0x04, 0x00, 0x00, 0x00, 0x01, 0x00, 0x01, 0x00, 0x04, 0x00, 0x00, 0x00, 0x01, 0x00,
    0x07, 0x00, 0x07, 0x00, 0x00, 0x00, 0x01, 0x00, 0xf5, 0xff, 0x08, 0x00, 0x00, 0x00, 0x01, 0x00,
    0xf2, 0xff, 0x08, 0x00, 0x00, 0x00, 0x01, 0x00, 0xff, 0xff, 0x04, 0x00, 0x00, 0x00, 0x01, 0x00,
    0x02, 0x00, 0x05, 0x00, 0x00, 0x00, 0x01, 0x00, 0xef, 0xff, 0x09, 0x00, 0x00, 0x00, 0x01, 0x00,
    0x00, 0x80, 0x04, 0x00, 0x00, 0x00, 0x01, 0x00, 0x01, 0x00, 0x04, 0x00, 0x00, 0x00, 0x01, 0x00,
    0xf4, 0xff, 0x08, 0x00, 0x00, 0x00, 0x01, 0x00, 0x03, 0x00, 0x06, 0x00, 0x00, 0x00, 0x01, 0x00,
    0x04, 0x00, 0x06, 0x00, 0x00, 0x00, 0x01, 0x00, 0xff, 0xff, 0x04, 0x00, 0x00, 0x00, 0x01, 0x00,
    0xfe, 0xff, 0x05, 0x00, 0x00, 0x00, 0x01, 0x00, 0xf7, 0xff, 0x08, 0x00, 0x00, 0x00, 0x01, 0x00,
    0x00, 0x80, 0x04, 0x00, 0x00, 0x00, 0x01, 0x00, 0x01, 0x00, 0x04, 0x00, 0x00, 0x00, 0x01, 0x00,
    0xea, 0xff, 0x09, 0x00, 0x00, 0x00, 0x01, 0x00, 0x81, 0xff, 0x0a, 0x00, 0x00, 0x00, 0x01, 0x00,
    0xe8, 0xff, 0x09, 0x00, 0x00, 0x00, 0x01, 0x00, 0xff, 0xff, 0x04, 0x00, 0x00, 0x00, 0x01, 0x00,
    0x02, 0x00, 0x05, 0x00, 0x00, 0x00, 0x01, 0x00, 0x05, 0x00, 0x07, 0x00, 0x00, 0x00, 0x01, 0x00,
    0x00, 0x80, 0x04, 0x00, 0x00, 0x00, 0x01, 0x00, 0x01, 0x00, 0x04, 0x00, 0x00, 0x00, 0x01, 0x00,
    0x06, 0x00, 0x07, 0x00, 0x00, 0x00, 0x01, 0x00, 0xfd, 0xff, 0x06, 0x00, 0x00, 0x00, 0x01, 0x00,
    0xfc, 0xff, 0x06, 0x00, 0x00, 0x00, 0x01, 0x00, 0xff, 0xff, 0x04, 0x00, 0x00, 0x00, 0x01, 0x00,
    0xfe, 0xff, 0x05, 0x00, 0x00, 0x00, 0x01, 0x00, 0xda, 0xff, 0x0b, 0x00, 0x00, 0x00, 0x01, 0x00,
    0x00, 0x80, 0x04, 0x00, 0x00, 0x00, 0x01, 0x00, 0x01, 0x00, 0x04, 0x00, 0x00, 0x00, 0x01, 0x00,
    0xf9, 0xff, 0x07, 0x00, 0x00, 0x00, 0x01, 0x00, 0xee, 0xff, 0x09, 0x00, 0x00, 0x00, 0x01, 0x00,
    0xf1, 0xff, 0x08, 0x00, 0x00, 0x00, 0x01, 0x00, 0xff, 0xff, 0x04, 0x00, 0x00, 0x00, 0x01, 0x00,
    0x02, 0x00, 0x05, 0x00, 0x00, 0x00, 0x01, 0x00, 0xe5, 0xff, 0x0a, 0x00, 0x00, 0x00, 0x01, 0x00,
    0x00, 0x80, 0x04, 0x00, 0x00, 0x00, 0x01, 0x00, 0x01, 0x00, 0x04, 0x00, 0x00, 0x00, 0x01, 0x00,
    0x80, 0xff, 0x0a, 0x00, 0x00, 0x00, 0x01, 0x00, 0x03, 0x00, 0x06, 0x00, 0x00, 0x00, 0x01, 0x00,
    0x04, 0x00, 0x06, 0x00, 0x00, 0x00, 0x01, 0x00, 0xff, 0xff, 0x04, 0x00, 0x00, 0x00, 0x01, 0x00,
    0xfe, 0xff, 0x05, 0x00, 0x00, 0x00, 0x01, 0x00, 0xf0, 0xff, 0x09, 0x00, 0x00, 0x00, 0x01, 0x00,
    0x00, 0x80, 0x04, 0x00, 0x00, 0x00, 0x01, 0x00, 0x01, 0x00, 0x04, 0x00, 0x00, 0x00, 0x01, 0x00,
    0xeb, 0xff, 0x09, 0x00, 0x00, 0x00, 0x01, 0x00, 0xf6, 0xff, 0x08, 0x00, 0x00, 0x00, 0x01, 0x00,
    0xf3, 0xff, 0x08, 0x00, 0x00, 0x00, 0x01, 0x00, 0xff, 0xff, 0x04, 0x00, 0x00, 0x00, 0x01, 0x00,
    0x02, 0x00, 0x05, 0x00, 0x00, 0x00, 0x01, 0x00, 0xfb, 0xff, 0x07, 0x00, 0x00, 0x00, 0x01, 0x00,
    0x00, 0x80, 0x04, 0x00, 0x00, 0x00, 0x01, 0x00, 0x01, 0x00, 0x04, 0x00, 0x00, 0x00, 0x01, 0x00,
    0xfa, 0xff, 0x07, 0x00, 0x00, 0x00, 0x01, 0x00, 0xfd, 0xff, 0x06, 0x00, 0x00, 0x00, 0x01, 0x00,
    0xfc, 0xff, 0x06, 0x00, 0x00, 0x00, 0x01, 0x00, 0xff, 0xff, 0x04, 0x00, 0x00, 0x00, 0x01, 0x00,
    0xfe, 0xff, 0x05, 0x00, 0x00, 0x00, 0x01, 0x00, 0xf8, 0xff, 0x08, 0x00, 0x00, 0x00, 0x01, 0x00,
    0x00, 0x80, 0x04, 0x00, 0x00, 0x00, 0x01, 0x00, 0x01, 0x00, 0x04, 0x00, 0x00, 0x00, 0x01, 0x00,
    0x07, 0x00, 0x07, 0x00, 0x00, 0x00, 0x01, 0x00, 0x0b, 0x00, 0x08, 0x00, 0x00, 0x00, 0x01, 0x00,
    0x0e, 0x00, 0x08, 0x00, 0x00, 0x00, 0x01, 0x00, 0xff, 0xff, 0x04, 0x00, 0x00, 0x00, 0x01, 0x00,
    0x02, 0x00, 0x05, 0x00, 0x00, 0x00, 0x01, 0x00, 0x1d, 0x00, 0x0a, 0x00, 0x00, 0x00, 0x01, 0x00,
    0x00, 0x80, 0x04, 0x00, 0x00, 0x00, 0x01, 0x00, 0x01, 0x00, 0x04, 0x00, 0x00, 0x00, 0x01, 0x00,
    0x0c, 0x00, 0x08, 0x00, 0x00, 0x00, 0x01, 0x00, 0x03, 0x00, 0x06, 0x00, 0x00, 0x00, 0x01, 0x00,
    0x04, 0x00, 0x06, 0x00, 0x00, 0x00, 0x01, 0x00, 0xff, 0xff, 0x04, 0x00, 0x00, 0x00, 0x01, 0x00,
    0xfe, 0xff, 0x05, 0x00, 0x00, 0x00, 0x01, 0x00, 0x09, 0x00, 0x08, 0x00, 0x00, 0x00, 0x01, 0x00,
    0x00, 0x80, 0x04, 0x00, 0x00, 0x00, 0x01, 0x00, 0x01, 0x00, 0x04, 0x00, 0x00, 0x00, 0x01, 0x00,
    0x25, 0x00, 0x0a, 0x00, 0x00, 0x00, 0x01, 0x00, 0x1f, 0x00, 0x0a, 0x00, 0x00, 0x00, 0x01, 0x00,
    0x17, 0x00, 0x09, 0x00, 0x00, 0x00, 0x01, 0x00, 0xff, 0xff, 0x04, 0x00, 0x00, 0x00, 0x01, 0x00,
    0x02, 0x00, 0x05, 0x00, 0x00, 0x00, 0x01, 0x00, 0x05, 0x00, 0x07, 0x00, 0x00, 0x00, 0x01, 0x00,
    0x00, 0x80, 0x04, 0x00, 0x00, 0x00, 0x01, 0x00, 0x01, 0x00, 0x04, 0x00, 0x00, 0x00, 0x01, 0x00,
    0x06, 0x00, 0x07, 0x00, 0x00, 0x00, 0x01, 0x00, 0xfd, 0xff, 0x06, 0x00, 0x00, 0x00, 0x01, 0x00,
    0xfc, 0xff, 0x06, 0x00, 0x00, 0x00, 0x01, 0x00, 0xff, 0xff, 0x04, 0x00, 0x00, 0x00, 0x01, 0x00,
    0xfe, 0xff, 0x05, 0x00, 0x00, 0x00, 0x01, 0x00, 0x29, 0x00, 0x0b, 0x00, 0x00, 0x00, 0x01, 0x00,
    0x00, 0x80, 0x04, 0x00, 0x00, 0x00, 0x01, 0x00, 0x01, 0x00, 0x04, 0x00, 0x00, 0x00, 0x01, 0x00,
    0xf9, 0xff, 0x07, 0x00, 0x00, 0x00, 0x01, 0x00, 0x13, 0x00, 0x09, 0x00, 0x00, 0x00, 0x01, 0x00,
    0x0f, 0x00, 0x08, 0x00, 0x00, 0x00, 0x01, 0x00, 0xff, 0xff, 0x04, 0x00, 0x00, 0x00, 0x01, 0x00,
    0x02, 0x00, 0x05, 0x00, 0x00, 0x00, 0x01, 0x00, 0x1c, 0x00, 0x0a, 0x00, 0x00, 0x00, 0x01, 0x00,
    0x00, 0x80, 0x04, 0x00, 0x00, 0x00, 0x01, 0x00, 0x01, 0x00, 0x04, 0x00, 0x00, 0x00, 0x01, 0x00,
    0x14, 0x00, 0x09, 0x00, 0x00, 0x00, 0x01, 0x00, 0x03, 0x00, 0x06, 0x00, 0x00, 0x00, 0x01, 0x00,
    0x04, 0x00, 0x06, 0x00, 0x00, 0x00, 0x01, 0x00, 0xff, 0xff, 0x04, 0x00, 0x00, 0x00, 0x01, 0x00,
    0xfe, 0xff, 0x05, 0x00, 0x00, 0x00, 0x01, 0x00, 0x2b, 0x00, 0x0b, 0x00, 0x00, 0x00, 0x01, 0x00,
    0x00, 0x80, 0x04, 0x00, 0x00, 0x00, 0x01, 0x00, 0x01, 0x00, 0x04, 0x00, 0x00, 0x00, 0x01, 0x00,
    0x23, 0x00, 0x0a, 0x00, 0x00, 0x00, 0x01, 0x00, 0x0a, 0x00, 0x08, 0x00, 0x00, 0x00, 0x01, 0x00,
    0x0d, 0x00, 0x08, 0x00, 0x00, 0x00, 0x01, 0x00, 0xff, 0xff, 0x04, 0x00, 0x00, 0x00, 0x01, 0x00,
    0x02, 0x00, 0x05, 0x00, 0x00, 0x00, 0x01, 0x00, 0xfb, 0xff, 0x07, 0x00, 0x00, 0x00, 0x01, 0x00,
    0x00, 0x80, 0x04, 0x00, 0x00, 0x00, 0x01, 0x00, 0x01, 0x00, 0x04, 0x00, 0x00, 0x00, 0x01, 0x00,
    0xfa, 0xff, 0x07, 0x00, 0x00, 0x00, 0x01, 0x00, 0xfd, 0xff, 0x06, 0x00, 0x00, 0x00, 0x01, 0x00,
    0xfc, 0xff, 0x06, 0x00, 0x00, 0x00, 0x01, 0x00, 0xff, 0xff, 0x04, 0x00, 0x00, 0x00, 0x01, 0x00,
    0xfe, 0xff, 0x05, 0x00, 0x00, 0x00, 0x01, 0x00, 0x08, 0x00, 0x08, 0x00, 0x00, 0x00, 0x01, 0x00,
    0x00, 0x80, 0x04, 0x00, 0x00, 0x00, 0x01, 0x00, 0x01, 0x00, 0x04, 0x00, 0x00, 0x00, 0x01, 0x00,
    0x07, 0x00, 0x07, 0x00, 0x00, 0x00, 0x01, 0x00, 0xf5, 0xff, 0x08, 0x00, 0x00, 0x00, 0x01, 0x00,
    0xf2, 0xff, 0x08, 0x00, 0x00, 0x00, 0x01, 0x00, 0xff, 0xff, 0x04, 0x00, 0x00, 0x00, 0x01, 0x00,
    0x02, 0x00, 0x05, 0x00, 0x00, 0x00, 0x01, 0x00, 0x11, 0x00, 0x09, 0x00, 0x00, 0x00, 0x01, 0x00,
    0x00, 0x80, 0x04, 0x00, 0x00, 0x00, 0x01, 0x00, 0x01, 0x00, 0x04, 0x00, 0x00, 0x00, 0x01, 0x00,
    0xf4, 0xff, 0x08, 0x00, 0x00, 0x00, 0x01, 0x00, 0x03, 0x00, 0x06, 0x00, 0x00, 0x00, 0x01, 0x00,
    0x04, 0x00, 0x06, 0x00, 0x00, 0x00, 0x01, 0x00, 0xff, 0xff, 0x04, 0x00, 0x00, 0x00, 0x01, 0x00,
    0xfe, 0xff, 0x05, 0x00, 0x00, 0x00, 0x01, 0x00, 0xf7, 0xff, 0x08, 0x00, 0x00, 0x00, 0x01, 0x00,
    0x00, 0x80, 0x04, 0x00, 0x00, 0x00, 0x01, 0x00, 0x01, 0x00, 0x04, 0x00, 0x00, 0x00, 0x01, 0x00,
    0x16, 0x00, 0x09, 0x00, 0x00, 0x00, 0x01, 0x00, 0x32, 0x00, 0x0b, 0x00, 0x00, 0x00, 0x01, 0x00,
    0x18, 0x00, 0x09, 0x00, 0x00, 0x00, 0x01, 0x00, 0xff, 0xff, 0x04, 0x00, 0x00, 0x00, 0x01, 0x00,
    0x02, 0x00, 0x05, 0x00, 0x00, 0x00, 0x01, 0x00, 0x05, 0x00, 0x07, 0x00, 0x00, 0x00, 0x01, 0x00,
    0x00, 0x80, 0x04, 0x00, 0x00, 0x00, 0x01, 0x00, 0x01, 0x00, 0x04, 0x00, 0x00, 0x00, 0x01, 0x00,
    0x06, 0x00, 0x07, 0x00, 0x00, 0x00, 0x01, 0x00, 0xfd, 0xff, 0x06, 0x00, 0x00, 0x00, 0x01, 0x00,
    0xfc, 0xff, 0x06, 0x00, 0x00, 0x00, 0x01, 0x00, 0xff, 0xff, 0x04, 0x00, 0x00, 0x00, 0x01, 0x00,
    0xfe, 0xff, 0x05, 0x00, 0x00, 0x00, 0x01, 0x00, 0x20, 0x00, 0x0a, 0x00, 0x00, 0x00, 0x01, 0x00,
    0x00, 0x80, 0x04, 0x00, 0x00, 0x00, 0x01, 0x00, 0x01, 0x00, 0x04, 0x00, 0x00, 0x00, 0x01, 0x00,
    0xf9, 0xff, 0x07, 0x00, 0x00, 0x00, 0x01, 0x00, 0x12, 0x00, 0x09, 0x00, 0x00, 0x00, 0x01, 0x00,
    0xf1, 0xff, 0x08, 0x00, 0x00, 0x00, 0x01, 0x00, 0xff, 0xff, 0x04, 0x00, 0x00, 0x00, 0x01, 0x00,
    0x02, 0x00, 0x05, 0x00, 0x00, 0x00, 0x01, 0x00, 0x30, 0x00, 0x0b, 0x00, 0x00, 0x00, 0x01, 0x00,
    0x00, 0x80, 0x04, 0x00, 0x00, 0x00, 0x01, 0x00, 0x01, 0x00, 0x04, 0x00, 0x00, 0x00, 0x01, 0x00,
    0x21, 0x00, 0x0a, 0x00, 0x00, 0x00, 0x01, 0x00, 0x03, 0x00, 0x06, 0x00, 0x00, 0x00, 0x01, 0x00,
    0x04, 0x00, 0x06, 0x00, 0x00, 0x00, 0x01, 0x00, 0xff, 0xff, 0x04, 0x00, 0x00, 0x00, 0x01, 0x00,
    0xfe, 0xff, 0x05, 0x00, 0x00, 0x00, 0x01, 0x00, 0x10, 0x00, 0x09, 0x00, 0x00, 0x00, 0x01, 0x00,
    0x00, 0x80, 0x04, 0x00, 0x00, 0x00, 0x01, 0x00, 0x01, 0x00, 0x04, 0x00, 0x00, 0x00, 0x01, 0x00,
    0x15, 0x00, 0x09, 0x00, 0x00, 0x00, 0x01, 0x00, 0xf6, 0xff, 0x08, 0x00, 0x00, 0x00, 0x01, 0x00,
    0xf3, 0xff, 0x08, 0x00, 0x00, 0x00, 0x01, 0x00, 0xff, 0xff, 0x04, 0x00, 0x00, 0x00, 0x01, 0x00,
    0x02, 0x00, 0x05, 0x00, 0x00, 0x00, 0x01, 0x00, 0xfb, 0xff, 0x07, 0x00, 0x00, 0x00, 0x01, 0x00,
    0x00, 0x80, 0x04, 0x00, 0x00, 0x00, 0x01, 0x00, 0x01, 0x00, 0x04, 0x00, 0x00, 0x00, 0x01, 0x00,
    0xfa, 0xff, 0x07, 0x00, 0x00, 0x00, 0x01, 0x00, 0xfd, 0xff, 0x06, 0x00, 0x00, 0x00, 0x01, 0x00,
    0xfc, 0xff, 0x06, 0x00, 0x00, 0x00, 0x01, 0x00, 0xff, 0xff, 0x04, 0x00, 0x00, 0x00, 0x01, 0x00,
    0xfe, 0xff, 0x05, 0x00, 0x00, 0x00, 0x01, 0x00, 0xf8, 0xff, 0x08, 0x00, 0x00, 0x00, 0x01, 0x00,
    0x00, 0x80, 0x04, 0x00, 0x00, 0x00, 0x01, 0x00, 0x01, 0x00, 0x04, 0x00, 0x00, 0x00, 0x01, 0x00,
    0x07, 0x00, 0x07, 0x00, 0x00, 0x00, 0x01, 0x00, 0x0b, 0x00, 0x08, 0x00, 0x00, 0x00, 0x01, 0x00,
    0x0e, 0x00, 0x08, 0x00, 0x00, 0x00, 0x01, 0x00, 0xff, 0xff, 0x04, 0x00, 0x00, 0x00, 0x01, 0x00,
    0x02, 0x00, 0x05, 0x00, 0x00, 0x00, 0x01, 0x00, 0x31, 0x00, 0x0b, 0x00, 0x00, 0x00, 0x01, 0x00,
    0x00, 0x80, 0x04, 0x00, 0x00, 0x00, 0x01, 0x00, 0x01, 0x00, 0x04, 0x00, 0x00, 0x00, 0x01, 0x00,
    0x0c, 0x00, 0x08, 0x00, 0x00, 0x00, 0x01, 0x00, 0x03, 0x00, 0x06, 0x00, 0x00, 0x00, 0x01, 0x00,
    0x04, 0x00, 0x06, 0x00, 0x00, 0x00, 0x01, 0x00, 0xff, 0xff, 0x04, 0x00, 0x00, 0x00, 0x01, 0x00,
    0xfe, 0xff, 0x05, 0x00, 0x00, 0x00, 0x01, 0x00, 0x09, 0x00, 0x08, 0x00, 0x00, 0x00, 0x01, 0x00,
    0x00, 0x80, 0x04, 0x00, 0x00, 0x00, 0x01, 0x00, 0x01, 0x00, 0x04, 0x00, 0x00, 0x00, 0x01, 0x00,
    0x24, 0x00, 0x0a, 0x00, 0x00, 0x00, 0x01, 0x00, 0x1e, 0x00, 0x0a, 0x00, 0x00, 0x00, 0x01, 0x00,
    0xe9, 0xff, 0x09, 0x00, 0x00, 0x00, 0x01, 0x00, 0xff, 0xff, 0x04, 0x00, 0x00, 0x00, 0x01, 0x00,
    0x02, 0x00, 0x05, 0x00, 0x00, 0x00, 0x01, 0x00, 0x05, 0x00, 0x07, 0x00, 0x00, 0x00, 0x01, 0x00,
    0x00, 0x80, 0x04, 0x00, 0x00, 0x00, 0x01, 0x00, 0x01, 0x00, 0x04, 0x00, 0x00, 0x00, 0x01, 0x00,
    0x06, 0x00, 0x07, 0x00, 0x00, 0x00, 0x01, 0x00, 0xfd, 0xff, 0x06, 0x00, 0x00, 0x00, 0x01, 0x00,
    0xfc, 0xff, 0x06, 0x00, 0x00, 0x00, 0x01, 0x00, 0xff, 0xff, 0x04, 0x00, 0x00, 0x00, 0x01, 0x00,
    0xfe, 0xff, 0x05, 0x00, 0x00, 0x00, 0x01, 0x00, 0x19, 0x00, 0x0a, 0x00, 0x00, 0x00, 0x01, 0x00,
    0x00, 0x80, 0x04, 0x00, 0x00, 0x00, 0x01, 0x00, 0x01, 0x00, 0x04, 0x00, 0x00, 0x00, 0x01, 0x00,
    0xf9, 0xff, 0x07, 0x00, 0x00, 0x00, 0x01, 0x00, 0xed, 0xff, 0x09, 0x00, 0x00, 0x00, 0x01, 0x00,
    0x0f, 0x00, 0x08, 0x00, 0x00, 0x00, 0x01, 0x00, 0xff, 0xff, 0x04, 0x00, 0x00, 0x00, 0x01, 0x00,
    0x02, 0x00, 0x05, 0x00, 0x00, 0x00, 0x01, 0x00, 0x40, 0x00, 0x0b, 0x00, 0x00, 0x00, 0x01, 0x00,
    0x00, 0x80, 0x04, 0x00, 0x00, 0x00, 0x01, 0x00, 0x01, 0x00, 0x04, 0x00, 0x00, 0x00, 0x01, 0x00,
    0xec, 0xff, 0x09, 0x00, 0x00, 0x00, 0x01, 0x00, 0x03, 0x00, 0x06, 0x00, 0x00, 0x00, 0x01, 0x00,
    0x04, 0x00, 0x06, 0x00, 0x00, 0x00, 0x01, 0x00, 0xff, 0xff, 0x04, 0x00, 0x00, 0x00, 0x01, 0x00,
    0xfe, 0xff, 0x05, 0x00, 0x00, 0x00, 0x01, 0x00, 0x1a, 0x00, 0x0a, 0x00, 0x00, 0x00, 0x01, 0x00,
    0x00, 0x80, 0x04, 0x00, 0x00, 0x00, 0x01, 0x00, 0x01, 0x00, 0x04, 0x00, 0x00, 0x00, 0x01, 0x00,
    0x22, 0x00, 0x0a, 0x00, 0x00, 0x00, 0x01, 0x00, 0x0a, 0x00, 0x08, 0x00, 0x00, 0x00, 0x01, 0x00,
    0x0d, 0x00, 0x08, 0x00, 0x00, 0x00, 0x01, 0x00, 0xff, 0xff, 0x04, 0x00, 0x00, 0x00, 0x01, 0x00,
    0x02, 0x00, 0x05, 0x00, 0x00, 0x00, 0x01, 0x00, 0xfb, 0xff, 0x07, 0x00, 0x00, 0x00, 0x01, 0x00,
    0x00, 0x80, 0x04, 0x00, 0x00, 0x00, 0x01, 0x00, 0x01, 0x00, 0x04, 0x00, 0x00, 0x00, 0x01, 0x00,
    0xfa, 0xff, 0x07, 0x00, 0x00, 0x00, 0x01, 0x00, 0xfd, 0xff, 0x06, 0x00, 0x00, 0x00, 0x01, 0x00,
    0xfc, 0xff, 0x06, 0x00, 0x00, 0x00, 0x01, 0x00, 0xff, 0xff, 0x04, 0x00, 0x00, 0x00, 0x01, 0x00,
    0xfe, 0xff, 0x05, 0x00, 0x00, 0x00, 0x01, 0x00, 0x08, 0x00, 0x08, 0x00, 0x00, 0x00, 0x01, 0x00,
    0x00, 0x80, 0x04, 0x00, 0x00, 0x00, 0x01, 0x00, 0x01, 0x00, 0x04, 0x00, 0x00, 0x00, 0x01, 0x00,
    0x07, 0x00, 0x07, 0x00, 0x00, 0x00, 0x01, 0x00, 0xf5, 0xff, 0x08, 0x00, 0x00, 0x00, 0x01, 0x00,
    0xf2, 0xff, 0x08, 0x00, 0x00, 0x00, 0x01, 0x00, 0xff, 0xff, 0x04, 0x00, 0x00, 0x00, 0x01, 0x00,
    0x02, 0x00, 0x05, 0x00, 0x00, 0x00, 0x01, 0x00, 0xef, 0xff, 0x09, 0x00, 0x00, 0x00, 0x01, 0x00,
    0x00, 0x80, 0x04, 0x00, 0x00, 0x00, 0x01, 0x00, 0x01, 0x00, 0x04, 0x00, 0x00, 0x00, 0x01, 0x00,
    0xf4, 0xff, 0x08, 0x00, 0x00, 0x00, 0x01, 0x00, 0x03, 0x00, 0x06, 0x00, 0x00, 0x00, 0x01, 0x00,
    0x04, 0x00, 0x06, 0x00, 0x00, 0x00, 0x01, 0x00, 0xff, 0xff, 0x04, 0x00, 0x00, 0x00, 0x01, 0x00,
    0xfe, 0xff, 0x05, 0x00, 0x00, 0x00, 0x01, 0x00, 0xf7, 0xff, 0x08, 0x00, 0x00, 0x00, 0x01, 0x00,
    0x00, 0x80, 0x04, 0x00, 0x00, 0x00, 0x01, 0x00, 0x01, 0x00, 0x04, 0x00, 0x00, 0x00, 0x01, 0x00,
    0xea, 0xff, 0x09, 0x00, 0x00, 0x00, 0x01, 0x00, 0x7f, 0x00, 0x0a, 0x00, 0x00, 0x00, 0x01, 0x00,
    0xe8, 0xff, 0x09, 0x00, 0x00, 0x00, 0x01, 0x00, 0xff, 0xff, 0x04, 0x00, 0x00, 0x00, 0x01, 0x00,
    0x02, 0x00, 0x05, 0x00, 0x00, 0x00, 0x01, 0x00, 0x05, 0x00, 0x07, 0x00, 0x00, 0x00, 0x01, 0x00,
    0x00, 0x80, 0x04, 0x00, 0x00, 0x00, 0x01, 0x00, 0x01, 0x00, 0x04, 0x00, 0x00, 0x00, 0x01, 0x00,
    0x06, 0x00, 0x07, 0x00, 0x00, 0x00, 0x01, 0x00, 0xfd, 0xff, 0x06, 0x00, 0x00, 0x00, 0x01, 0x00,
    0xfc, 0xff, 0x06, 0x00, 0x00, 0x00, 0x01, 0x00, 0xff, 0xff, 0x04, 0x00, 0x00, 0x00, 0x01, 0x00,
    0xfe, 0xff, 0x05, 0x00, 0x00, 0x00, 0x01, 0x00, 0x27, 0x00, 0x0b, 0x00, 0x00, 0x00, 0x01, 0x00,
    0x00, 0x80, 0x04, 0x00, 0x00, 0x00, 0x01, 0x00, 0x01, 0x00, 0x04, 0x00, 0x00, 0x00, 0x01, 0x00,
    0xf9, 0xff, 0x07, 0x00, 0x00, 0x00, 0x01, 0x00, 0xee, 0xff, 0x09, 0x00, 0x00, 0x00, 0x01, 0x00,
    0xf1, 0xff, 0x08, 0x00, 0x00, 0x00, 0x01, 0x00, 0xff, 0xff, 0x04, 0x00, 0x00, 0x00, 0x01, 0x00,
    0x02, 0x00, 0x05, 0x00, 0x00, 0x00, 0x01, 0x00, 0x1b, 0x00, 0x0a, 0x00, 0x00, 0x00, 0x01, 0x00,
    0x00, 0x80, 0x04, 0x00, 0x00, 0x00, 0x01, 0x00, 0x01, 0x00, 0x04, 0x00, 0x00, 0x00, 0x01, 0x00,
    0x80, 0x00, 0x0a, 0x00, 0x00, 0x00, 0x01, 0x00, 0x03, 0x00, 0x06, 0x00, 0x00, 0x00, 0x01, 0x00,
    0x04, 0x00, 0x06, 0x00, 0x00, 0x00, 0x01, 0x00, 0xff, 0xff, 0x04, 0x00, 0x00, 0x00, 0x01, 0x00,
    0xfe, 0xff, 0x05, 0x00, 0x00, 0x00, 0x01, 0x00, 0xf0, 0xff, 0x09, 0x00, 0x00, 0x00, 0x01, 0x00,
    0x00, 0x80, 0x04, 0x00, 0x00, 0x00, 0x01, 0x00, 0x01, 0x00, 0x04, 0x00, 0x00, 0x00, 0x01, 0x00,
    0xeb, 0xff, 0x09, 0x00, 0x00, 0x00, 0x01, 0x00, 0xf6, 0xff, 0x08, 0x00, 0x00, 0x00, 0x01, 0x00,
    0xf3, 0xff, 0x08, 0x00, 0x00, 0x00, 0x01, 0x00, 0xff, 0xff, 0x04, 0x00, 0x00, 0x00, 0x01, 0x00,
    0x02, 0x00, 0x05, 0x00, 0x00, 0x00, 0x01, 0x00, 0xfb, 0xff, 0x07, 0x00, 0x00, 0x00, 0x01, 0x00,
    0x00, 0x80, 0x04, 0x00, 0x00, 0x00, 0x01, 0x00, 0x01, 0x00, 0x04, 0x00, 0x00, 0x00, 0x01, 0x00,
    0xfa, 0xff, 0x07, 0x00, 0x00, 0x00, 0x01, 0x00, 0xfd, 0xff, 0x06, 0x00, 0x00, 0x00, 0x01, 0x00,
    0xfc, 0xff, 0x06, 0x00, 0x00, 0x00, 0x01, 0x00, 0xff, 0xff, 0x04, 0x00, 0x00, 0x00, 0x01, 0x00,
    0xfe, 0xff, 0x05, 0x00, 0x00, 0x00, 0x01, 0x00, 0xf8, 0xff, 0x08, 0x00, 0x00, 0x00, 0x01, 0x00,
    0x00, 0x80, 0x04, 0x00, 0x00, 0x00, 0x01, 0x00, 0x01, 0x00, 0x04, 0x00, 0x00, 0x00, 0x01, 0x00,
    0x07, 0x00, 0x07, 0x00, 0x00, 0x00, 0x01, 0x00, 0x0b, 0x00, 0x08, 0x00, 0x00, 0x00, 0x01, 0x00,
    0x0e, 0x00, 0x08, 0x00, 0x00, 0x00, 0x01, 0x00, 0xff, 0xff, 0x04, 0x00, 0x00, 0x00, 0x01, 0x00,
    0x02, 0x00, 0x05, 0x00, 0x00, 0x00, 0x01, 0x00, 0xe3, 0xff, 0x0a, 0x00, 0x00, 0x00, 0x01, 0x00,
    0x00, 0x80, 0x04, 0x00, 0x00, 0x00, 0x01, 0x00, 0x01, 0x00, 0x04, 0x00, 0x00, 0x00, 0x01, 0x00,
    0x0c, 0x00, 0x08, 0x00, 0x00, 0x00, 0x01, 0x00, 0x03, 0x00, 0x06, 0x00, 0x00, 0x00, 0x01, 0x00,
    0x04, 0x00, 0x06, 0x00, 0x00, 0x00, 0x01, 0x00, 0xff, 0xff, 0x04, 0x00, 0x00, 0x00, 0x01, 0x00,
    0xfe, 0xff, 0x05, 0x00, 0x00, 0x00, 0x01, 0x00, 0x09, 0x00, 0x08, 0x00, 0x00, 0x00, 0x01, 0x00,
    0x00, 0x80, 0x04, 0x00, 0x00, 0x00, 0x01, 0x00, 0x01, 0x00, 0x04, 0x00, 0x00, 0x00, 0x01, 0x00,
    0xdb, 0xff, 0x0a, 0x00, 0x00, 0x00, 0x01, 0x00, 0xe1, 0xff, 0x0a, 0x00, 0x00, 0x00, 0x01, 0x00,
    0x17, 0x00, 0x09, 0x00, 0x00, 0x00, 0x01, 0x00, 0xff, 0xff, 0x04, 0x00, 0x00, 0x00, 0x01, 0x00,
    0x02, 0x00, 0x05, 0x00, 0x00, 0x00, 0x01, 0x00, 0x05, 0x00, 0x07, 0x00, 0x00, 0x00, 0x01, 0x00,
    0x00, 0x80, 0x04, 0x00, 0x00, 0x00, 0x01, 0x00, 0x01, 0x00, 0x04, 0x00, 0x00, 0x00, 0x01, 0x00,
    0x06, 0x00, 0x07, 0x00, 0x00, 0x00, 0x01, 0x00, 0xfd, 0xff, 0x06, 0x00, 0x00, 0x00, 0x01, 0x00,
    0xfc, 0xff, 0x06, 0x00, 0x00, 0x00, 0x01, 0x00, 0xff, 0xff, 0x04, 0x00, 0x00, 0x00, 0x01, 0x00,
    0xfe, 0xff, 0x05, 0x00, 0x00, 0x00, 0x01, 0x00, 0x28, 0x00, 0x0b, 0x00, 0x00, 0x00, 0x01, 0x00,
    0x00, 0x80, 0x04, 0x00, 0x00, 0x00, 0x01, 0x00, 0x01, 0x00, 0x04, 0x00, 0x00, 0x00, 0x01, 0x00,
    0xf9, 0xff, 0x07, 0x00, 0x00, 0x00, 0x01, 0x00, 0x13, 0x00, 0x09, 0x00, 0x00, 0x00, 0x01, 0x00,
    0x0f, 0x00, 0x08, 0x00, 0x00, 0x00, 0x01, 0x00, 0xff, 0xff, 0x04, 0x00, 0x00, 0x00, 0x01, 0x00,
    0x02, 0x00, 0x05, 0x00, 0x00, 0x00, 0x01, 0x00, 0xe4, 0xff, 0x0a, 0x00, 0x00, 0x00, 0x01, 0x00,
    0x00, 0x80, 0x04, 0x00, 0x00, 0x00, 0x01, 0x00, 0x01, 0x00, 0x04, 0x00, 0x00, 0x00, 0x01, 0x00,
    0x14, 0x00, 0x09, 0x00, 0x00, 0x00, 0x01, 0x00, 0x03, 0x00, 0x06, 0x00, 0x00, 0x00, 0x01, 0x00,
    0x04, 0x00, 0x06, 0x00, 0x00, 0x00, 0x01, 0x00, 0xff, 0xff, 0x04, 0x00, 0x00, 0x00, 0x01, 0x00,
    0xfe, 0xff, 0x05, 0x00, 0x00, 0x00, 0x01, 0x00, 0x2a, 0x00, 0x0b, 0x00, 0x00, 0x00, 0x01, 0x00,
    0x00, 0x80, 0x04, 0x00, 0x00, 0x00, 0x01, 0x00, 0x01, 0x00, 0x04, 0x00, 0x00, 0x00, 0x01, 0x00,
    0xdd, 0xff, 0x0a, 0x00, 0x00, 0x00, 0x01, 0x00, 0x0a, 0x00, 0x08, 0x00, 0x00, 0x00, 0x01, 0x00,
    0x0d, 0x00, 0x08, 0x00, 0x00, 0x00, 0x01, 0x00, 0xff, 0xff, 0x04, 0x00, 0x00, 0x00, 0x01, 0x00,
    0x02, 0x00, 0x05, 0x00, 0x00, 0x00, 0x01, 0x00, 0xfb, 0xff, 0x07, 0x00, 0x00, 0x00, 0x01, 0x00,
    0x00, 0x80, 0x04, 0x00, 0x00, 0x00, 0x01, 0x00, 0x01, 0x00, 0x04, 0x00, 0x00, 0x00, 0x01, 0x00,
    0xfa, 0xff, 0x07, 0x00, 0x00, 0x00, 0x01, 0x00, 0xfd, 0xff, 0x06, 0x00, 0x00, 0x00, 0x01, 0x00,
    0xfc, 0xff, 0x06, 0x00, 0x00, 0x00, 0x01, 0x00, 0xff, 0xff, 0x04, 0x00, 0x00, 0x00, 0x01, 0x00,
    0xfe, 0xff, 0x05, 0x00, 0x00, 0x00, 0x01, 0x00, 0x08, 0x00, 0x08, 0x00, 0x00, 0x00, 0x01, 0x00,
    0x00, 0x80, 0x04, 0x00, 0x00, 0x00, 0x01, 0x00, 0x01, 0x00, 0x04, 0x00, 0x00, 0x00, 0x01, 0x00,
    0x07, 0x00, 0x07, 0x00, 0x00, 0x00, 0x01, 0x00, 0xf5, 0xff, 0x08, 0x00, 0x00, 0x00, 0x01, 0x00,
    0xf2, 0xff, 0x08, 0x00, 0x00, 0x00, 0x01, 0x00, 0xff, 0xff, 0x04, 0x00, 0x00, 0x00, 0x01, 0x00,
    0x02, 0x00, 0x05, 0x00, 0x00, 0x00, 0x01, 0x00, 0x11, 0x00, 0x09, 0x00, 0x00, 0x00, 0x01, 0x00,
    0x00, 0x80, 0x04, 0x00, 0x00, 0x00, 0x01, 0x00, 0x01, 0x00, 0x04, 0x00, 0x00, 0x00, 0x01, 0x00,
    0xf4, 0xff, 0x08, 0x00, 0x00, 0x00, 0x01, 0x00, 0x03, 0x00, 0x06, 0x00, 0x00, 0x00, 0x01, 0x00,
    0x04, 0x00, 0x06, 0x00, 0x00, 0x00, 0x01, 0x00, 0xff, 0xff, 0x04, 0x00, 0x00, 0x00, 0x01, 0x00,
    0xfe, 0xff, 0x05, 0x00, 0x00, 0x00, 0x01, 0x00, 0xf7, 0xff, 0x08, 0x00, 0x00, 0x00, 0x01, 0x00,
    0x00, 0x80, 0x04, 0x00, 0x00, 0x00, 0x01, 0x00, 0x01, 0x00, 0x04, 0x00, 0x00, 0x00, 0x01, 0x00,
    0x16, 0x00, 0x09, 0x00, 0x00, 0x00, 0x01, 0x00, 0x2f, 0x00, 0x0b, 0x00, 0x00, 0x00, 0x01, 0x00,
    0x18, 0x00, 0x09, 0x00, 0x00, 0x00, 0x01, 0x00, 0xff, 0xff, 0x04, 0x00, 0x00, 0x00, 0x01, 0x00,
    0x02, 0x00, 0x05, 0x00, 0x00, 0x00, 0x01, 0x00, 0x05, 0x00, 0x07, 0x00, 0x00, 0x00, 0x01, 0x00,
    0x00, 0x80, 0x04, 0x00, 0x00, 0x00, 0x01, 0x00, 0x01, 0x00, 0x04, 0x00, 0x00, 0x00, 0x01, 0x00,
    0x06, 0x00, 0x07, 0x00, 0x00, 0x00, 0x01, 0x00, 0xfd, 0xff, 0x06, 0x00, 0x00, 0x00, 0x01, 0x00,
    0xfc, 0xff, 0x06, 0x00, 0x00, 0x00, 0x01, 0x00, 0xff, 0xff, 0x04, 0x00, 0x00, 0x00, 0x01, 0x00,
    0xfe, 0xff, 0x05, 0x00, 0x00, 0x00, 0x01, 0x00, 0xe0, 0xff, 0x0a, 0x00, 0x00, 0x00, 0x01, 0x00,
    0x00, 0x80, 0x04, 0x00, 0x00, 0x00, 0x01, 0x00, 0x01, 0x00, 0x04, 0x00, 0x00, 0x00, 0x01, 0x00,
    0xf9, 0xff, 0x07, 0x00, 0x00, 0x00, 0x01, 0x00, 0x12, 0x00, 0x09, 0x00, 0x00, 0x00, 0x01, 0x00,
    0xf1, 0xff, 0x08, 0x00, 0x00, 0x00, 0x01, 0x00, 0xff, 0xff, 0x04, 0x00, 0x00, 0x00, 0x01, 0x00,
    0x02, 0x00, 0x05, 0x00, 0x00, 0x00, 0x01, 0x00, 0x2c, 0x00, 0x0b, 0x00, 0x00, 0x00, 0x01, 0x00,
    0x00, 0x80, 0x04, 0x00, 0x00, 0x00, 0x01, 0x00, 0x01, 0x00, 0x04, 0x00, 0x00, 0x00, 0x01, 0x00,
    0xdf, 0xff, 0x0a, 0x00, 0x00, 0x00, 0x01, 0x00, 0x03, 0x00, 0x06, 0x00, 0x00, 0x00, 0x01, 0x00,
    0x04, 0x00, 0x06, 0x00, 0x00, 0x00, 0x01, 0x00, 0xff, 0xff, 0x04, 0x00, 0x00, 0x00, 0x01, 0x00,
    0xfe, 0xff, 0x05, 0x00, 0x00, 0x00, 0x01, 0x00, 0x10, 0x00, 0x09, 0x00, 0x00, 0x00, 0x01, 0x00,
    0x00, 0x80, 0x04, 0x00, 0x00, 0x00, 0x01, 0x00, 0x01, 0x00, 0x04, 0x00, 0x00, 0x00, 0x01, 0x00,
    0x15, 0x00, 0x09, 0x00, 0x00, 0x00, 0x01, 0x00, 0xf6, 0xff, 0x08, 0x00, 0x00, 0x00, 0x01, 0x00,
    0xf3, 0xff, 0x08, 0x00, 0x00, 0x00, 0x01, 0x00, 0xff, 0xff, 0x04, 0x00, 0x00, 0x00, 0x01, 0x00,
    0x02, 0x00, 0x05, 0x00, 0x00, 0x00, 0x01, 0x00, 0xfb, 0xff, 0x07, 0x00, 0x00, 0x00, 0x01, 0x00,
    0x00, 0x80, 0x04, 0x00, 0x00, 0x00, 0x01, 0x00, 0x01, 0x00, 0x04, 0x00, 0x00, 0x00, 0x01, 0x00,
    0xfa, 0xff, 0x07, 0x00, 0x00, 0x00, 0x01, 0x00, 0xfd, 0xff, 0x06, 0x00, 0x00, 0x00, 0x01, 0x00,
    0xfc, 0xff, 0x06, 0x00, 0x00, 0x00, 0x01, 0x00, 0xff, 0xff, 0x04, 0x00, 0x00, 0x00, 0x01, 0x00,
    0xfe, 0xff, 0x05, 0x00, 0x00, 0x00, 0x01, 0x00, 0xf8, 0xff, 0x08, 0x00, 0x00, 0x00, 0x01, 0x00,
    0x00, 0x80, 0x04, 0x00, 0x00, 0x00, 0x01, 0x00, 0x01, 0x00, 0x04, 0x00, 0x00, 0x00, 0x01, 0x00,
    0x07, 0x00, 0x07, 0x00, 0x00, 0x00, 0x01, 0x00, 0x0b, 0x00, 0x08, 0x00, 0x00, 0x00, 0x01, 0x00,
    0x0e, 0x00, 0x08, 0x00, 0x00, 0x00, 0x01, 0x00, 0xff, 0xff, 0x04, 0x00, 0x00, 0x00, 0x01, 0x00,
    0x02, 0x00, 0x05, 0x00, 0x00, 0x00, 0x01, 0x00, 0x2e, 0x00, 0x0b, 0x00, 0x00, 0x00, 0x01, 0x00,
    0x00, 0x80, 0x04, 0x00, 0x00, 0x00, 0x01, 0x00, 0x01, 0x00, 0x04, 0x00, 0x00, 0x00, 0x01, 0x00,
    0x0c, 0x00, 0x08, 0x00, 0x00, 0x00, 0x01, 0x00, 0x03, 0x00, 0x06, 0x00, 0x00, 0x00, 0x01, 0x00,
    0x04, 0x00, 0x06, 0x00, 0x00, 0x00, 0x01, 0x00, 0xff, 0xff, 0x04, 0x00, 0x00, 0x00, 0x01, 0x00,
    0xfe, 0xff, 0x05, 0x00, 0x00, 0x00, 0x01, 0x00, 0x09, 0x00, 0x08, 0x00, 0x00, 0x00, 0x01, 0x00,
    0x00, 0x80, 0x04, 0x00, 0x00, 0x00, 0x01, 0x00, 0x01, 0x00, 0x04, 0x00, 0x00, 0x00, 0x01, 0x00,
    0xdc, 0xff, 0x0a, 0x00, 0x00, 0x00, 0x01, 0x00, 0xe2, 0xff, 0x0a, 0x00, 0x00, 0x00, 0x01, 0x00,
    0xe9, 0xff, 0x09, 0x00, 0x00, 0x00, 0x01, 0x00, 0xff, 0xff, 0x04, 0x00, 0x00, 0x00, 0x01, 0x00,
    0x02, 0x00, 0x05, 0x00, 0x00, 0x00, 0x01, 0x00, 0x05, 0x00, 0x07, 0x00, 0x00, 0x00, 0x01, 0x00,
    0x00, 0x80, 0x04, 0x00, 0x00, 0x00, 0x01, 0x00, 0x01, 0x00, 0x04, 0x00, 0x00, 0x00, 0x01, 0x00,
    0x06, 0x00, 0x07, 0x00, 0x00, 0x00, 0x01, 0x00, 0xfd, 0xff, 0x06, 0x00, 0x00, 0x00, 0x01, 0x00,
    0xfc, 0xff, 0x06, 0x00, 0x00, 0x00, 0x01, 0x00, 0xff, 0xff, 0x04, 0x00, 0x00, 0x00, 0x01, 0x00,
    0xfe, 0xff, 0x05, 0x00, 0x00, 0x00, 0x01, 0x00, 0xe7, 0xff, 0x0a, 0x00, 0x00, 0x00, 0x01, 0x00,
    0x00, 0x80, 0x04, 0x00, 0x00, 0x00, 0x01, 0x00, 0x01, 0x00, 0x04, 0x00, 0x00, 0x00, 0x01, 0x00,
    0xf9, 0xff, 0x07, 0x00, 0x00, 0x00, 0x01, 0x00, 0xed, 0xff, 0x09, 0x00, 0x00, 0x00, 0x01, 0x00,
    0x0f, 0x00, 0x08, 0x00, 0x00, 0x00, 0x01, 0x00, 0xff, 0xff, 0x04, 0x00, 0x00, 0x00, 0x01, 0x00,
    0x02, 0x00, 0x05, 0x00, 0x00, 0x00, 0x01, 0x00, 0x2d, 0x00, 0x0b, 0x00, 0x00, 0x00, 0x01, 0x00,
    0x00, 0x80, 0x04, 0x00, 0x00, 0x00, 0x01, 0x00, 0x01, 0x00, 0x04, 0x00, 0x00, 0x00, 0x01, 0x00,
    0xec, 0xff, 0x09, 0x00, 0x00, 0x00, 0x01, 0x00, 0x03, 0x00, 0x06, 0x00, 0x00, 0x00, 0x01, 0x00,
    0x04, 0x00, 0x06, 0x00, 0x00, 0x00, 0x01, 0x00, 0xff, 0xff, 0x04, 0x00, 0x00, 0x00, 0x01, 0x00,
    0xfe, 0xff, 0x05, 0x00, 0x00, 0x00, 0x01, 0x00, 0xe6, 0xff, 0x0a, 0x00, 0x00, 0x00, 0x01, 0x00,
    0x00, 0x80, 0x04, 0x00, 0x00, 0x00, 0x01, 0x00, 0x01, 0x00, 0x04, 0x00, 0x00, 0x00, 0x01, 0x00,
    0xde, 0xff, 0x0a, 0x00, 0x00, 0x00, 0x01, 0x00, 0x0a, 0x00, 0x08, 0x00, 0x00, 0x00, 0x01, 0x00,
    0x0d, 0x00, 0x08, 0x00, 0x00, 0x00, 0x01, 0x00, 0xff, 0xff, 0x04, 0x00, 0x00, 0x00, 0x01, 0x00,
    0x02, 0x00, 0x05, 0x00, 0x00, 0x00, 0x01, 0x00, 0xfb, 0xff, 0x07, 0x00, 0x00, 0x00, 0x01, 0x00,
    0x00, 0x80, 0x04, 0x00, 0x00, 0x00, 0x01, 0x00, 0x01, 0x00, 0x04, 0x00, 0x00, 0x00, 0x01, 0x00,
    0xfa, 0xff, 0x07, 0x00, 0x00, 0x00, 0x01, 0x00, 0xfd, 0xff, 0x06, 0x00, 0x00, 0x00, 0x01, 0x00,
    0xfc, 0xff, 0x06, 0x00, 0x00, 0x00, 0x01, 0x00, 0xff, 0xff, 0x04, 0x00, 0x00, 0x00, 0x01, 0x00,
    0xfe, 0xff, 0x05, 0x00, 0x00, 0x00, 0x01, 0x00, 0x08, 0x00, 0x08, 0x00, 0x00, 0x00, 0x01, 0x00,
    0x00, 0x80, 0x04, 0x00, 0x00, 0x00, 0x01, 0x00, 0x01, 0x00, 0x04, 0x00, 0x00, 0x00, 0x01, 0x00,
    0x07, 0x00, 0x07, 0x00, 0x00, 0x00, 0x01, 0x00, 0xf5, 0xff, 0x08, 0x00, 0x00, 0x00, 0x01, 0x00,
    0xf2, 0xff, 0x08, 0x00, 0x00, 0x00, 0x01, 0x00, 0xff, 0xff, 0x04, 0x00, 0x00, 0x00, 0x01, 0x00,
    0x02, 0x00, 0x05, 0x00, 0x00, 0x00, 0x01, 0x00, 0xef, 0xff, 0x09, 0x00, 0x00, 0x00, 0x01, 0x00,
    0x00, 0x80, 0x04, 0x00, 0x00, 0x00, 0x01, 0x00, 0x01, 0x00, 0x04, 0x00, 0x00, 0x00, 0x01, 0x00,
    0xf4, 0xff, 0x08, 0x00, 0x00, 0x00, 0x01, 0x00, 0x03, 0x00, 0x06, 0x00, 0x00, 0x00, 0x01, 0x00,
    0x04, 0x00, 0x06, 0x00, 0x00, 0x00, 0x01, 0x00, 0xff, 0xff, 0x04, 0x00, 0x00, 0x00, 0x01, 0x00,
    0xfe, 0xff, 0x05, 0x00, 0x00, 0x00, 0x01, 0x00, 0xf7, 0xff, 0x08, 0x00, 0x00, 0x00, 0x01, 0x00,
    0x00, 0x80, 0x04, 0x00, 0x00, 0x00, 0x01, 0x00, 0x01, 0x00, 0x04, 0x00, 0x00, 0x00, 0x01, 0x00,
    0xea, 0xff, 0x09, 0x00, 0x00, 0x00, 0x01, 0x00, 0x81, 0xff, 0x0a, 0x00, 0x00, 0x00, 0x01, 0x00,
    0xe8, 0xff, 0x09, 0x00, 0x00, 0x00, 0x01, 0x00, 0xff, 0xff, 0x04, 0x00, 0x00, 0x00, 0x01, 0x00,
    0x02, 0x00, 0x05, 0x00, 0x00, 0x00, 0x01, 0x00, 0x05, 0x00, 0x07, 0x00, 0x00, 0x00, 0x01, 0x00,
    0x00, 0x80, 0x04, 0x00, 0x00, 0x00, 0x01, 0x00, 0x01, 0x00, 0x04, 0x00, 0x00, 0x00, 0x01, 0x00,
    0x06, 0x00, 0x07, 0x00, 0x00, 0x00, 0x01, 0x00, 0xfd, 0xff, 0x06, 0x00, 0x00, 0x00, 0x01, 0x00,
    0xfc, 0xff, 0x06, 0x00, 0x00, 0x00, 0x01, 0x00, 0xff, 0xff, 0x04, 0x00, 0x00, 0x00, 0x01, 0x00,
    0xfe, 0xff, 0x05, 0x00, 0x00, 0x00, 0x01, 0x00, 0x26, 0x00, 0x0b, 0x00, 0x00, 0x00, 0x01, 0x00,
    0x00, 0x80, 0x04, 0x00, 0x00, 0x00, 0x01, 0x00, 0x01, 0x00, 0x04, 0x00, 0x00, 0x00, 0x01, 0x00,
    0xf9, 0xff, 0x07, 0x00, 0x00, 0x00, 0x01, 0x00, 0xee, 0xff, 0x09, 0x00, 0x00, 0x00, 0x01, 0x00,
    0xf1, 0xff, 0x08, 0x00, 0x00, 0x00, 0x01, 0x00, 0xff, 0xff, 0x04, 0x00, 0x00, 0x00, 0x01, 0x00,
    0x02, 0x00, 0x05, 0x00, 0x00, 0x00, 0x01, 0x00, 0xe5, 0xff, 0x0a, 0x00, 0x00, 0x00, 0x01, 0x00,
    0x00, 0x80, 0x04, 0x00, 0x00, 0x00, 0x01, 0x00, 0x01, 0x00, 0x04, 0x00, 0x00, 0x00, 0x01, 0x00,
    0x80, 0xff, 0x0a, 0x00, 0x00, 0x00, 0x01, 0x00, 0x03, 0x00, 0x06, 0x00, 0x00, 0x00, 0x01, 0x00,
    0x04, 0x00, 0x06, 0x00, 0x00, 0x00, 0x01, 0x00, 0xff, 0xff, 0x04, 0x00, 0x00, 0x00, 0x01, 0x00,
    0xfe, 0xff, 0x05, 0x00, 0x00, 0x00, 0x01, 0x00, 0xf0, 0xff, 0x09, 0x00, 0x00, 0x00, 0x01, 0x00,
    0x00, 0x80, 0x04, 0x00, 0x00, 0x00, 0x01, 0x00, 0x01, 0x00, 0x04, 0x00, 0x00, 0x00, 0x01, 0x00,
    0xeb, 0xff, 0x09, 0x00, 0x00, 0x00, 0x01, 0x00, 0xf6, 0xff, 0x08, 0x00, 0x00, 0x00, 0x01, 0x00,
    0xf3, 0xff, 0x08, 0x00, 0x00, 0x00, 0x01, 0x00, 0xff, 0xff, 0x04, 0x00, 0x00, 0x00, 0x01, 0x00,
    0x02, 0x00, 0x05, 0x00, 0x00, 0x00, 0x01, 0x00, 0xfb, 0xff, 0x07, 0x00, 0x00, 0x00, 0x01, 0x00,
    0x00, 0x80, 0x04, 0x00, 0x00, 0x00, 0x01, 0x00, 0x01, 0x00, 0x04, 0x00, 0x00, 0x00, 0x01, 0x00,
    0xfa, 0xff, 0x07, 0x00, 0x00, 0x00, 0x01, 0x00, 0xfd, 0xff, 0x06, 0x00, 0x00, 0x00, 0x01, 0x00,
    0xfc, 0xff, 0x06, 0x00, 0x00, 0x00, 0x01, 0x00, 0xff, 0xff, 0x04, 0x00, 0x00, 0x00, 0x01, 0x00,
    0xfe, 0xff, 0x05, 0x00, 0x00, 0x00, 0x01, 0x00, 0xf8, 0xff, 0x08, 0x00, 0x00, 0x00, 0x01, 0x00,
    0x00, 0x80, 0x04, 0x00, 0x00, 0x00, 0x01, 0x00, 0x01, 0x00, 0x04, 0x00, 0x00, 0x00, 0x01, 0x00,
    0x07, 0x00, 0x07, 0x00, 0x00, 0x00, 0x01, 0x00, 0x0b, 0x00, 0x08, 0x00, 0x00, 0x00, 0x01, 0x00,
    0x0e, 0x00, 0x08, 0x00, 0x00, 0x00, 0x01, 0x00, 0xff, 0xff, 0x04, 0x00, 0x00, 0x00, 0x01, 0x00,
    0x02, 0x00, 0x05, 0x00, 0x00, 0x00, 0x01, 0x00, 0x1d, 0x00, 0x0a, 0x00, 0x00, 0x00, 0x01, 0x00,
    0x00, 0x80, 0x04, 0x00, 0x00, 0x00, 0x01, 0x00, 0x01, 0x00, 0x04, 0x00, 0x00, 0x00, 0x01, 0x00,
    0x0c, 0x00, 0x08, 0x00, 0x00, 0x00, 0x01, 0x00, 0x03, 0x00, 0x06, 0x00, 0x00, 0x00, 0x01, 0x00,
    0x04, 0x00, 0x06, 0x00, 0x00, 0x00, 0x01, 0x00, 0xff, 0xff, 0x04, 0x00, 0x00, 0x00, 0x01, 0x00,
    0xfe, 0xff, 0x05, 0x00, 0x00, 0x00, 0x01, 0x00, 0x09, 0x00, 0x08, 0x00, 0x00, 0x00, 0x01, 0x00,
    0x00, 0x80, 0x04, 0x00, 0x00, 0x00, 0x01, 0x00, 0x01, 0x00, 0x04, 0x00, 0x00, 0x00, 0x01, 0x00,
    0x25, 0x00, 0x0a, 0x00, 0x00, 0x00, 0x01, 0x00, 0x1f, 0x00, 0x0a, 0x00, 0x00, 0x00, 0x01, 0x00,
    0x17, 0x00, 0x09, 0x00, 0x00, 0x00, 0x01, 0x00, 0xff, 0xff, 0x04, 0x00, 0x00, 0x00, 0x01, 0x00,
    0x02, 0x00, 0x05, 0x00, 0x00, 0x00, 0x01, 0x00, 0x05, 0x00, 0x07, 0x00, 0x00, 0x00, 0x01, 0x00,
    0x00, 0x80, 0x04, 0x00, 0x00, 0x00, 0x01, 0x00, 0x01, 0x00, 0x04, 0x00, 0x00, 0x00, 0x01, 0x00,
    0x06, 0x00, 0x07, 0x00, 0x00, 0x00, 0x01, 0x00, 0xfd, 0xff, 0x06, 0x00, 0x00, 0x00, 0x01, 0x00,
    0xfc, 0xff, 0x06, 0x00, 0x00, 0x00, 0x01, 0x00, 0xff, 0xff, 0x04, 0x00, 0x00, 0x00, 0x01, 0x00,
    0xfe, 0xff, 0x05, 0x00, 0x00, 0x00, 0x01, 0x00, 0xd7, 0xff, 0x0b, 0x00, 0x00, 0x00, 0x01, 0x00,
    0x00, 0x80, 0x04, 0x00, 0x00, 0x00, 0x01, 0x00, 0x01, 0x00, 0x04, 0x00, 0x00, 0x00, 0x01, 0x00,
    0xf9, 0xff, 0x07, 0x00, 0x00, 0x00, 0x01, 0x00, 0x13, 0x00, 0x09, 0x00, 0x00, 0x00, 0x01, 0x00,
    0x0f, 0x00, 0x08, 0x00, 0x00, 0x00, 0x01, 0x00, 0xff, 0xff, 0x04, 0x00, 0x00, 0x00, 0x01, 0x00,
    0x02, 0x00, 0x05, 0x00, 0x00, 0x00, 0x01, 0x00, 0x1c, 0x00, 0x0a, 0x00, 0x00, 0x00, 0x01, 0x00,
    0x00, 0x80, 0x04, 0x00, 0x00, 0x00, 0x01, 0x00, 0x01, 0x00, 0x04, 0x00, 0x00, 0x00, 0x01, 0x00,
    0x14, 0x00, 0x09, 0x00, 0x00, 0x00, 0x01, 0x00, 0x03, 0x00, 0x06, 0x00, 0x00, 0x00, 0x01, 0x00,
    0x04, 0x00, 0x06, 0x00, 0x00, 0x00, 0x01, 0x00, 0xff, 0xff, 0x04, 0x00, 0x00, 0x00, 0x01, 0x00,
    0xfe, 0xff, 0x05, 0x00, 0x00, 0x00, 0x01, 0x00, 0xd5, 0xff, 0x0b, 0x00, 0x00, 0x00, 0x01, 0x00,
    0x00, 0x80, 0x04, 0x00, 0x00, 0x00, 0x01, 0x00, 0x01, 0x00, 0x04, 0x00, 0x00, 0x00, 0x01, 0x00,
    0x23, 0x00, 0x0a, 0x00, 0x00, 0x00, 0x01, 0x00, 0x0a, 0x00, 0x08, 0x00, 0x00, 0x00, 0x01, 0x00,
    0x0d, 0x00, 0x08, 0x00, 0x00, 0x00, 0x01, 0x00, 0xff, 0xff, 0x04, 0x00, 0x00, 0x00, 0x01, 0x00,
    0x02, 0x00, 0x05, 0x00, 0x00, 0x00, 0x01, 0x00, 0xfb, 0xff, 0x07, 0x00, 0x00, 0x00, 0x01, 0x00,
    0x00, 0x80, 0x04, 0x00, 0x00, 0x00, 0x01, 0x00, 0x01, 0x00, 0x04, 0x00, 0x00, 0x00, 0x01, 0x00,
    0xfa, 0xff, 0x07, 0x00, 0x00, 0x00, 0x01, 0x00, 0xfd, 0xff, 0x06, 0x00, 0x00, 0x00, 0x01, 0x00,
    0xfc, 0xff, 0x06, 0x00, 0x00, 0x00, 0x01, 0x00, 0xff, 0xff, 0x04, 0x00, 0x00, 0x00, 0x01, 0x00,
    0xfe, 0xff, 0x05, 0x00, 0x00, 0x00, 0x01, 0x00, 0x08, 0x00, 0x08, 0x00, 0x00, 0x00, 0x01, 0x00,
    0x00, 0x80, 0x04, 0x00, 0x00, 0x00, 0x01, 0x00, 0x01, 0x00, 0x04, 0x00, 0x00, 0x00, 0x01, 0x00,
    0x07, 0x00, 0x07, 0x00, 0x00, 0x00, 0x01, 0x00, 0xf5, 0xff, 0x08, 0x00, 0x00, 0x00, 0x01, 0x00,
    0xf2, 0xff, 0x08, 0x00, 0x00, 0x00, 0x01, 0x00, 0xff, 0xff, 0x04, 0x00, 0x00, 0x00, 0x01, 0x00,
    0x02, 0x00, 0x05, 0x00, 0x00, 0x00, 0x01, 0x00, 0x11, 0x00, 0x09, 0x00, 0x00, 0x00, 0x01, 0x00,
    0x00, 0x80, 0x04, 0x00, 0x00, 0x00, 0x01, 0x00, 0x01, 0x00, 0x04, 0x00, 0x00, 0x00, 0x01, 0x00,
    0xf4, 0xff, 0x08, 0x00, 0x00, 0x00, 0x01, 0x00, 0x03, 0x00, 0x06, 0x00, 0x00, 0x00, 0x01, 0x00,
    0x04, 0x00, 0x06, 0x00, 0x00, 0x00, 0x01, 0x00, 0xff, 0xff, 0x04, 0x00, 0x00, 0x00, 0x01, 0x00,
    0xfe, 0xff, 0x05, 0x00, 0x00, 0x00, 0x01, 0x00, 0xf7, 0xff, 0x08, 0x00, 0x00, 0x00, 0x01, 0x00,
    0x00, 0x80, 0x04, 0x00, 0x00, 0x00, 0x01, 0x00, 0x01, 0x00, 0x04, 0x00, 0x00, 0x00, 0x01, 0x00,
    0x16, 0x00, 0x09, 0x00, 0x00, 0x00, 0x01, 0x00, 0xce, 0xff, 0x0b, 0x00, 0x00, 0x00, 0x01, 0x00,
    0x18, 0x00, 0x09, 0x00, 0x00, 0x00, 0x01, 0x00, 0xff, 0xff, 0x04, 0x00, 0x00, 0x00, 0x01, 0x00,
    0x02, 0x00, 0x05, 0x00, 0x00, 0x00, 0x01, 0x00, 0x05, 0x00, 0x07, 0x00, 0x00, 0x00, 0x01, 0x00,
    0x00, 0x80, 0x04, 0x00, 0x00, 0x00, 0x01, 0x00, 0x01, 0x00, 0x04, 0x00, 0x00, 0x00, 0x01, 0x00,
    0x06, 0x00, 0x07, 0x00, 0x00, 0x00, 0x01, 0x00, 0xfd, 0xff, 0x06, 0x00, 0x00, 0x00, 0x01, 0x00,
    0xfc, 0xff, 0x06, 0x00, 0x00, 0x00, 0x01, 0x00, 0xff, 0xff, 0x04, 0x00, 0x00, 0x00, 0x01, 0x00,
    0xfe, 0xff, 0x05, 0x00, 0x00, 0x00, 0x01, 0x00, 0x20, 0x00, 0x0a, 0x00, 0x00, 0x00, 0x01, 0x00,
    0x00, 0x80, 0x04, 0x00, 0x00, 0x00, 0x01, 0x00, 0x01, 0x00, 0x04, 0x00, 0x00, 0x00, 0x01, 0x00,
    0xf9, 0xff, 0x07, 0x00, 0x00, 0x00, 0x01, 0x00, 0x12, 0x00, 0x09, 0x00, 0x00, 0x00, 0x01, 0x00,
    0xf1, 0xff, 0x08, 0x00, 0x00, 0x00, 0x01, 0x00, 0xff, 0xff, 0x04, 0x00, 0x00, 0x00, 0x01, 0x00,
    0x02, 0x00, 0x05, 0x00, 0x00, 0x00, 0x01, 0x00, 0xd0, 0xff, 0x0b, 0x00, 0x00, 0x00, 0x01, 0x00,
    0x00, 0x80, 0x04, 0x00, 0x00, 0x00, 0x01, 0x00, 0x01, 0x00, 0x04, 0x00, 0x00, 0x00, 0x01, 0x00,
    0x21, 0x00, 0x0a, 0x00, 0x00, 0x00, 0x01, 0x00, 0x03, 0x00, 0x06, 0x00, 0x00, 0x00, 0x01, 0x00,
    0x04, 0x00, 0x06, 0x00, 0x00, 0x00, 0x01, 0x00, 0xff, 0xff, 0x04, 0x00, 0x00, 0x00, 0x01, 0x00,
    0xfe, 0xff, 0x05, 0x00, 0x00, 0x00, 0x01, 0x00, 0x10, 0x00, 0x09, 0x00, 0x00, 0x00, 0x01, 0x00,
    0x00, 0x80, 0x04, 0x00, 0x00, 0x00, 0x01, 0x00, 0x01, 0x00, 0x04, 0x00, 0x00, 0x00, 0x01, 0x00,
    0x15, 0x00, 0x09, 0x00, 0x00, 0x00, 0x01, 0x00, 0xf6, 0xff, 0x08, 0x00, 0x00, 0x00, 0x01, 0x00,
    0xf3, 0xff, 0x08, 0x00, 0x00, 0x00, 0x01, 0x00, 0xff, 0xff, 0x04, 0x00, 0x00, 0x00, 0x01, 0x00,
    0x02, 0x00, 0x05, 0x00, 0x00, 0x00, 0x01, 0x00, 0xfb, 0xff, 0x07, 0x00, 0x00, 0x00, 0x01, 0x00,
    0x00, 0x80, 0x04, 0x00, 0x00, 0x00, 0x01, 0x00, 0x01, 0x00, 0x04, 0x00, 0x00, 0x00, 0x01, 0x00,
    0xfa, 0xff, 0x07, 0x00, 0x00, 0x00, 0x01, 0x00, 0xfd, 0xff, 0x06, 0x00, 0x00, 0x00, 0x01, 0x00,
    0xfc, 0xff, 0x06, 0x00, 0x00, 0x00, 0x01, 0x00, 0xff, 0xff, 0x04, 0x00, 0x00, 0x00, 0x01, 0x00,
    0xfe, 0xff, 0x05, 0x00, 0x00, 0x00, 0x01, 0x00, 0xf8, 0xff, 0x08, 0x00, 0x00, 0x00, 0x01, 0x00,
    0x00, 0x80, 0x04, 0x00, 0x00, 0x00, 0x01, 0x00, 0x01, 0x00, 0x04, 0x00, 0x00, 0x00, 0x01, 0x00,
    0x07, 0x00, 0x07, 0x00, 0x00, 0x00, 0x01, 0x00, 0x0b, 0x00, 0x08, 0x00, 0x00, 0x00, 0x01, 0x00,
    0x0e, 0x00, 0x08, 0x00, 0x00, 0x00, 0x01, 0x00, 0xff, 0xff, 0x04, 0x00, 0x00, 0x00, 0x01, 0x00,
    0x02, 0x00, 0x05, 0x00, 0x00, 0x00, 0x01, 0x00, 0xcf, 0xff, 0x0b, 0x00, 0x00, 0x00, 0x01, 0x00,
    0x00, 0x80, 0x04, 0x00, 0x00, 0x00, 0x01, 0x00, 0x01, 0x00, 0x04, 0x00, 0x00, 0x00, 0x01, 0x00,
    0x0c, 0x00, 0x08, 0x00, 0x00, 0x00, 0x01, 0x00, 0x03, 0x00, 0x06, 0x00, 0x00, 0x00, 0x01, 0x00,
    0x04, 0x00, 0x06, 0x00, 0x00, 0x00, 0x01, 0x00, 0xff, 0xff, 0x04, 0x00, 0x00, 0x00, 0x01, 0x00,
    0xfe, 0xff, 0x05, 0x00, 0x00, 0x00, 0x01, 0x00, 0x09, 0x00, 0x08, 0x00, 0x00, 0x00, 0x01, 0x00,
    0x00, 0x80, 0x04, 0x00, 0x00, 0x00, 0x01, 0x00, 0x01, 0x00, 0x04, 0x00, 0x00, 0x00, 0x01, 0x00,
    0x24, 0x00, 0x0a, 0x00, 0x00, 0x00, 0x01, 0x00, 0x1e, 0x00, 0x0a, 0x00, 0x00, 0x00, 0x01, 0x00,
    0xe9, 0xff, 0x09, 0x00, 0x00, 0x00, 0x01, 0x00, 0xff, 0xff, 0x04, 0x00, 0x00, 0x00, 0x01, 0x00,
    0x02, 0x00, 0x05, 0x00, 0x00, 0x00, 0x01, 0x00, 0x05, 0x00, 0x07, 0x00, 0x00, 0x00, 0x01, 0x00,
    0x00, 0x80, 0x04, 0x00, 0x00, 0x00, 0x01, 0x00, 0x01, 0x00, 0x04, 0x00, 0x00, 0x00, 0x01, 0x00,
    0x06, 0x00, 0x07, 0x00, 0x00, 0x00, 0x01, 0x00, 0xfd, 0xff, 0x06, 0x00, 0x00, 0x00, 0x01, 0x00,
    0xfc, 0xff, 0x06, 0x00, 0x00, 0x00, 0x01, 0x00, 0xff, 0xff, 0x04, 0x00, 0x00, 0x00, 0x01, 0x00,
    0xfe, 0xff, 0x05, 0x00, 0x00, 0x00, 0x01, 0x00, 0x19, 0x00, 0x0a, 0x00, 0x00, 0x00, 0x01, 0x00,
    0x00, 0x80, 0x04, 0x00, 0x00, 0x00, 0x01, 0x00, 0x01, 0x00, 0x04, 0x00, 0x00, 0x00, 0x01, 0x00,
    0xf9, 0xff, 0x07, 0x00, 0x00, 0x00, 0x01, 0x00, 0xed, 0xff, 0x09, 0x00, 0x00, 0x00, 0x01, 0x00,
    0x0f, 0x00, 0x08, 0x00, 0x00, 0x00, 0x01, 0x00, 0xff, 0xff, 0x04, 0x00, 0x00, 0x00, 0x01, 0x00,
    0x02, 0x00, 0x05, 0x00, 0x00, 0x00, 0x01, 0x00, 0xc0, 0xff, 0x0b, 0x00, 0x00, 0x00, 0x01, 0x00,
    0x00, 0x80, 0x04, 0x00, 0x00, 0x00, 0x01, 0x00, 0x01, 0x00, 0x04, 0x00, 0x00, 0x00, 0x01, 0x00,
    0xec, 0xff, 0x09, 0x00, 0x00, 0x00, 0x01, 0x00, 0x03, 0x00, 0x06, 0x00, 0x00, 0x00, 0x01, 0x00,
    0x04, 0x00, 0x06, 0x00, 0x00, 0x00, 0x01, 0x00, 0xff, 0xff, 0x04, 0x00, 0x00, 0x00, 0x01, 0x00,
    0xfe, 0xff, 0x05, 0x00, 0x00, 0x00, 0x01, 0x00, 0x1a, 0x00, 0x0a, 0x00, 0x00, 0x00, 0x01, 0x00,
    0x00, 0x80, 0x04, 0x00, 0x00, 0x00, 0x01, 0x00, 0x01, 0x00, 0x04, 0x00, 0x00, 0x00, 0x01, 0x00,
    0x22, 0x00, 0x0a, 0x00, 0x00, 0x00, 0x01, 0x00, 0x0a, 0x00, 0x08, 0x00, 0x00, 0x00, 0x01, 0x00,
    0x0d, 0x00, 0x08, 0x00, 0x00, 0x00, 0x01, 0x00, 0xff, 0xff, 0x04, 0x00, 0x00, 0x00, 0x01, 0x00,
    0x02, 0x00, 0x05, 0x00, 0x00, 0x00, 0x01, 0x00, 0xfb, 0xff, 0x07, 0x00, 0x00, 0x00, 0x01, 0x00,
    0x00, 0x80, 0x04, 0x00, 0x00, 0x00, 0x01, 0x00, 0x01, 0x00, 0x04, 0x00, 0x00, 0x00, 0x01, 0x00,
    0xfa, 0xff, 0x07, 0x00, 0x00, 0x00, 0x01, 0x00, 0xfd, 0xff, 0x06, 0x00, 0x00, 0x00, 0x01, 0x00,
    0xfc, 0xff, 0x06, 0x00, 0x00, 0x00, 0x01, 0x00, 0xff, 0xff, 0x04, 0x00, 0x00, 0x00, 0x01, 0x00,
    0xfe, 0xff, 0x05, 0x00, 0x00, 0x00, 0x01, 0x00, 0x08, 0x00, 0x08, 0x00, 0x00, 0x00, 0x01, 0x00,
    0x00, 0x80, 0x04, 0x00, 0x00, 0x00, 0x01, 0x00, 0x01, 0x00, 0x04, 0x00, 0x00, 0x00, 0x01, 0x00,
    0x07, 0x00, 0x07, 0x00, 0x00, 0x00, 0x01, 0x00, 0xf5, 0xff, 0x08, 0x00, 0x00, 0x00, 0x01, 0x00,
    0xf2, 0xff, 0x08, 0x00, 0x00, 0x00, 0x01, 0x00, 0xff, 0xff, 0x04, 0x00, 0x00, 0x00, 0x01, 0x00,
    0x02, 0x00, 0x05, 0x00, 0x00, 0x00, 0x01, 0x00, 0xef, 0xff, 0x09, 0x00, 0x00, 0x00, 0x01, 0x00,
    0x00, 0x80, 0x04, 0x00, 0x00, 0x00, 0x01, 0x00, 0x01, 0x00, 0x04, 0x00, 0x00, 0x00, 0x01, 0x00,
    0xf4, 0xff, 0x08, 0x00, 0x00, 0x00, 0x01, 0x00, 0x03, 0x00, 0x06, 0x00, 0x00, 0x00, 0x01, 0x00,
    0x04, 0x00, 0x06, 0x00, 0x00, 0x00, 0x01, 0x00, 0xff, 0xff, 0x04, 0x00, 0x00, 0x00, 0x01, 0x00,
    0xfe, 0xff, 0x05, 0x00, 0x00, 0x00, 0x01, 0x00, 0xf7, 0xff, 0x08, 0x00, 0x00, 0x00, 0x01, 0x00,
    0x00, 0x80, 0x04, 0x00, 0x00, 0x00, 0x01, 0x00, 0x01, 0x00, 0x04, 0x00, 0x00, 0x00, 0x01, 0x00,
    0xea, 0xff, 0x09, 0x00, 0x00, 0x00, 0x01, 0x00, 0x7f, 0x00, 0x0a, 0x00, 0x00, 0x00, 0x01, 0x00,
    0xe8, 0xff, 0x09, 0x00, 0x00, 0x00, 0x01, 0x00, 0xff, 0xff, 0x04, 0x00, 0x00, 0x00, 0x01, 0x00,
    0x02, 0x00, 0x05, 0x00, 0x00, 0x00, 0x01, 0x00, 0x05, 0x00, 0x07, 0x00, 0x00, 0x00, 0x01, 0x00,
    0x00, 0x80, 0x04, 0x00, 0x00, 0x00, 0x01, 0x00, 0x01, 0x00, 0x04, 0x00, 0x00, 0x00, 0x01, 0x00,
    0x06, 0x00, 0x07, 0x00, 0x00, 0x00, 0x01, 0x00, 0xfd, 0xff, 0x06, 0x00, 0x00, 0x00, 0x01, 0x00,
    0xfc, 0xff, 0x06, 0x00, 0x00, 0x00, 0x01, 0x00, 0xff, 0xff, 0x04, 0x00, 0x00, 0x00, 0x01, 0x00,
    0xfe, 0xff, 0x05, 0x00, 0x00, 0x00, 0x01, 0x00, 0xd9, 0xff, 0x0b, 0x00, 0x00, 0x00, 0x01, 0x00,
    0x00, 0x80, 0x04, 0x00, 0x00, 0x00, 0x01, 0x00, 0x01, 0x00, 0x04, 0x00, 0x00, 0x00, 0x01, 0x00,
    0xf9, 0xff, 0x07, 0x00, 0x00, 0x00, 0x01, 0x00, 0xee, 0xff, 0x09, 0x00, 0x00, 0x00, 0x01, 0x00,
    0xf1, 0xff, 0x08, 0x00, 0x00, 0x00, 0x01, 0x00, 0xff, 0xff, 0x04, 0x00, 0x00, 0x00, 0x01, 0x00,
    0x02, 0x00, 0x05, 0x00, 0x00, 0x00, 0x01, 0x00, 0x1b, 0x00, 0x0a, 0x00, 0x00, 0x00, 0x01, 0x00,
    0x00, 0x80, 0x04, 0x00, 0x00, 0x00, 0x01, 0x00, 0x01, 0x00, 0x04, 0x00, 0x00, 0x00, 0x01, 0x00,
    0x80, 0x00, 0x0a, 0x00, 0x00, 0x00, 0x01, 0x00, 0x03, 0x00, 0x06, 0x00, 0x00, 0x00, 0x01, 0x00,
    0x04, 0x00, 0x06, 0x00, 0x00, 0x00, 0x01, 0x00, 0xff, 0xff, 0x04, 0x00, 0x00, 0x00, 0x01, 0x00,
    0xfe, 0xff, 0x05, 0x00, 0x00, 0x00, 0x01, 0x00, 0xf0, 0xff, 0x09, 0x00, 0x00, 0x00, 0x01, 0x00,
    0x00, 0x80, 0x04, 0x00, 0x00, 0x00, 0x01, 0x00, 0x01, 0x00, 0x04, 0x00, 0x00, 0x00, 0x01, 0x00,
    0xeb, 0xff, 0x09, 0x00, 0x00, 0x00, 0x01, 0x00, 0xf6, 0xff, 0x08, 0x00, 0x00, 0x00, 0x01, 0x00,
    0xf3, 0xff, 0x08, 0x00, 0x00, 0x00, 0x01, 0x00, 0xff, 0xff, 0x04, 0x00, 0x00, 0x00, 0x01, 0x00,
    0x02, 0x00, 0x05, 0x00, 0x00, 0x00, 0x01, 0x00, 0xfb, 0xff, 0x07, 0x00, 0x00, 0x00, 0x01, 0x00,
    0x00, 0x80, 0x04, 0x00, 0x00, 0x00, 0x01, 0x00, 0x01, 0x00, 0x04, 0x00, 0x00, 0x00, 0x01, 0x00,
    0xfa, 0xff, 0x07, 0x00, 0x00, 0x00, 0x01, 0x00, 0xfd, 0xff, 0x06, 0x00, 0x00, 0x00, 0x01, 0x00,
    0xfc, 0xff, 0x06, 0x00, 0x00, 0x00, 0x01, 0x00, 0xff, 0xff, 0x04, 0x00, 0x00, 0x00, 0x01, 0x00,
    0xfe, 0xff, 0x05, 0x00, 0x00, 0x00, 0x01, 0x00, 0xf8, 0xff, 0x08, 0x00, 0x00, 0x00, 0x01, 0x00,
    0x00, 0x80, 0x04, 0x00, 0x00, 0x00, 0x01, 0x00, 0x01, 0x00, 0x04, 0x00, 0x00, 0x00, 0x01, 0x00,
    0x07, 0x00, 0x07, 0x00, 0x00, 0x00, 0x01, 0x00, 0x0b, 0x00, 0x08, 0x00, 0x00, 0x00, 0x01, 0x00,
    0x0e, 0x00, 0x08, 0x00, 0x00, 0x00, 0x01, 0x00, 0xff, 0xff, 0x04, 0x00, 0x00, 0x00, 0x01, 0x00,
    0x02, 0x00, 0x05, 0x00, 0x00, 0x00, 0x01, 0x00, 0xe3, 0xff, 0x0a, 0x00, 0x00, 0x00, 0x01, 0x00,
    0x00, 0x80, 0x04, 0x00, 0x00, 0x00, 0x01, 0x00, 0x01, 0x00, 0x04, 0x00, 0x00, 0x00, 0x01, 0x00,
    0x0c, 0x00, 0x08, 0x00, 0x00, 0x00, 0x01, 0x00, 0x03, 0x00, 0x06, 0x00, 0x00, 0x00, 0x01, 0x00,
    0x04, 0x00, 0x06, 0x00, 0x00, 0x00, 0x01, 0x00, 0xff, 0xff, 0x04, 0x00, 0x00, 0x00, 0x01, 0x00,
    0xfe, 0xff, 0x05, 0x00, 0x00, 0x00, 0x01, 0x00, 0x09, 0x00, 0x08, 0x00, 0x00, 0x00, 0x01, 0x00,
    0x00, 0x80, 0x04, 0x00, 0x00, 0x00, 0x01, 0x00, 0x01, 0x00, 0x04, 0x00, 0x00, 0x00, 0x01, 0x00,
    0xdb, 0xff, 0x0a, 0x00, 0x00, 0x00, 0x01, 0x00, 0xe1, 0xff, 0x0a, 0x00, 0x00, 0x00, 0x01, 0x00,
    0x17, 0x00, 0x09, 0x00, 0x00, 0x00, 0x01, 0x00, 0xff, 0xff, 0x04, 0x00, 0x00, 0x00, 0x01, 0x00,
    0x02, 0x00, 0x05, 0x00, 0x00, 0x00, 0x01, 0x00, 0x05, 0x00, 0x07, 0x00, 0x00, 0x00, 0x01, 0x00,
    0x00, 0x80, 0x04, 0x00, 0x00, 0x00, 0x01, 0x00, 0x01, 0x00, 0x04, 0x00, 0x00, 0x00, 0x01, 0x00,
    0x06, 0x00, 0x07, 0x00, 0x00, 0x00, 0x01, 0x00, 0xfd, 0xff, 0x06, 0x00, 0x00, 0x00, 0x01, 0x00,
    0xfc, 0xff, 0x06, 0x00, 0x00, 0x00, 0x01, 0x00, 0xff, 0xff, 0x04, 0x00, 0x00, 0x00, 0x01, 0x00,
    0xfe, 0xff, 0x05, 0x00, 0x00, 0x00, 0x01, 0x00, 0xd8, 0xff, 0x0b, 0x00, 0x00, 0x00, 0x01, 0x00,
    0x00, 0x80, 0x04, 0x00, 0x00, 0x00, 0x01, 0x00, 0x01, 0x00, 0x04, 0x00, 0x00, 0x00, 0x01, 0x00,
    0xf9, 0xff, 0x07, 0x00, 0x00, 0x00, 0x01, 0x00, 0x13, 0x00, 0x09, 0x00, 0x00, 0x00, 0x01, 0x00,
    0x0f, 0x00, 0x08, 0x00, 0x00, 0x00, 0x01, 0x00, 0xff, 0xff, 0x04, 0x00, 0x00, 0x00, 0x01, 0x00,
    0x02, 0x00, 0x05, 0x00, 0x00, 0x00, 0x01, 0x00, 0xe4, 0xff, 0x0a, 0x00, 0x00, 0x00, 0x01, 0x00,
    0x00, 0x80, 0x04, 0x00, 0x00, 0x00, 0x01, 0x00, 0x01, 0x00, 0x04, 0x00, 0x00, 0x00, 0x01, 0x00,
    0x14, 0x00, 0x09, 0x00, 0x00, 0x00, 0x01, 0x00, 0x03, 0x00, 0x06, 0x00, 0x00, 0x00, 0x01, 0x00,
    0x04, 0x00, 0x06, 0x00, 0x00, 0x00, 0x01, 0x00, 0xff, 0xff, 0x04, 0x00, 0x00, 0x00, 0x01, 0x00,
    0xfe, 0xff, 0x05, 0x00, 0x00, 0x00, 0x01, 0x00, 0xd6, 0xff, 0x0b, 0x00, 0x00, 0x00, 0x01, 0x00,
    0x00, 0x80, 0x04, 0x00, 0x00, 0x00, 0x01, 0x00, 0x01, 0x00, 0x04, 0x00, 0x00, 0x00, 0x01, 0x00,
    0xdd, 0xff, 0x0a, 0x00, 0x00, 0x00, 0x01, 0x00, 0x0a, 0x00, 0x08, 0x00, 0x00, 0x00, 0x01, 0x00,
    0x0d, 0x00, 0x08, 0x00, 0x00, 0x00, 0x01, 0x00, 0xff, 0xff, 0x04, 0x00, 0x00, 0x00, 0x01, 0x00,
    0x02, 0x00, 0x05, 0x00, 0x00, 0x00, 0x01, 0x00, 0xfb, 0xff, 0x07, 0x00, 0x00, 0x00, 0x01, 0x00,
    0x00, 0x80, 0x04, 0x00, 0x00, 0x00, 0x01, 0x00, 0x01, 0x00, 0x04, 0x00, 0x00, 0x00, 0x01, 0x00,
    0xfa, 0xff, 0x07, 0x00, 0x00, 0x00, 0x01, 0x00, 0xfd, 0xff, 0x06, 0x00, 0x00, 0x00, 0x01, 0x00,
    0xfc, 0xff, 0x06, 0x00, 0x00, 0x00, 0x01, 0x00, 0xff, 0xff, 0x04, 0x00, 0x00, 0x00, 0x01, 0x00,
    0xfe, 0xff, 0x05, 0x00, 0x00, 0x00, 0x01, 0x00, 0x08, 0x00, 0x08, 0x00, 0x00, 0x00, 0x01, 0x00,
    0x00, 0x80, 0x04, 0x00, 0x00, 0x00, 0x01, 0x00, 0x01, 0x00, 0x04, 0x00, 0x00, 0x00, 0x01, 0x00,
    0x07, 0x00, 0x07, 0x00, 0x00, 0x00, 0x01, 0x00, 0xf5, 0xff, 0x08, 0x00, 0x00, 0x00, 0x01, 0x00,
    0xf2, 0xff, 0x08, 0x00, 0x00, 0x00, 0x01, 0x00, 0xff, 0xff, 0x04, 0x00, 0x00, 0x00, 0x01, 0x00,
    0x02, 0x00, 0x05, 0x00, 0x00, 0x00, 0x01, 0x00, 0x11, 0x00, 0x09, 0x00, 0x00, 0x00, 0x01, 0x00,
    0x00, 0x80, 0x04, 0x00, 0x00, 0x00, 0x01, 0x00, 0x01, 0x00, 0x04, 0x00, 0x00, 0x00, 0x01, 0x00,
    0xf4, 0xff, 0x08, 0x00, 0x00, 0x00, 0x01, 0x00, 0x03, 0x00, 0x06, 0x00, 0x00, 0x00, 0x01, 0x00,
    0x04, 0x00, 0x06, 0x00, 0x00, 0x00, 0x01, 0x00, 0xff, 0xff, 0x04, 0x00, 0x00, 0x00, 0x01, 0x00,
    0xfe, 0xff, 0x05, 0x00, 0x00, 0x00, 0x01, 0x00, 0xf7, 0xff, 0x08, 0x00, 0x00, 0x00, 0x01, 0x00,
    0x00, 0x80, 0x04, 0x00, 0x00, 0x00, 0x01, 0x00, 0x01, 0x00, 0x04, 0x00, 0x00, 0x00, 0x01, 0x00,
    0x16, 0x00, 0x09, 0x00, 0x00, 0x00, 0x01, 0x00, 0xd1, 0xff, 0x0b, 0x00, 0x00, 0x00, 0x01, 0x00,
    0x18, 0x00, 0x09, 0x00, 0x00, 0x00, 0x01, 0x00, 0xff, 0xff, 0x04, 0x00, 0x00, 0x00, 0x01, 0x00,
    0x02, 0x00, 0x05, 0x00, 0x00, 0x00, 0x01, 0x00, 0x05, 0x00, 0x07, 0x00, 0x00, 0x00, 0x01, 0x00,
    0x00, 0x80, 0x04, 0x00, 0x00, 0x00, 0x01, 0x00, 0x01, 0x00, 0x04, 0x00, 0x00, 0x00, 0x01, 0x00,
    0x06, 0x00, 0x07, 0x00, 0x00, 0x00, 0x01, 0x00, 0xfd, 0xff, 0x06, 0x00, 0x00, 0x00, 0x01, 0x00,
    0xfc, 0xff, 0x06, 0x00, 0x00, 0x00, 0x01, 0x00, 0xff, 0xff, 0x04, 0x00, 0x00, 0x00, 0x01, 0x00,
    0xfe, 0xff, 0x05, 0x00, 0x00, 0x00, 0x01, 0x00, 0xe0, 0xff, 0x0a, 0x00, 0x00, 0x00, 0x01, 0x00,
    0x00, 0x80, 0x04, 0x00, 0x00, 0x00, 0x01, 0x00, 0x01, 0x00, 0x04, 0x00, 0x00, 0x00, 0x01, 0x00,
    0xf9, 0xff, 0x07, 0x00, 0x00, 0x00, 0x01, 0x00, 0x12, 0x00, 0x09, 0x00, 0x00, 0x00, 0x01, 0x00,
    0xf1, 0xff, 0x08, 0x00, 0x00, 0x00, 0x01, 0x00, 0xff, 0xff, 0x04, 0x00, 0x00, 0x00, 0x01, 0x00,
    0x02, 0x00, 0x05, 0x00, 0x00, 0x00, 0x01, 0x00, 0xd4, 0xff, 0x0b, 0x00, 0x00, 0x00, 0x01, 0x00,
    0x00, 0x80, 0x04, 0x00, 0x00, 0x00, 0x01, 0x00, 0x01, 0x00, 0x04, 0x00, 0x00, 0x00, 0x01, 0x00,
    0xdf, 0xff, 0x0a, 0x00, 0x00, 0x00, 0x01, 0x00, 0x03, 0x00, 0x06, 0x00, 0x00, 0x00, 0x01, 0x00,
    0x04, 0x00, 0x06, 0x00, 0x00, 0x00, 0x01, 0x00, 0xff, 0xff, 0x04, 0x00, 0x00, 0x00, 0x01, 0x00,
    0xfe, 0xff, 0x05, 0x00, 0x00, 0x00, 0x01, 0x00, 0x10, 0x00, 0x09, 0x00, 0x00, 0x00, 0x01, 0x00,
    0x00, 0x80, 0x04, 0x00, 0x00, 0x00, 0x01, 0x00, 0x01, 0x00, 0x04, 0x00, 0x00, 0x00, 0x01, 0x00,
    0x15, 0x00, 0x09, 0x00, 0x00, 0x00, 0x01, 0x00, 0xf6, 0xff, 0x08, 0x00, 0x00, 0x00, 0x01, 0x00,
    0xf3, 0xff, 0x08, 0x00, 0x00, 0x00, 0x01, 0x00, 0xff, 0xff, 0x04, 0x00, 0x00, 0x00, 0x01, 0x00,
    0x02, 0x00, 0x05, 0x00, 0x00, 0x00, 0x01, 0x00, 0xfb, 0xff, 0x07, 0x00, 0x00, 0x00, 0x01, 0x00,
    0x00, 0x80, 0x04, 0x00, 0x00, 0x00, 0x01, 0x00, 0x01, 0x00, 0x04, 0x00, 0x00, 0x00, 0x01, 0x00,
    0xfa, 0xff, 0x07, 0x00, 0x00, 0x00, 0x01, 0x00, 0xfd, 0xff, 0x06, 0x00, 0x00, 0x00, 0x01, 0x00,
    0xfc, 0xff, 0x06, 0x00, 0x00, 0x00, 0x01, 0x00, 0xff, 0xff, 0x04, 0x00, 0x00, 0x00, 0x01, 0x00,
    0xfe, 0xff, 0x05, 0x00, 0x00, 0x00, 0x01, 0x00, 0xf8, 0xff, 0x08, 0x00, 0x00, 0x00, 0x01, 0x00,
    0x00, 0x80, 0x04, 0x00, 0x00, 0x00, 0x01, 0x00, 0x01, 0x00, 0x04, 0x00, 0x00, 0x00, 0x01, 0x00,
    0x07, 0x00, 0x07, 0x00, 0x00, 0x00, 0x01, 0x00, 0x0b, 0x00, 0x08, 0x00, 0x00, 0x00, 0x01, 0x00,
    0x0e, 0x00, 0x08, 0x00, 0x00, 0x00, 0x01, 0x00, 0xff, 0xff, 0x04, 0x00, 0x00, 0x00, 0x01, 0x00,
    0x02, 0x00, 0x05, 0x00, 0x00, 0x00, 0x01, 0x00, 0xd2, 0xff, 0x0b, 0x00, 0x00, 0x00, 0x01, 0x00,
    0x00, 0x80, 0x04, 0x00, 0x00, 0x00, 0x01, 0x00, 0x01, 0x00, 0x04, 0x00, 0x00, 0x00, 0x01, 0x00,
    0x0c, 0x00, 0x08, 0x00, 0x00, 0x00, 0x01, 0x00, 0x03, 0x00, 0x06, 0x00, 0x00, 0x00, 0x01, 0x00,
    0x04, 0x00, 0x06, 0x00, 0x00, 0x00, 0x01, 0x00, 0xff, 0xff, 0x04, 0x00, 0x00, 0x00, 0x01, 0x00,
    0xfe, 0xff, 0x05, 0x00, 0x00, 0x00, 0x01, 0x00, 0x09, 0x00, 0x08, 0x00, 0x00, 0x00, 0x01, 0x00,
    0x00, 0x80, 0x04, 0x00, 0x00, 0x00, 0x01, 0x00, 0x01, 0x00, 0x04, 0x00, 0x00, 0x00, 0x01, 0x00,
    0xdc, 0xff, 0x0a, 0x00, 0x00, 0x00, 0x01, 0x00, 0xe2, 0xff, 0x0a, 0x00, 0x00, 0x00, 0x01, 0x00,
    0xe9, 0xff, 0x09, 0x00, 0x00, 0x00, 0x01, 0x00, 0xff, 0xff, 0x04, 0x00, 0x00, 0x00, 0x01, 0x00,
    0x02, 0x00, 0x05, 0x00, 0x00, 0x00, 0x01, 0x00, 0x05, 0x00, 0x07, 0x00, 0x00, 0x00, 0x01, 0x00,
    0x00, 0x80, 0x04, 0x00, 0x00, 0x00, 0x01, 0x00, 0x01, 0x00, 0x04, 0x00, 0x00, 0x00, 0x01, 0x00,
    0x06, 0x00, 0x07, 0x00, 0x00, 0x00, 0x01, 0x00, 0xfd, 0xff, 0x06, 0x00, 0x00, 0x00, 0x01, 0x00,
    0xfc, 0xff, 0x06, 0x00, 0x00, 0x00, 0x01, 0x00, 0xff, 0xff, 0x04, 0x00, 0x00, 0x00, 0x01, 0x00,
    0xfe, 0xff, 0x05, 0x00, 0x00, 0x00, 0x01, 0x00, 0xe7, 0xff, 0x0a, 0x00, 0x00, 0x00, 0x01, 0x00,
    0x00, 0x80, 0x04, 0x00, 0x00, 0x00, 0x01, 0x00, 0x01, 0x00, 0x04, 0x00, 0x00, 0x00, 0x01, 0x00,
    0xf9, 0xff, 0x07, 0x00, 0x00, 0x00, 0x01, 0x00, 0xed, 0xff, 0x09, 0x00, 0x00, 0x00, 0x01, 0x00,
    0x0f, 0x00, 0x08, 0x00, 0x00, 0x00, 0x01, 0x00, 0xff, 0xff, 0x04, 0x00, 0x00, 0x00, 0x01, 0x00,
    0x02, 0x00, 0x05, 0x00, 0x00, 0x00, 0x01, 0x00, 0xd3, 0xff, 0x0b, 0x00, 0x00, 0x00, 0x01, 0x00,
    0x00, 0x80, 0x04, 0x00, 0x00, 0x00, 0x01, 0x00, 0x01, 0x00, 0x04, 0x00, 0x00, 0x00, 0x01, 0x00,
    0xec, 0xff, 0x09, 0x00, 0x00, 0x00, 0x01, 0x00, 0x03, 0x00, 0x06, 0x00, 0x00, 0x00, 0x01, 0x00,
    0x04, 0x00, 0x06, 0x00, 0x00, 0x00, 0x01, 0x00, 0xff, 0xff, 0x04, 0x00, 0x00, 0x00, 0x01, 0x00,
    0xfe, 0xff, 0x05, 0x00, 0x00, 0x00, 0x01, 0x00, 0xe6, 0xff, 0x0a, 0x00, 0x00, 0x00, 0x01, 0x00,
    0x00, 0x80, 0x04, 0x00, 0x00, 0x00, 0x01, 0x00, 0x01, 0x00, 0x04, 0x00, 0x00, 0x00, 0x01, 0x00,
    0xde, 0xff, 0x0a, 0x00, 0x00, 0x00, 0x01, 0x00, 0x0a, 0x00, 0x08, 0x00, 0x00, 0x00, 0x01, 0x00,
    0x0d, 0x00, 0x08, 0x00, 0x00, 0x00, 0x01, 0x00, 0xff, 0xff, 0x04, 0x00, 0x00, 0x00, 0x01, 0x00,
    0x02, 0x00, 0x05, 0x00, 0x00, 0x00, 0x01, 0x00, 0xfb, 0xff, 0x07, 0x00, 0x00, 0x00, 0x01, 0x00,
    0x00, 0x80, 0x04, 0x00, 0x00, 0x00, 0x01, 0x00, 0x01, 0x00, 0x04, 0x00, 0x00, 0x00, 0x01, 0x00,
    0xfa, 0xff, 0x07, 0x00, 0x00, 0x00, 0x01, 0x00, 0xfd, 0xff, 0x06, 0x00, 0x00, 0x00, 0x01, 0x00,
    0xfc, 0xff, 0x06, 0x00, 0x00, 0x00, 0x01, 0x00, 0xff, 0xff, 0x04, 0x00, 0x00, 0x00, 0x01, 0x00,
    0xfe, 0xff, 0x05, 0x00, 0x00, 0x00, 0x01, 0x00, 0x08, 0x00, 0x08, 0x00, 0x00, 0x00, 0x01, 0x00,
    0x00, 0x80, 0x04, 0x00, 0x00, 0x00, 0x01, 0x00, 0x01, 0x00, 0x04, 0x00, 0x00, 0x00, 0x01, 0x00,
    0x07, 0x00, 0x07, 0x00, 0x00, 0x00, 0x01, 0x00, 0xf5, 0xff, 0x08, 0x00, 0x00, 0x00, 0x01, 0x00,
    0xf2, 0xff, 0x08, 0x00, 0x00, 0x00, 0x01, 0x00, 0xff, 0xff, 0x04, 0x00, 0x00, 0x00, 0x01, 0x00,
    0x02, 0x00, 0x05, 0x00, 0x00, 0x00, 0x01, 0x00, 0xef, 0xff, 0x09, 0x00, 0x00, 0x00, 0x01, 0x00,
    0x00, 0x80, 0x04, 0x00, 0x00, 0x00, 0x01, 0x00, 0x01, 0x00, 0x04, 0x00, 0x00, 0x00, 0x01, 0x00,
    0xf4, 0xff, 0x08, 0x00, 0x00, 0x00, 0x01, 0x00, 0x03, 0x00, 0x06, 0x00, 0x00, 0x00, 0x01, 0x00,
    0x04, 0x00, 0x06, 0x00, 0x00, 0x00, 0x01, 0x00, 0xff, 0xff, 0x04, 0x00, 0x00, 0x00, 0x01, 0x00,
    0xfe, 0xff, 0x05, 0x00, 0x00, 0x00, 0x01, 0x00, 0xf7, 0xff, 0x08, 0x00, 0x00, 0x00, 0x01, 0x00,
    0x00, 0x80, 0x04, 0x00, 0x00, 0x00, 0x01, 0x00, 0x01, 0x00, 0x04, 0x00, 0x00, 0x00, 0x01, 0x00,
    0xea, 0xff, 0x09, 0x00, 0x00, 0x00, 0x01, 0x00, 0x81, 0xff, 0x0a, 0x00, 0x00, 0x00, 0x01, 0x00,
    0xe8, 0xff, 0x09, 0x00, 0x00, 0x00, 0x01, 0x00, 0xff, 0xff, 0x04, 0x00, 0x00, 0x00, 0x01, 0x00,
    0x02, 0x00, 0x05, 0x00, 0x00, 0x00, 0x01, 0x00, 0x05, 0x00, 0x07, 0x00, 0x00, 0x00, 0x01, 0x00,
    0x00, 0x80, 0x04, 0x00, 0x00, 0x00, 0x01, 0x00, 0x01, 0x00, 0x04, 0x00, 0x00, 0x00, 0x01, 0x00,
    0x06, 0x00, 0x07, 0x00, 0x00, 0x00, 0x01, 0x00, 0xfd, 0xff, 0x06, 0x00, 0x00, 0x00, 0x01, 0x00,
    0xfc, 0xff, 0x06, 0x00, 0x00, 0x00, 0x01, 0x00, 0xff, 0xff, 0x04, 0x00, 0x00, 0x00, 0x01, 0x00,
    0xfe, 0xff, 0x05, 0x00, 0x00, 0x00, 0x01, 0x00, 0xda, 0xff, 0x0b, 0x00, 0x00, 0x00, 0x01, 0x00,
    0x00, 0x80, 0x04, 0x00, 0x00, 0x00, 0x01, 0x00, 0x01, 0x00, 0x04, 0x00, 0x00, 0x00, 0x01, 0x00,
    0xf9, 0xff, 0x07, 0x00, 0x00, 0x00, 0x01, 0x00, 0xee, 0xff, 0x09, 0x00, 0x00, 0x00, 0x01, 0x00,
    0xf1, 0xff, 0x08, 0x00, 0x00, 0x00, 0x01, 0x00, 0xff, 0xff, 0x04, 0x00, 0x00, 0x00, 0x01, 0x00,
    0x02, 0x00, 0x05, 0x00, 0x00, 0x00, 0x01, 0x00, 0xe5, 0xff, 0x0a, 0x00, 0x00, 0x00, 0x01, 0x00,
    0x00, 0x80, 0x04, 0x00, 0x00, 0x00, 0x01, 0x00, 0x01, 0x00, 0x04, 0x00, 0x00, 0x00, 0x01, 0x00,
    0x80, 0xff, 0x0a, 0x00, 0x00, 0x00, 0x01, 0x00, 0x03, 0x00, 0x06, 0x00, 0x00, 0x00, 0x01, 0x00,
    0x04, 0x00, 0x06, 0x00, 0x00, 0x00, 0x01, 0x00, 0xff, 0xff, 0x04, 0x00, 0x00, 0x00, 0x01, 0x00,
    0xfe, 0xff, 0x05, 0x00, 0x00, 0x00, 0x01, 0x00, 0xf0, 0xff, 0x09, 0x00, 0x00, 0x00, 0x01, 0x00,
    0x00, 0x80, 0x04, 0x00, 0x00, 0x00, 0x01, 0x00, 0x01, 0x00, 0x04, 0x00, 0x00, 0x00, 0x01, 0x00,
    0xeb, 0xff, 0x09, 0x00, 0x00, 0x00, 0x01, 0x00, 0xf6, 0xff, 0x08, 0x00, 0x00, 0x00, 0x01, 0x00,
    0xf3, 0xff, 0x08, 0x00, 0x00, 0x00, 0x01, 0x00, 0xff, 0xff, 0x04, 0x00, 0x00, 0x00, 0x01, 0x00,
    0x02, 0x00, 0x05, 0x00, 0x00, 0x00, 0x01, 0x00, 0xfb, 0xff, 0x07, 0x00, 0x00, 0x00, 0x01, 0x00,
    0x00, 0x80, 0x04, 0x00, 0x00, 0x00, 0x01, 0x00, 0x01, 0x00, 0x04, 0x00, 0x00, 0x00, 0x01, 0x00,
    0xfa, 0xff, 0x07, 0x00, 0x00, 0x00, 0x01, 0x00, 0xfd, 0xff, 0x06, 0x00, 0x00, 0x00, 0x01, 0x00,
    0xfc, 0xff, 0x06, 0x00, 0x00, 0x00, 0x01, 0x00, 0xff, 0xff, 0x04, 0x00, 0x00, 0x00, 0x01, 0x00,
    0xfe, 0xff, 0x05, 0x00, 0x00, 0x00, 0x01, 0x00, 0xf8, 0xff, 0x08, 0x00, 0x00, 0x00, 0x01, 0x00
};

const unsigned char _rd_waveletDecodeRedGreen[16384] __asm__("waveletDecodeRedGreen") = {
    0x1e, 0x00, 0x0a, 0x00, 0x02, 0x00, 0x04, 0x00, 0x01, 0x00, 0x03, 0x00, 0x00, 0x00, 0x02, 0x00,
    0x04, 0x00, 0x05, 0x00, 0x1f, 0x00, 0x0b, 0x00, 0xff, 0xff, 0x03, 0x00, 0x00, 0x00, 0x02, 0x00,
    0x25, 0x00, 0x0b, 0x00, 0xfe, 0xff, 0x04, 0x00, 0x01, 0x00, 0x03, 0x00, 0x00, 0x00, 0x02, 0x00,
    0x06, 0x00, 0x06, 0x00, 0x03, 0x00, 0x05, 0x00, 0xff, 0xff, 0x03, 0x00, 0x00, 0x00, 0x02, 0x00,
    0x07, 0x00, 0x06, 0x00, 0x02, 0x00, 0x04, 0x00, 0x01, 0x00, 0x03, 0x00, 0x00, 0x00, 0x02, 0x00,
    0xfc, 0xff, 0x05, 0x00, 0x05, 0x00, 0x06, 0x00, 0xff, 0xff, 0x03, 0x00, 0x00, 0x00, 0x02, 0x00,
    0x0a, 0x00, 0x07, 0x00, 0xfe, 0xff, 0x04, 0x00, 0x01, 0x00, 0x03, 0x00, 0x00, 0x00, 0x02, 0x00,
    0x09, 0x00, 0x07, 0x00, 0xfd, 0xff, 0x05, 0x00, 0xff, 0xff, 0x03, 0x00, 0x00, 0x00, 0x02, 0x00,
    0x0b, 0x00, 0x07, 0x00, 0x02, 0x00, 0x04, 0x00, 0x01, 0x00, 0x03, 0x00, 0x00, 0x00, 0x02, 0x00,
    0x04, 0x00, 0x05, 0x00, 0x08, 0x00, 0x07, 0x00, 0xff, 0xff, 0x03, 0x00, 0x00, 0x00, 0x02, 0x00,
    0x23, 0x00, 0x0b, 0x00, 0xfe, 0xff, 0x04, 0x00, 0x01, 0x00, 0x03, 0x00, 0x00, 0x00, 0x02, 0x00,
    0xfa, 0xff, 0x06, 0x00, 0x03, 0x00, 0x05, 0x00, 0xff, 0xff, 0x03, 0x00, 0x00, 0x00, 0x02, 0x00,
    0xf9, 0xff, 0x06, 0x00, 0x02, 0x00, 0x04, 0x00, 0x01, 0x00, 0x03, 0x00, 0x00, 0x00, 0x02, 0x00,
    0xfc, 0xff, 0x05, 0x00, 0xfb, 0xff, 0x06, 0x00, 0xff, 0xff, 0x03, 0x00, 0x00, 0x00, 0x02, 0x00,
    0x0e, 0x00, 0x08, 0x00, 0xfe, 0xff, 0x04, 0x00, 0x01, 0x00, 0x03, 0x00, 0x00, 0x00, 0x02, 0x00,
    0x19, 0x00, 0x0a, 0x00, 0xfd, 0xff, 0x05, 0x00, 0xff, 0xff, 0x03, 0x00, 0x00, 0x00, 0x02, 0x00,
    0x10, 0x00, 0x08, 0x00, 0x02, 0x00, 0x04, 0x00, 0x01, 0x00, 0x03, 0x00, 0x00, 0x00, 0x02, 0x00,
    0x04, 0x00, 0x05, 0x00, 0x0c, 0x00, 0x08, 0x00, 0xff, 0xff, 0x03, 0x00, 0x00, 0x00, 0x02, 0x00,
    0x0f, 0x00, 0x08, 0x00, 0xfe, 0xff, 0x04, 0x00, 0x01, 0x00, 0x03, 0x00, 0x00, 0x00, 0x02, 0x00,
    0x06, 0x00, 0x06, 0x00, 0x03, 0x00, 0x05, 0x00, 0xff, 0xff, 0x03, 0x00, 0x00, 0x00, 0x02, 0x00,
    0x07, 0x00, 0x06, 0x00, 0x02, 0x00, 0x04, 0x00, 0x01, 0x00, 0x03, 0x00, 0x00, 0x00, 0x02, 0x00,
    0xfc, 0xff, 0x05, 0x00, 0x05, 0x00, 0x06, 0x00, 0xff, 0xff, 0x03, 0x00, 0x00, 0x00, 0x02, 0x00,
    0xf6, 0xff, 0x07, 0x00, 0xfe, 0xff, 0x04, 0x00, 0x01, 0x00, 0x03, 0x00, 0x00, 0x00, 0x02, 0x00,
    0xf7, 0xff, 0x07, 0x00, 0xfd, 0xff, 0x05, 0x00, 0xff, 0xff, 0x03, 0x00, 0x00, 0x00, 0x02, 0x00,
    0xf5, 0xff, 0x07, 0x00, 0x02, 0x00, 0x04, 0x00, 0x01, 0x00, 0x03, 0x00, 0x00, 0x00, 0x02, 0x00,
    0x04, 0x00, 0x05, 0x00, 0xf8, 0xff, 0x07, 0x00, 0xff, 0xff, 0x03, 0x00, 0x00, 0x00, 0x02, 0x00,
    0x00, 0x80, 0x07, 0x00, 0xfe, 0xff, 0x04, 0x00, 0x01, 0x00, 0x03, 0x00, 0x00, 0x00, 0x02, 0x00,
    0xfa, 0xff, 0x06, 0x00, 0x03, 0x00, 0x05, 0x00, 0xff, 0xff, 0x03, 0x00, 0x00, 0x00, 0x02, 0x00,
    0xf9, 0xff, 0x06, 0x00, 0x02, 0x00, 0x04, 0x00, 0x01, 0x00, 0x03, 0x00, 0x00, 0x00, 0x02, 0x00,
    0xfc, 0xff, 0x05, 0x00, 0xfb, 0xff, 0x06, 0x00, 0xff, 0xff, 0x03, 0x00, 0x00, 0x00, 0x02, 0x00,
    0x1a, 0x00, 0x0a, 0x00, 0xfe, 0xff, 0x04, 0x00, 0x01, 0x00, 0x03, 0x00, 0x00, 0x00, 0x02, 0x00,
    0x0d, 0x00, 0x08, 0x00, 0xfd, 0xff, 0x05, 0x00, 0xff, 0xff, 0x03, 0x00, 0x00, 0x00, 0x02, 0x00,
    0x16, 0x00, 0x09, 0x00, 0x02, 0x00, 0x04, 0x00, 0x01, 0x00, 0x03, 0x00, 0x00, 0x00, 0x02, 0x00,
    0x04, 0x00, 0x05, 0x00, 0x11, 0x00, 0x09, 0x00, 0xff, 0xff, 0x03, 0x00, 0x00, 0x00, 0x02, 0x00,
    0x15, 0x00, 0x09, 0x00, 0xfe, 0xff, 0x04, 0x00, 0x01, 0x00, 0x03, 0x00, 0x00, 0x00, 0x02, 0x00,
    0x06, 0x00, 0x06, 0x00, 0x03, 0x00, 0x05, 0x00, 0xff, 0xff, 0x03, 0x00, 0x00, 0x00, 0x02, 0x00,
    0x07, 0x00, 0x06, 0x00, 0x02, 0x00, 0x04, 0x00, 0x01, 0x00, 0x03, 0x00, 0x00, 0x00, 0x02, 0x00,
    0xfc, 0xff, 0x05, 0x00, 0x05, 0x00, 0x06, 0x00, 0xff, 0xff, 0x03, 0x00, 0x00, 0x00, 0x02, 0x00,
    0x0a, 0x00, 0x07, 0x00, 0xfe, 0xff, 0x04, 0x00, 0x01, 0x00, 0x03, 0x00, 0x00, 0x00, 0x02, 0x00,
    0x09, 0x00, 0x07, 0x00, 0xfd, 0xff, 0x05, 0x00, 0xff, 0xff, 0x03, 0x00, 0x00, 0x00, 0x02, 0x00,
    0x0b, 0x00, 0x07, 0x00, 0x02, 0x00, 0x04, 0x00, 0x01, 0x00, 0x03, 0x00, 0x00, 0x00, 0x02, 0x00,
    0x04, 0x00, 0x05, 0x00, 0x08, 0x00, 0x07, 0x00, 0xff, 0xff, 0x03, 0x00, 0x00, 0x00, 0x02, 0x00,
    0x14, 0x00, 0x09, 0x00, 0xfe, 0xff, 0x04, 0x00, 0x01, 0x00, 0x03, 0x00, 0x00, 0x00, 0x02, 0x00,
    0xfa, 0xff, 0x06, 0x00, 0x03, 0x00, 0x05, 0x00, 0xff, 0xff, 0x03, 0x00, 0x00, 0x00, 0x02, 0x00,
    0xf9, 0xff, 0x06, 0x00, 0x02, 0x00, 0x04, 0x00, 0x01, 0x00, 0x03, 0x00, 0x00, 0x00, 0x02, 0x00,
    0xfc, 0xff, 0x05, 0x00, 0xfb, 0xff, 0x06, 0x00, 0xff, 0xff, 0x03, 0x00, 0x00, 0x00, 0x02, 0x00,
    0xf2, 0xff, 0x08, 0x00, 0xfe, 0xff, 0x04, 0x00, 0x01, 0x00, 0x03, 0x00, 0x00, 0x00, 0x02, 0x00,
    0x12, 0x00, 0x09, 0x00, 0xfd, 0xff, 0x05, 0x00, 0xff, 0xff, 0x03, 0x00, 0x00, 0x00, 0x02, 0x00,
    0xf0, 0xff, 0x08, 0x00, 0x02, 0x00, 0x04, 0x00, 0x01, 0x00, 0x03, 0x00, 0x00, 0x00, 0x02, 0x00,
    0x04, 0x00, 0x05, 0x00, 0xf4, 0xff, 0x08, 0x00, 0xff, 0xff, 0x03, 0x00, 0x00, 0x00, 0x02, 0x00,
    0xf1, 0xff, 0x08, 0x00, 0xfe, 0xff, 0x04, 0x00, 0x01, 0x00, 0x03, 0x00, 0x00, 0x00, 0x02, 0x00,
    0x06, 0x00, 0x06, 0x00, 0x03, 0x00, 0x05, 0x00, 0xff, 0xff, 0x03, 0x00, 0x00, 0x00, 0x02, 0x00,
    0x07, 0x00, 0x06, 0x00, 0x02, 0x00, 0x04, 0x00, 0x01, 0x00, 0x03, 0x00, 0x00, 0x00, 0x02, 0x00,
    0xfc, 0xff, 0x05, 0x00, 0x05, 0x00, 0x06, 0x00, 0xff, 0xff, 0x03, 0x00, 0x00, 0x00, 0x02, 0x00,
    0xf6, 0xff, 0x07, 0x00, 0xfe, 0xff, 0x04, 0x00, 0x01, 0x00, 0x03, 0x00, 0x00, 0x00, 0x02, 0x00,
    0xf7, 0xff, 0x07, 0x00, 0xfd, 0xff, 0x05, 0x00, 0xff, 0xff, 0x03, 0x00, 0x00, 0x00, 0x02, 0x00,
    0xf5, 0xff, 0x07, 0x00, 0x02, 0x00, 0x04, 0x00, 0x01, 0x00, 0x03, 0x00, 0x00, 0x00, 0x02, 0x00,
    0x04, 0x00, 0x05, 0x00, 0xf8, 0xff, 0x07, 0x00, 0xff, 0xff, 0x03, 0x00, 0x00, 0x00, 0x02, 0x00,
    0x00, 0x80, 0x07, 0x00, 0xfe, 0xff, 0x04, 0x00, 0x01, 0x00, 0x03, 0x00, 0x00, 0x00, 0x02, 0x00,
    0xfa, 0xff, 0x06, 0x00, 0x03, 0x00, 0x05, 0x00, 0xff, 0xff, 0x03, 0x00, 0x00, 0x00, 0x02, 0x00,
    0xf9, 0xff, 0x06, 0x00, 0x02, 0x00, 0x04, 0x00, 0x01, 0x00, 0x03, 0x00, 0x00, 0x00, 0x02, 0x00,
    0xfc, 0xff, 0x05, 0x00, 0xfb, 0xff, 0x06, 0x00, 0xff, 0xff, 0x03, 0x00, 0x00, 0x00, 0x02, 0x00,
    0x13, 0x00, 0x09, 0x00, 0xfe, 0xff, 0x04, 0x00, 0x01, 0x00, 0x03, 0x00, 0x00, 0x00, 0x02, 0x00,
    0xf3, 0xff, 0x08, 0x00, 0xfd, 0xff, 0x05, 0x00, 0xff, 0xff, 0x03, 0x00, 0x00, 0x00, 0x02, 0x00,
    0x1d, 0x00, 0x0a, 0x00, 0x02, 0x00, 0x04, 0x00, 0x01, 0x00, 0x03, 0x00, 0x00, 0x00, 0x02, 0x00,
    0x04, 0x00, 0x05, 0x00, 0x17, 0x00, 0x0a, 0x00, 0xff, 0xff, 0x03, 0x00, 0x00, 0x00, 0x02, 0x00,
    0x1c, 0x00, 0x0a, 0x00, 0xfe, 0xff, 0x04, 0x00, 0x01, 0x00, 0x03, 0x00, 0x00, 0x00, 0x02, 0x00,
    0x06, 0x00, 0x06, 0x00, 0x03, 0x00, 0x05, 0x00, 0xff, 0xff, 0x03, 0x00, 0x00, 0x00, 0x02, 0x00,
    0x07, 0x00, 0x06, 0x00, 0x02, 0x00, 0x04, 0x00, 0x01, 0x00, 0x03, 0x00, 0x00, 0x00, 0x02, 0x00,
    0xfc, 0xff, 0x05, 0x00, 0x05, 0x00, 0x06, 0x00, 0xff, 0xff, 0x03, 0x00, 0x00, 0x00, 0x02, 0x00,
    0x0a, 0x00, 0x07, 0x00, 0xfe, 0xff, 0x04, 0x00, 0x01, 0x00, 0x03, 0x00, 0x00, 0x00, 0x02, 0x00,
    0x09, 0x00, 0x07, 0x00, 0xfd, 0xff, 0x05, 0x00, 0xff, 0xff, 0x03, 0x00, 0x00, 0x00, 0x02, 0x00,
    0x0b, 0x00, 0x07, 0x00, 0x02, 0x00, 0x04, 0x00, 0x01, 0x00, 0x03, 0x00, 0x00, 0x00, 0x02, 0x00,
    0x04, 0x00, 0x05, 0x00, 0x08, 0x00, 0x07, 0x00, 0xff, 0xff, 0x03, 0x00, 0x00, 0x00, 0x02, 0x00,
    0x1b, 0x00, 0x0a, 0x00, 0xfe, 0xff, 0x04, 0x00, 0x01, 0x00, 0x03, 0x00, 0x00, 0x00, 0x02, 0x00,
    0xfa, 0xff, 0x06, 0x00, 0x03, 0x00, 0x05, 0x00, 0xff, 0xff, 0x03, 0x00, 0x00, 0x00, 0x02, 0x00,
    0xf9, 0xff, 0x06, 0x00, 0x02, 0x00, 0x04, 0x00, 0x01, 0x00, 0x03, 0x00, 0x00, 0x00, 0x02, 0x00,
    0xfc, 0xff, 0x05, 0x00, 0xfb, 0xff, 0x06, 0x00, 0xff, 0xff, 0x03, 0x00, 0x00, 0x00, 0x02, 0x00,
    0x0e, 0x00, 0x08, 0x00, 0xfe, 0xff, 0x04, 0x00, 0x01, 0x00, 0x03, 0x00, 0x00, 0x00, 0x02, 0x00,
    0x18, 0x00, 0x0a, 0x00, 0xfd, 0xff, 0x05, 0x00, 0xff, 0xff, 0x03, 0x00, 0x00, 0x00, 0x02, 0x00,
    0x10, 0x00, 0x08, 0x00, 0x02, 0x00, 0x04, 0x00, 0x01, 0x00, 0x03, 0x00, 0x00, 0x00, 0x02, 0x00,
    0x04, 0x00, 0x05, 0x00, 0x0c, 0x00, 0x08, 0x00, 0xff, 0xff, 0x03, 0x00, 0x00, 0x00, 0x02, 0x00,
    0x0f, 0x00, 0x08, 0x00, 0xfe, 0xff, 0x04, 0x00, 0x01, 0x00, 0x03, 0x00, 0x00, 0x00, 0x02, 0x00,
    0x06, 0x00, 0x06, 0x00, 0x03, 0x00, 0x05, 0x00, 0xff, 0xff, 0x03, 0x00, 0x00, 0x00, 0x02, 0x00,
    0x07, 0x00, 0x06, 0x00, 0x02, 0x00, 0x04, 0x00, 0x01, 0x00, 0x03, 0x00, 0x00, 0x00, 0x02, 0x00,
    0xfc, 0xff, 0x05, 0x00, 0x05, 0x00, 0x06, 0x00, 0xff, 0xff, 0x03, 0x00, 0x00, 0x00, 0x02, 0x00,
    0xf6, 0xff, 0x07, 0x00, 0xfe, 0xff, 0x04, 0x00, 0x01, 0x00, 0x03, 0x00, 0x00, 0x00, 0x02, 0x00,
    0xf7, 0xff, 0x07, 0x00, 0xfd, 0xff, 0x05, 0x00, 0xff, 0xff, 0x03, 0x00, 0x00, 0x00, 0x02, 0x00,
    0xf5, 0xff, 0x07, 0x00, 0x02, 0x00, 0x04, 0x00, 0x01, 0x00, 0x03, 0x00, 0x00, 0x00, 0x02, 0x00,
    0x04, 0x00, 0x05, 0x00, 0xf8, 0xff, 0x07, 0x00, 0xff, 0xff, 0x03, 0x00, 0x00, 0x00, 0x02, 0x00,
    0x00, 0x80, 0x07, 0x00, 0xfe, 0xff, 0x04, 0x00, 0x01, 0x00, 0x03, 0x00, 0x00, 0x00, 0x02, 0x00,
    0xfa, 0xff, 0x06, 0x00, 0x03, 0x00, 0x05, 0x00, 0xff, 0xff, 0x03, 0x00, 0x00, 0x00, 0x02, 0x00,
    0xf9, 0xff, 0x06, 0x00, 0x02, 0x00, 0x04, 0x00, 0x01, 0x00, 0x03, 0x00, 0x00, 0x00, 0x02, 0x00,
    0xfc, 0xff, 0x05, 0x00, 0xfb, 0xff, 0x06, 0x00, 0xff, 0xff, 0x03, 0x00, 0x00, 0x00, 0x02, 0x00,
    0x21, 0x00, 0x0b, 0x00, 0xfe, 0xff, 0x04, 0x00, 0x01, 0x00, 0x03, 0x00, 0x00, 0x00, 0x02, 0x00,
    0x0d, 0x00, 0x08, 0x00, 0xfd, 0xff, 0x05, 0x00, 0xff, 0xff, 0x03, 0x00, 0x00, 0x00, 0x02, 0x00,
    0xea, 0xff, 0x09, 0x00, 0x02, 0x00, 0x04, 0x00, 0x01, 0x00, 0x03, 0x00, 0x00, 0x00, 0x02, 0x00,
    0x04, 0x00, 0x05, 0x00, 0xef, 0xff, 0x09, 0x00, 0xff, 0xff, 0x03, 0x00, 0x00, 0x00, 0x02, 0x00,
    0xeb, 0xff, 0x09, 0x00, 0xfe, 0xff, 0x04, 0x00, 0x01, 0x00, 0x03, 0x00, 0x00, 0x00, 0x02, 0x00,
    0x06, 0x00, 0x06, 0x00, 0x03, 0x00, 0x05, 0x00, 0xff, 0xff, 0x03, 0x00, 0x00, 0x00, 0x02, 0x00,
    0x07, 0x00, 0x06, 0x00, 0x02, 0x00, 0x04, 0x00, 0x01, 0x00, 0x03, 0x00, 0x00, 0x00, 0x02, 0x00,
    0xfc, 0xff, 0x05, 0x00, 0x05, 0x00, 0x06, 0x00, 0xff, 0xff, 0x03, 0x00, 0x00, 0x00, 0x02, 0x00,
    0x0a, 0x00, 0x07, 0x00, 0xfe, 0xff, 0x04, 0x00, 0x01, 0x00, 0x03, 0x00, 0x00, 0x00, 0x02, 0x00,
    0x09, 0x00, 0x07, 0x00, 0xfd, 0xff, 0x05, 0x00, 0xff, 0xff, 0x03, 0x00, 0x00, 0x00, 0x02, 0x00,
    0x0b, 0x00, 0x07, 0x00, 0x02, 0x00, 0x04, 0x00, 0x01, 0x00, 0x03, 0x00, 0x00, 0x00, 0x02, 0x00,
    0x04, 0x00, 0x05, 0x00, 0x08, 0x00, 0x07, 0x00, 0xff, 0xff, 0x03, 0x00, 0x00, 0x00, 0x02, 0x00,
    0xec, 0xff, 0x09, 0x00, 0xfe, 0xff, 0x04, 0x00, 0x01, 0x00, 0x03, 0x00, 0x00, 0x00, 0x02, 0x00,
    0xfa, 0xff, 0x06, 0x00, 0x03, 0x00, 0x05, 0x00, 0xff, 0xff, 0x03, 0x00, 0x00, 0x00, 0x02, 0x00,
    0xf9, 0xff, 0x06, 0x00, 0x02, 0x00, 0x04, 0x00, 0x01, 0x00, 0x03, 0x00, 0x00, 0x00, 0x02, 0x00,
    0xfc, 0xff, 0x05, 0x00, 0xfb, 0xff, 0x06, 0x00, 0xff, 0xff, 0x03, 0x00, 0x00, 0x00, 0x02, 0x00,
    0xf2, 0xff, 0x08, 0x00, 0xfe, 0xff, 0x04, 0x00, 0x01, 0x00, 0x03, 0x00, 0x00, 0x00, 0x02, 0x00,
    0xee, 0xff, 0x09, 0x00, 0xfd, 0xff, 0x05, 0x00, 0xff, 0xff, 0x03, 0x00, 0x00, 0x00, 0x02, 0x00,
    0xf0, 0xff, 0x08, 0x00, 0x02, 0x00, 0x04, 0x00, 0x01, 0x00, 0x03, 0x00, 0x00, 0x00, 0x02, 0x00,
    0x04, 0x00, 0x05, 0x00, 0xf4, 0xff, 0x08, 0x00, 0xff, 0xff, 0x03, 0x00, 0x00, 0x00, 0x02, 0x00,
    0xf1, 0xff, 0x08, 0x00, 0xfe, 0xff, 0x04, 0x00, 0x01, 0x00, 0x03, 0x00, 0x00, 0x00, 0x02, 0x00,
    0x06, 0x00, 0x06, 0x00, 0x03, 0x00, 0x05, 0x00, 0xff, 0xff, 0x03, 0x00, 0x00, 0x00, 0x02, 0x00,
    0x07, 0x00, 0x06, 0x00, 0x02, 0x00, 0x04, 0x00, 0x01, 0x00, 0x03, 0x00, 0x00, 0x00, 0x02, 0x00,
    0xfc, 0xff, 0x05, 0x00, 0x05, 0x00, 0x06, 0x00, 0xff, 0xff, 0x03, 0x00, 0x00, 0x00, 0x02, 0x00,
    0xf6, 0xff, 0x07, 0x00, 0xfe, 0xff, 0x04, 0x00, 0x01, 0x00, 0x03, 0x00, 0x00, 0x00, 0x02, 0x00,
    0xf7, 0xff, 0x07, 0x00, 0xfd, 0xff, 0x05, 0x00, 0xff, 0xff, 0x03, 0x00, 0x00, 0x00, 0x02, 0x00,
    0xf5, 0xff, 0x07, 0x00, 0x02, 0x00, 0x04, 0x00, 0x01, 0x00, 0x03, 0x00, 0x00, 0x00, 0x02, 0x00,
    0x04, 0x00, 0x05, 0x00, 0xf8, 0xff, 0x07, 0x00, 0xff, 0xff, 0x03, 0x00, 0x00, 0x00, 0x02, 0x00,
    0x00, 0x80, 0x07, 0x00, 0xfe, 0xff, 0x04, 0x00, 0x01, 0x00, 0x03, 0x00, 0x00, 0x00, 0x02, 0x00,
    0xfa, 0xff, 0x06, 0x00, 0x03, 0x00, 0x05, 0x00, 0xff, 0xff, 0x03, 0x00, 0x00, 0x00, 0x02, 0x00,
    0xf9, 0xff, 0x06, 0x00, 0x02, 0x00, 0x04, 0x00, 0x01, 0x00, 0x03, 0x00, 0x00, 0x00, 0x02, 0x00,
    0xfc, 0xff, 0x05, 0x00, 0xfb, 0xff, 0x06, 0x00, 0xff, 0xff, 0x03, 0x00, 0x00, 0x00, 0x02, 0x00,
    0xed, 0xff, 0x09, 0x00, 0xfe, 0xff, 0x04, 0x00, 0x01, 0x00, 0x03, 0x00, 0x00, 0x00, 0x02, 0x00,
    0xf3, 0xff, 0x08, 0x00, 0xfd, 0xff, 0x05, 0x00, 0xff, 0xff, 0x03, 0x00, 0x00, 0x00, 0x02, 0x00,
    0xe2, 0xff, 0x0a, 0x00, 0x02, 0x00, 0x04, 0x00, 0x01, 0x00, 0x03, 0x00, 0x00, 0x00, 0x02, 0x00,
    0x04, 0x00, 0x05, 0x00, 0x27, 0x00, 0x0c, 0x00, 0xff, 0xff, 0x03, 0x00, 0x00, 0x00, 0x02, 0x00,
    0x24, 0x00, 0x0b, 0x00, 0xfe, 0xff, 0x04, 0x00, 0x01, 0x00, 0x03, 0x00, 0x00, 0x00, 0x02, 0x00,
    0x06, 0x00, 0x06, 0x00, 0x03, 0x00, 0x05, 0x00, 0xff, 0xff, 0x03, 0x00, 0x00, 0x00, 0x02, 0x00,
    0x07, 0x00, 0x06, 0x00, 0x02, 0x00, 0x04, 0x00, 0x01, 0x00, 0x03, 0x00, 0x00, 0x00, 0x02, 0x00,
    0xfc, 0xff, 0x05, 0x00, 0x05, 0x00, 0x06, 0x00, 0xff, 0xff, 0x03, 0x00, 0x00, 0x00, 0x02, 0x00,
    0x0a, 0x00, 0x07, 0x00, 0xfe, 0xff, 0x04, 0x00, 0x01, 0x00, 0x03, 0x00, 0x00, 0x00, 0x02, 0x00,
    0x09, 0x00, 0x07, 0x00, 0xfd, 0xff, 0x05, 0x00, 0xff, 0xff, 0x03, 0x00, 0x00, 0x00, 0x02, 0x00,
    0x0b, 0x00, 0x07, 0x00, 0x02, 0x00, 0x04, 0x00, 0x01, 0x00, 0x03, 0x00, 0x00, 0x00, 0x02, 0x00,
    0x04, 0x00, 0x05, 0x00, 0x08, 0x00, 0x07, 0x00, 0xff, 0xff, 0x03, 0x00, 0x00, 0x00, 0x02, 0x00,
    0x22, 0x00, 0x0b, 0x00, 0xfe, 0xff, 0x04, 0x00, 0x01, 0x00, 0x03, 0x00, 0x00, 0x00, 0x02, 0x00,
    0xfa, 0xff, 0x06, 0x00, 0x03, 0x00, 0x05, 0x00, 0xff, 0xff, 0x03, 0x00, 0x00, 0x00, 0x02, 0x00,
    0xf9, 0xff, 0x06, 0x00, 0x02, 0x00, 0x04, 0x00, 0x01, 0x00, 0x03, 0x00, 0x00, 0x00, 0x02, 0x00,
    0xfc, 0xff, 0x05, 0x00, 0xfb, 0xff, 0x06, 0x00, 0xff, 0xff, 0x03, 0x00, 0x00, 0x00, 0x02, 0x00,
    0x0e, 0x00, 0x08, 0x00, 0xfe, 0xff, 0x04, 0x00, 0x01, 0x00, 0x03, 0x00, 0x00, 0x00, 0x02, 0x00,
    0xe7, 0xff, 0x0a, 0x00, 0xfd, 0xff, 0x05, 0x00, 0xff, 0xff, 0x03, 0x00, 0x00, 0x00, 0x02, 0x00,
    0x10, 0x00, 0x08, 0x00, 0x02, 0x00, 0x04, 0x00, 0x01, 0x00, 0x03, 0x00, 0x00, 0x00, 0x02, 0x00,
    0x04, 0x00, 0x05, 0x00, 0x0c, 0x00, 0x08, 0x00, 0xff, 0xff, 0x03, 0x00, 0x00, 0x00, 0x02, 0x00,
    0x0f, 0x00, 0x08, 0x00, 0xfe, 0xff, 0x04, 0x00, 0x01, 0x00, 0x03, 0x00, 0x00, 0x00, 0x02, 0x00,
    0x06, 0x00, 0x06, 0x00, 0x03, 0x00, 0x05, 0x00, 0xff, 0xff, 0x03, 0x00, 0x00, 0x00, 0x02, 0x00,
    0x07, 0x00, 0x06, 0x00, 0x02, 0x00, 0x04, 0x00, 0x01, 0x00, 0x03, 0x00, 0x00, 0x00, 0x02, 0x00,
    0xfc, 0xff, 0x05, 0x00, 0x05, 0x00, 0x06, 0x00, 0xff, 0xff, 0x03, 0x00, 0x00, 0x00, 0x02, 0x00,
    0xf6, 0xff, 0x07, 0x00, 0xfe, 0xff, 0x04, 0x00, 0x01, 0x00, 0x03, 0x00, 0x00, 0x00, 0x02, 0x00,
    0xf7, 0xff, 0x07, 0x00, 0xfd, 0xff, 0x05, 0x00, 0xff, 0xff, 0x03, 0x00, 0x00, 0x00, 0x02, 0x00,
    0xf5, 0xff, 0x07, 0x00, 0x02, 0x00, 0x04, 0x00, 0x01, 0x00, 0x03, 0x00, 0x00, 0x00, 0x02, 0x00,
    0x04, 0x00, 0x05, 0x00, 0xf8, 0xff, 0x07, 0x00, 0xff, 0xff, 0x03, 0x00, 0x00, 0x00, 0x02, 0x00,
    0x00, 0x80, 0x07, 0x00, 0xfe, 0xff, 0x04, 0x00, 0x01, 0x00, 0x03, 0x00, 0x00, 0x00, 0x02, 0x00,
    0xfa, 0xff, 0x06, 0x00, 0x03, 0x00, 0x05, 0x00, 0xff, 0xff, 0x03, 0x00, 0x00, 0x00, 0x02, 0x00,
    0xf9, 0xff, 0x06, 0x00, 0x02, 0x00, 0x04, 0x00, 0x01, 0x00, 0x03, 0x00, 0x00, 0x00, 0x02, 0x00,
    0xfc, 0xff, 0x05, 0x00, 0xfb, 0xff, 0x06, 0x00, 0xff, 0xff, 0x03, 0x00, 0x00, 0x00, 0x02, 0x00,
    0xe6, 0xff, 0x0a, 0x00, 0xfe, 0xff, 0x04, 0x00, 0x01, 0x00, 0x03, 0x00, 0x00, 0x00, 0x02, 0x00,
    0x0d, 0x00, 0x08, 0x00, 0xfd, 0xff, 0x05, 0x00, 0xff, 0xff, 0x03, 0x00, 0x00, 0x00, 0x02, 0x00,
    0x16, 0x00, 0x09, 0x00, 0x02, 0x00, 0x04, 0x00, 0x01, 0x00, 0x03, 0x00, 0x00, 0x00, 0x02, 0x00,
    0x04, 0x00, 0x05, 0x00, 0x11, 0x00, 0x09, 0x00, 0xff, 0xff, 0x03, 0x00, 0x00, 0x00, 0x02, 0x00,
    0x15, 0x00, 0x09, 0x00, 0xfe, 0xff, 0x04, 0x00, 0x01, 0x00, 0x03, 0x00, 0x00, 0x00, 0x02, 0x00,
    0x06, 0x00, 0x06, 0x00, 0x03, 0x00, 0x05, 0x00, 0xff, 0xff, 0x03, 0x00, 0x00, 0x00, 0x02, 0x00,
    0x07, 0x00, 0x06, 0x00, 0x02, 0x00, 0x04, 0x00, 0x01, 0x00, 0x03, 0x00, 0x00, 0x00, 0x02, 0x00,
    0xfc, 0xff, 0x05, 0x00, 0x05, 0x00, 0x06, 0x00, 0xff, 0xff, 0x03, 0x00, 0x00, 0x00, 0x02, 0x00,
    0x0a, 0x00, 0x07, 0x00, 0xfe, 0xff, 0x04, 0x00, 0x01, 0x00, 0x03, 0x00, 0x00, 0x00, 0x02, 0x00,
    0x09, 0x00, 0x07, 0x00, 0xfd, 0xff, 0x05, 0x00, 0xff, 0xff, 0x03, 0x00, 0x00, 0x00, 0x02, 0x00,
    0x0b, 0x00, 0x07, 0x00, 0x02, 0x00, 0x04, 0x00, 0x01, 0x00, 0x03, 0x00, 0x00, 0x00, 0x02, 0x00,
    0x04, 0x00, 0x05, 0x00, 0x08, 0x00, 0x07, 0x00, 0xff, 0xff, 0x03, 0x00, 0x00, 0x00, 0x02, 0x00,
    0x14, 0x00, 0x09, 0x00, 0xfe, 0xff, 0x04, 0x00, 0x01, 0x00, 0x03, 0x00, 0x00, 0x00, 0x02, 0x00,
    0xfa, 0xff, 0x06, 0x00, 0x03, 0x00, 0x05, 0x00, 0xff, 0xff, 0x03, 0x00, 0x00, 0x00, 0x02, 0x00,
    0xf9, 0xff, 0x06, 0x00, 0x02, 0x00, 0x04, 0x00, 0x01, 0x00, 0x03, 0x00, 0x00, 0x00, 0x02, 0x00,
    0xfc, 0xff, 0x05, 0x00, 0xfb, 0xff, 0x06, 0x00, 0xff, 0xff, 0x03, 0x00, 0x00, 0x00, 0x02, 0x00,
    0xf2, 0xff, 0x08, 0x00, 0xfe, 0xff, 0x04, 0x00, 0x01, 0x00, 0x03, 0x00, 0x00, 0x00, 0x02, 0x00,
    0x12, 0x00, 0x09, 0x00, 0xfd, 0xff, 0x05, 0x00, 0xff, 0xff, 0x03, 0x00, 0x00, 0x00, 0x02, 0x00,
    0xf0, 0xff, 0x08, 0x00, 0x02, 0x00, 0x04, 0x00, 0x01, 0x00, 0x03, 0x00, 0x00, 0x00, 0x02, 0x00,
    0x04, 0x00, 0x05, 0x00, 0xf4, 0xff, 0x08, 0x00, 0xff, 0xff, 0x03, 0x00, 0x00, 0x00, 0x02, 0x00,
    0xf1, 0xff, 0x08, 0x00, 0xfe, 0xff, 0x04, 0x00, 0x01, 0x00, 0x03, 0x00, 0x00, 0x00, 0x02, 0x00,
    0x06, 0x00, 0x06, 0x00, 0x03, 0x00, 0x05, 0x00, 0xff, 0xff, 0x03, 0x00, 0x00, 0x00, 0x02, 0x00,
    0x07, 0x00, 0x06, 0x00, 0x02, 0x00, 0x04, 0x00, 0x01, 0x00, 0x03, 0x00, 0x00, 0x00, 0x02, 0x00,
    0xfc, 0xff, 0x05, 0x00, 0x05, 0x00, 0x06, 0x00, 0xff, 0xff, 0x03, 0x00, 0x00, 0x00, 0x02, 0x00,
    0xf6, 0xff, 0x07, 0x00, 0xfe, 0xff, 0x04, 0x00, 0x01, 0x00, 0x03, 0x00, 0x00, 0x00, 0x02, 0x00,
    0xf7, 0xff, 0x07, 0x00, 0xfd, 0xff, 0x05, 0x00, 0xff, 0xff, 0x03, 0x00, 0x00, 0x00, 0x02, 0x00,
    0xf5, 0xff, 0x07, 0x00, 0x02, 0x00, 0x04, 0x00, 0x01, 0x00, 0x03, 0x00, 0x00, 0x00, 0x02, 0x00,
    0x04, 0x00, 0x05, 0x00, 0xf8, 0xff, 0x07, 0x00, 0xff, 0xff, 0x03, 0x00, 0x00, 0x00, 0x02, 0x00,
    0x00, 0x80, 0x07, 0x00, 0xfe, 0xff, 0x04, 0x00, 0x01, 0x00, 0x03, 0x00, 0x00, 0x00, 0x02, 0x00,
    0xfa, 0xff, 0x06, 0x00, 0x03, 0x00, 0x05, 0x00, 0xff, 0xff, 0x03, 0x00, 0x00, 0x00, 0x02, 0x00,
    0xf9, 0xff, 0x06, 0x00, 0x02, 0x00, 0x04, 0x00, 0x01, 0x00, 0x03, 0x00, 0x00, 0x00, 0x02, 0x00,
    0xfc, 0xff, 0x05, 0x00, 0xfb, 0xff, 0x06, 0x00, 0xff, 0xff, 0x03, 0x00, 0x00, 0x00, 0x02, 0x00,
    0x13, 0x00, 0x09, 0x00, 0xfe, 0xff, 0x04, 0x00, 0x01, 0x00, 0x03, 0x00, 0x00, 0x00, 0x02, 0x00,
    0xf3, 0xff, 0x08, 0x00, 0xfd, 0xff, 0x05, 0x00, 0xff, 0xff, 0x03, 0x00, 0x00, 0x00, 0x02, 0x00,
    0xe3, 0xff, 0x0a, 0x00, 0x02, 0x00, 0x04, 0x00, 0x01, 0x00, 0x03, 0x00, 0x00, 0x00, 0x02, 0x00,
    0x04, 0x00, 0x05, 0x00, 0xe9, 0xff, 0x0a, 0x00, 0xff, 0xff, 0x03, 0x00, 0x00, 0x00, 0x02, 0x00,
    0xe4, 0xff, 0x0a, 0x00, 0xfe, 0xff, 0x04, 0x00, 0x01, 0x00, 0x03, 0x00, 0x00, 0x00, 0x02, 0x00,
    0x06, 0x00, 0x06, 0x00, 0x03, 0x00, 0x05, 0x00, 0xff, 0xff, 0x03, 0x00, 0x00, 0x00, 0x02, 0x00,
    0x07, 0x00, 0x06, 0x00, 0x02, 0x00, 0x04, 0x00, 0x01, 0x00, 0x03, 0x00, 0x00, 0x00, 0x02, 0x00,
    0xfc, 0xff, 0x05, 0x00, 0x05, 0x00, 0x06, 0x00, 0xff, 0xff, 0x03, 0x00, 0x00, 0x00, 0x02, 0x00,
    0x0a, 0x00, 0x07, 0x00, 0xfe, 0xff, 0x04, 0x00, 0x01, 0x00, 0x03, 0x00, 0x00, 0x00, 0x02, 0x00,
    0x09, 0x00, 0x07, 0x00, 0xfd, 0xff, 0x05, 0x00, 0xff, 0xff, 0x03, 0x00, 0x00, 0x00, 0x02, 0x00,
    0x0b, 0x00, 0x07, 0x00, 0x02, 0x00, 0x04, 0x00, 0x01, 0x00, 0x03, 0x00, 0x00, 0x00, 0x02, 0x00,
    0x04, 0x00, 0x05, 0x00, 0x08, 0x00, 0x07, 0x00, 0xff, 0xff, 0x03, 0x00, 0x00, 0x00, 0x02, 0x00,
    0xe5, 0xff, 0x0a, 0x00, 0xfe, 0xff, 0x04, 0x00, 0x01, 0x00, 0x03, 0x00, 0x00, 0x00, 0x02, 0x00,
    0xfa, 0xff, 0x06, 0x00, 0x03, 0x00, 0x05, 0x00, 0xff, 0xff, 0x03, 0x00, 0x00, 0x00, 0x02, 0x00,
    0xf9, 0xff, 0x06, 0x00, 0x02, 0x00, 0x04, 0x00, 0x01, 0x00, 0x03, 0x00, 0x00, 0x00, 0x02, 0x00,
    0xfc, 0xff, 0x05, 0x00, 0xfb, 0xff, 0x06, 0x00, 0xff, 0xff, 0x03, 0x00, 0x00, 0x00, 0x02, 0x00,
    0x0e, 0x00, 0x08, 0x00, 0xfe, 0xff, 0x04, 0x00, 0x01, 0x00, 0x03, 0x00, 0x00, 0x00, 0x02, 0x00,
    0xe8, 0xff, 0x0a, 0x00, 0xfd, 0xff, 0x05, 0x00, 0xff, 0xff, 0x03, 0x00, 0x00, 0x00, 0x02, 0x00,
    0x10, 0x00, 0x08, 0x00, 0x02, 0x00, 0x04, 0x00, 0x01, 0x00, 0x03, 0x00, 0x00, 0x00, 0x02, 0x00,
    0x04, 0x00, 0x05, 0x00, 0x0c, 0x00, 0x08, 0x00, 0xff, 0xff, 0x03, 0x00, 0x00, 0x00, 0x02, 0x00,
    0x0f, 0x00, 0x08, 0x00, 0xfe, 0xff, 0x04, 0x00, 0x01, 0x00, 0x03, 0x00, 0x00, 0x00, 0x02, 0x00,
    0x06, 0x00, 0x06, 0x00, 0x03, 0x00, 0x05, 0x00, 0xff, 0xff, 0x03, 0x00, 0x00, 0x00, 0x02, 0x00,
    0x07, 0x00, 0x06, 0x00, 0x02, 0x00, 0x04, 0x00, 0x01, 0x00, 0x03, 0x00, 0x00, 0x00, 0x02, 0x00,
    0xfc, 0xff, 0x05, 0x00, 0x05, 0x00, 0x06, 0x00, 0xff, 0xff, 0x03, 0x00, 0x00, 0x00, 0x02, 0x00,
    0xf6, 0xff, 0x07, 0x00, 0xfe, 0xff, 0x04, 0x00, 0x01, 0x00, 0x03, 0x00, 0x00, 0x00, 0x02, 0x00,
    0xf7, 0xff, 0x07, 0x00, 0xfd, 0xff, 0x05, 0x00, 0xff, 0xff, 0x03, 0x00, 0x00, 0x00, 0x02, 0x00,
    0xf5, 0xff, 0x07, 0x00, 0x02, 0x00, 0x04, 0x00, 0x01, 0x00, 0x03, 0x00, 0x00, 0x00, 0x02, 0x00,
    0x04, 0x00, 0x05, 0x00, 0xf8, 0xff, 0x07, 0x00, 0xff, 0xff, 0x03, 0x00, 0x00, 0x00, 0x02, 0x00,
    0x00, 0x80, 0x07, 0x00, 0xfe, 0xff, 0x04, 0x00, 0x01, 0x00, 0x03, 0x00, 0x00, 0x00, 0x02, 0x00,
    0xfa, 0xff, 0x06, 0x00, 0x03, 0x00, 0x05, 0x00, 0xff, 0xff, 0x03, 0x00, 0x00, 0x00, 0x02, 0x00,
    0xf9, 0xff, 0x06, 0x00, 0x02, 0x00, 0x04, 0x00, 0x01, 0x00, 0x03, 0x00, 0x00, 0x00, 0x02, 0x00,
    0xfc, 0xff, 0x05, 0x00, 0xfb, 0xff, 0x06, 0x00, 0xff, 0xff, 0x03, 0x00, 0x00, 0x00, 0x02, 0x00,
    0x20, 0x00, 0x0b, 0x00, 0xfe, 0xff, 0x04, 0x00, 0x01, 0x00, 0x03, 0x00, 0x00, 0x00, 0x02, 0x00,
    0x0d, 0x00, 0x08, 0x00, 0xfd, 0xff, 0x05, 0x00, 0xff, 0xff, 0x03, 0x00, 0x00, 0x00, 0x02, 0x00,
    0xea, 0xff, 0x09, 0x00, 0x02, 0x00, 0x04, 0x00, 0x01, 0x00, 0x03, 0x00, 0x00, 0x00, 0x02, 0x00,
    0x04, 0x00, 0x05, 0x00, 0xef, 0xff, 0x09, 0x00, 0xff, 0xff, 0x03, 0x00, 0x00, 0x00, 0x02, 0x00,
    0xeb, 0xff, 0x09, 0x00, 0xfe, 0xff, 0x04, 0x00, 0x01, 0x00, 0x03, 0x00, 0x00, 0x00, 0x02, 0x00,
    0x06, 0x00, 0x06, 0x00, 0x03, 0x00, 0x05, 0x00, 0xff, 0xff, 0x03, 0x00, 0x00, 0x00, 0x02, 0x00,
    0x07, 0x00, 0x06, 0x00, 0x02, 0x00, 0x04, 0x00, 0x01, 0x00, 0x03, 0x00, 0x00, 0x00, 0x02, 0x00,
    0xfc, 0xff, 0x05, 0x00, 0x05, 0x00, 0x06, 0x00, 0xff, 0xff, 0x03, 0x00, 0x00, 0x00, 0x02, 0x00,
    0x0a, 0x00, 0x07, 0x00, 0xfe, 0xff, 0x04, 0x00, 0x01, 0x00, 0x03, 0x00, 0x00, 0x00, 0x02, 0x00,
    0x09, 0x00, 0x07, 0x00, 0xfd, 0xff, 0x05, 0x00, 0xff, 0xff, 0x03, 0x00, 0x00, 0x00, 0x02, 0x00,
    0x0b, 0x00, 0x07, 0x00, 0x02, 0x00, 0x04, 0x00, 0x01, 0x00, 0x03, 0x00, 0x00, 0x00, 0x02, 0x00,
    0x04, 0x00, 0x05, 0x00, 0x08, 0x00, 0x07, 0x00, 0xff, 0xff, 0x03, 0x00, 0x00, 0x00, 0x02, 0x00,
    0xec, 0xff, 0x09, 0x00, 0xfe, 0xff, 0x04, 0x00, 0x01, 0x00, 0x03, 0x00, 0x00, 0x00, 0x02, 0x00,
    0xfa, 0xff, 0x06, 0x00, 0x03, 0x00, 0x05, 0x00, 0xff, 0xff, 0x03, 0x00, 0x00, 0x00, 0x02, 0x00,
    0xf9, 0xff, 0x06, 0x00, 0x02, 0x00, 0x04, 0x00, 0x01, 0x00, 0x03, 0x00, 0x00, 0x00, 0x02, 0x00,
    0xfc, 0xff, 0x05, 0x00, 0xfb, 0xff, 0x06, 0x00, 0xff, 0xff, 0x03, 0x00, 0x00, 0x00, 0x02, 0x00,
    0xf2, 0xff, 0x08, 0x00, 0xfe, 0xff, 0x04, 0x00, 0x01, 0x00, 0x03, 0x00, 0x00, 0x00, 0x02, 0x00,
    0xee, 0xff, 0x09, 0x00, 0xfd, 0xff, 0x05, 0x00, 0xff, 0xff, 0x03, 0x00, 0x00, 0x00, 0x02, 0x00,
    0xf0, 0xff, 0x08, 0x00, 0x02, 0x00, 0x04, 0x00, 0x01, 0x00, 0x03, 0x00, 0x00, 0x00, 0x02, 0x00,
    0x04, 0x00, 0x05, 0x00, 0xf4, 0xff, 0x08, 0x00, 0xff, 0xff, 0x03, 0x00, 0x00, 0x00, 0x02, 0x00,
    0xf1, 0xff, 0x08, 0x00, 0xfe, 0xff, 0x04, 0x00, 0x01, 0x00, 0x03, 0x00, 0x00, 0x00, 0x02, 0x00,
    0x06, 0x00, 0x06, 0x00, 0x03, 0x00, 0x05, 0x00, 0xff, 0xff, 0x03, 0x00, 0x00, 0x00, 0x02, 0x00,
    0x07, 0x00, 0x06, 0x00, 0x02, 0x00, 0x04, 0x00, 0x01, 0x00, 0x03, 0x00, 0x00, 0x00, 0x02, 0x00,
    0xfc, 0xff, 0x05, 0x00, 0x05, 0x00, 0x06, 0x00, 0xff, 0xff, 0x03, 0x00, 0x00, 0x00, 0x02, 0x00,
    0xf6, 0xff, 0x07, 0x00, 0xfe, 0xff, 0x04, 0x00, 0x01, 0x00, 0x03, 0x00, 0x00, 0x00, 0x02, 0x00,
    0xf7, 0xff, 0x07, 0x00, 0xfd, 0xff, 0x05, 0x00, 0xff, 0xff, 0x03, 0x00, 0x00, 0x00, 0x02, 0x00,
    0xf5, 0xff, 0x07, 0x00, 0x02, 0x00, 0x04, 0x00, 0x01, 0x00, 0x03, 0x00, 0x00, 0x00, 0x02, 0x00,
    0x04, 0x00, 0x05, 0x00, 0xf8, 0xff, 0x07, 0x00, 0xff, 0xff, 0x03, 0x00, 0x00, 0x00, 0x02, 0x00,
    0x00, 0x80, 0x07, 0x00, 0xfe, 0xff, 0x04, 0x00, 0x01, 0x00, 0x03, 0x00, 0x00, 0x00, 0x02, 0x00,
    0xfa, 0xff, 0x06, 0x00, 0x03, 0x00, 0x05, 0x00, 0xff, 0xff, 0x03, 0x00, 0x00, 0x00, 0x02, 0x00,
    0xf9, 0xff, 0x06, 0x00, 0x02, 0x00, 0x04, 0x00, 0x01, 0x00, 0x03, 0x00, 0x00, 0x00, 0x02, 0x00,
    0xfc, 0xff, 0x05, 0x00, 0xfb, 0xff, 0x06, 0x00, 0xff, 0xff, 0x03, 0x00, 0x00, 0x00, 0x02, 0x00,
    0xed, 0xff, 0x09, 0x00, 0xfe, 0xff, 0x04, 0x00, 0x01, 0x00, 0x03, 0x00, 0x00, 0x00, 0x02, 0x00,
    0xf3, 0xff, 0x08, 0x00, 0xfd, 0xff, 0x05, 0x00, 0xff, 0xff, 0x03, 0x00, 0x00, 0x00, 0x02, 0x00,
    0x1e, 0x00, 0x0a, 0x00, 0x02, 0x00, 0x04, 0x00, 0x01, 0x00, 0x03, 0x00, 0x00, 0x00, 0x02, 0x00,
    0x04, 0x00, 0x05, 0x00, 0xe1, 0xff, 0x0b, 0x00, 0xff, 0xff, 0x03, 0x00, 0x00, 0x00, 0x02, 0x00,
    0xdb, 0xff, 0x0b, 0x00, 0xfe, 0xff, 0x04, 0x00, 0x01, 0x00, 0x03, 0x00, 0x00, 0x00, 0x02, 0x00,
    0x06, 0x00, 0x06, 0x00, 0x03, 0x00, 0x05, 0x00, 0xff, 0xff, 0x03, 0x00, 0x00, 0x00, 0x02, 0x00,
    0x07, 0x00, 0x06, 0x00, 0x02, 0x00, 0x04, 0x00, 0x01, 0x00, 0x03, 0x00, 0x00, 0x00, 0x02, 0x00,
    0xfc, 0xff, 0x05, 0x00, 0x05, 0x00, 0x06, 0x00, 0xff, 0xff, 0x03, 0x00, 0x00, 0x00, 0x02, 0x00,
    0x0a, 0x00, 0x07, 0x00, 0xfe, 0xff, 0x04, 0x00, 0x01, 0x00, 0x03, 0x00, 0x00, 0x00, 0x02, 0x00,
    0x09, 0x00, 0x07, 0x00, 0xfd, 0xff, 0x05, 0x00, 0xff, 0xff, 0x03, 0x00, 0x00, 0x00, 0x02, 0x00,
    0x0b, 0x00, 0x07, 0x00, 0x02, 0x00, 0x04, 0x00, 0x01, 0x00, 0x03, 0x00, 0x00, 0x00, 0x02, 0x00,
    0x04, 0x00, 0x05, 0x00, 0x08, 0x00, 0x07, 0x00, 0xff, 0xff, 0x03, 0x00, 0x00, 0x00, 0x02, 0x00,
    0xdd, 0xff, 0x0b, 0x00, 0xfe, 0xff, 0x04, 0x00, 0x01, 0x00, 0x03, 0x00, 0x00, 0x00, 0x02, 0x00,
    0xfa, 0xff, 0x06, 0x00, 0x03, 0x00, 0x05, 0x00, 0xff, 0xff, 0x03, 0x00, 0x00, 0x00, 0x02, 0x00,
    0xf9, 0xff, 0x06, 0x00, 0x02, 0x00, 0x04, 0x00, 0x01, 0x00, 0x03, 0x00, 0x00, 0x00, 0x02, 0x00,
    0xfc, 0xff, 0x05, 0x00, 0xfb, 0xff, 0x06, 0x00, 0xff, 0xff, 0x03, 0x00, 0x00, 0x00, 0x02, 0x00,
    0x0e, 0x00, 0x08, 0x00, 0xfe, 0xff, 0x04, 0x00, 0x01, 0x00, 0x03, 0x00, 0x00, 0x00, 0x02, 0x00,
    0x19, 0x00, 0x0a, 0x00, 0xfd, 0xff, 0x05, 0x00, 0xff, 0xff, 0x03, 0x00, 0x00, 0x00, 0x02, 0x00,
    0x10, 0x00, 0x08, 0x00, 0x02, 0x00, 0x04, 0x00, 0x01, 0x00, 0x03, 0x00, 0x00, 0x00, 0x02, 0x00,
    0x04, 0x00, 0x05, 0x00, 0x0c, 0x00, 0x08, 0x00, 0xff, 0xff, 0x03, 0x00, 0x00, 0x00, 0x02, 0x00,
    0x0f, 0x00, 0x08, 0x00, 0xfe, 0xff, 0x04, 0x00, 0x01, 0x00, 0x03, 0x00, 0x00, 0x00, 0x02, 0x00,
    0x06, 0x00, 0x06, 0x00, 0x03, 0x00, 0x05, 0x00, 0xff, 0xff, 0x03, 0x00, 0x00, 0x00, 0x02, 0x00,
    0x07, 0x00, 0x06, 0x00, 0x02, 0x00, 0x04, 0x00, 0x01, 0x00, 0x03, 0x00, 0x00, 0x00, 0x02, 0x00,
    0xfc, 0xff, 0x05, 0x00, 0x05, 0x00, 0x06, 0x00, 0xff, 0xff, 0x03, 0x00, 0x00, 0x00, 0x02, 0x00,
    0xf6, 0xff, 0x07, 0x00, 0xfe, 0xff, 0x04, 0x00, 0x01, 0x00, 0x03, 0x00, 0x00, 0x00, 0x02, 0x00,
    0xf7, 0xff, 0x07, 0x00, 0xfd, 0xff, 0x05, 0x00, 0xff, 0xff, 0x03, 0x00, 0x00, 0x00, 0x02, 0x00,
    0xf5, 0xff, 0x07, 0x00, 0x02, 0x00, 0x04, 0x00, 0x01, 0x00, 0x03, 0x00, 0x00, 0x00, 0x02, 0x00,
    0x04, 0x00, 0x05, 0x00, 0xf8, 0xff, 0x07, 0x00, 0xff, 0xff, 0x03, 0x00, 0x00, 0x00, 0x02, 0x00,
    0x00, 0x80, 0x07, 0x00, 0xfe, 0xff, 0x04, 0x00, 0x01, 0x00, 0x03, 0x00, 0x00, 0x00, 0x02, 0x00,
    0xfa, 0xff, 0x06, 0x00, 0x03, 0x00, 0x05, 0x00, 0xff, 0xff, 0x03, 0x00, 0x00, 0x00, 0x02, 0x00,
    0xf9, 0xff, 0x06, 0x00, 0x02, 0x00, 0x04, 0x00, 0x01, 0x00, 0x03, 0x00, 0x00, 0x00, 0x02, 0x00,
    0xfc, 0xff, 0x05, 0x00, 0xfb, 0xff, 0x06, 0x00, 0xff, 0xff, 0x03, 0x00, 0x00, 0x00, 0x02, 0x00,
    0x1a, 0x00, 0x0a, 0x00, 0xfe, 0xff, 0x04, 0x00, 0x01, 0x00, 0x03, 0x00, 0x00, 0x00, 0x02, 0x00,
    0x0d, 0x00, 0x08, 0x00, 0xfd, 0xff, 0x05, 0x00, 0xff, 0xff, 0x03, 0x00, 0x00, 0x00, 0x02, 0x00,
    0x16, 0x00, 0x09, 0x00, 0x02, 0x00, 0x04, 0x00, 0x01, 0x00, 0x03, 0x00, 0x00, 0x00, 0x02, 0x00,
    0x04, 0x00, 0x05, 0x00, 0x11, 0x00, 0x09, 0x00, 0xff, 0xff, 0x03, 0x00, 0x00, 0x00, 0x02, 0x00,
    0x15, 0x00, 0x09, 0x00, 0xfe, 0xff, 0x04, 0x00, 0x01, 0x00, 0x03, 0x00, 0x00, 0x00, 0x02, 0x00,
    0x06, 0x00, 0x06, 0x00, 0x03, 0x00, 0x05, 0x00, 0xff, 0xff, 0x03, 0x00, 0x00, 0x00, 0x02, 0x00,
    0x07, 0x00, 0x06, 0x00, 0x02, 0x00, 0x04, 0x00, 0x01, 0x00, 0x03, 0x00, 0x00, 0x00, 0x02, 0x00,
    0xfc, 0xff, 0x05, 0x00, 0x05, 0x00, 0x06, 0x00, 0xff, 0xff, 0x03, 0x00, 0x00, 0x00, 0x02, 0x00,
    0x0a, 0x00, 0x07, 0x00, 0xfe, 0xff, 0x04, 0x00, 0x01, 0x00, 0x03, 0x00, 0x00, 0x00, 0x02, 0x00,
    0x09, 0x00, 0x07, 0x00, 0xfd, 0xff, 0x05, 0x00, 0xff, 0xff, 0x03, 0x00, 0x00, 0x00, 0x02, 0x00,
    0x0b, 0x00, 0x07, 0x00, 0x02, 0x00, 0x04, 0x00, 0x01, 0x00, 0x03, 0x00, 0x00, 0x00, 0x02, 0x00,
    0x04, 0x00, 0x05, 0x00, 0x08, 0x00, 0x07, 0x00, 0xff, 0xff, 0x03, 0x00, 0x00, 0x00, 0x02, 0x00,
    0x14, 0x00, 0x09, 0x00, 0xfe, 0xff, 0x04, 0x00, 0x01, 0x00, 0x03, 0x00, 0x00, 0x00, 0x02, 0x00,
    0xfa, 0xff, 0x06, 0x00, 0x03, 0x00, 0x05, 0x00, 0xff, 0xff, 0x03, 0x00, 0x00, 0x00, 0x02, 0x00,
    0xf9, 0xff, 0x06, 0x00, 0x02, 0x00, 0x04, 0x00, 0x01, 0x00, 0x03, 0x00, 0x00, 0x00, 0x02, 0x00,
    0xfc, 0xff, 0x05, 0x00, 0xfb, 0xff, 0x06, 0x00, 0xff, 0xff, 0x03, 0x00, 0x00, 0x00, 0x02, 0x00,
    0xf2, 0xff, 0x08, 0x00, 0xfe, 0xff, 0x04, 0x00, 0x01, 0x00, 0x03, 0x00, 0x00, 0x00, 0x02, 0x00,
    0x12, 0x00, 0x09, 0x00, 0xfd, 0xff, 0x05, 0x00, 0xff, 0xff, 0x03, 0x00, 0x00, 0x00, 0x02, 0x00,
    0xf0, 0xff, 0x08, 0x00, 0x02, 0x00, 0x04, 0x00, 0x01, 0x00, 0x03, 0x00, 0x00, 0x00, 0x02, 0x00,
    0x04, 0x00, 0x05, 0x00, 0xf4, 0xff, 0x08, 0x00, 0xff, 0xff, 0x03, 0x00, 0x00, 0x00, 0x02, 0x00,
    0xf1, 0xff, 0x08, 0x00, 0xfe, 0xff, 0x04, 0x00, 0x01, 0x00, 0x03, 0x00, 0x00, 0x00, 0x02, 0x00,
    0x06, 0x00, 0x06, 0x00, 0x03, 0x00, 0x05, 0x00, 0xff, 0xff, 0x03, 0x00, 0x00, 0x00, 0x02, 0x00,
    0x07, 0x00, 0x06, 0x00, 0x02, 0x00, 0x04, 0x00, 0x01, 0x00, 0x03, 0x00, 0x00, 0x00, 0x02, 0x00,
    0xfc, 0xff, 0x05, 0x00, 0x05, 0x00, 0x06, 0x00, 0xff, 0xff, 0x03, 0x00, 0x00, 0x00, 0x02, 0x00,
    0xf6, 0xff, 0x07, 0x00, 0xfe, 0xff, 0x04, 0x00, 0x01, 0x00, 0x03, 0x00, 0x00, 0x00, 0x02, 0x00,
    0xf7, 0xff, 0x07, 0x00, 0xfd, 0xff, 0x05, 0x00, 0xff, 0xff, 0x03, 0x00, 0x00, 0x00, 0x02, 0x00,
    0xf5, 0xff, 0x07, 0x00, 0x02, 0x00, 0x04, 0x00, 0x01, 0x00, 0x03, 0x00, 0x00, 0x00, 0x02, 0x00,
    0x04, 0x00, 0x05, 0x00, 0xf8, 0xff, 0x07, 0x00, 0xff, 0xff, 0x03, 0x00, 0x00, 0x00, 0x02, 0x00,
    0x00, 0x80, 0x07, 0x00, 0xfe, 0xff, 0x04, 0x00, 0x01, 0x00, 0x03, 0x00, 0x00, 0x00, 0x02, 0x00,
    0xfa, 0xff, 0x06, 0x00, 0x03, 0x00, 0x05, 0x00, 0xff, 0xff, 0x03, 0x00, 0x00, 0x00, 0x02, 0x00,
    0xf9, 0xff, 0x06, 0x00, 0x02, 0x00, 0x04, 0x00, 0x01, 0x00, 0x03, 0x00, 0x00, 0x00, 0x02, 0x00,
    0xfc, 0xff, 0x05, 0x00, 0xfb, 0xff, 0x06, 0x00, 0xff, 0xff, 0x03, 0x00, 0x00, 0x00, 0x02, 0x00,
    0x13, 0x00, 0x09, 0x00, 0xfe, 0xff, 0x04, 0x00, 0x01, 0x00, 0x03, 0x00, 0x00, 0x00, 0x02, 0x00,
    0xf3, 0xff, 0x08, 0x00, 0xfd, 0xff, 0x05, 0x00, 0xff, 0xff, 0x03, 0x00, 0x00, 0x00, 0x02, 0x00,
    0x1d, 0x00, 0x0a, 0x00, 0x02, 0x00, 0x04, 0x00, 0x01, 0x00, 0x03, 0x00, 0x00, 0x00, 0x02, 0x00,
    0x04, 0x00, 0x05, 0x00, 0x17, 0x00, 0x0a, 0x00, 0xff, 0xff, 0x03, 0x00, 0x00, 0x00, 0x02, 0x00,
    0x1c, 0x00, 0x0a, 0x00, 0xfe, 0xff, 0x04, 0x00, 0x01, 0x00, 0x03, 0x00, 0x00, 0x00, 0x02, 0x00,
    0x06, 0x00, 0x06, 0x00, 0x03, 0x00, 0x05, 0x00, 0xff, 0xff, 0x03, 0x00, 0x00, 0x00, 0x02, 0x00,
    0x07, 0x00, 0x06, 0x00, 0x02, 0x00, 0x04, 0x00, 0x01, 0x00, 0x03, 0x00, 0x00, 0x00, 0x02, 0x00,
    0xfc, 0xff, 0x05, 0x00, 0x05, 0x00, 0x06, 0x00, 0xff, 0xff, 0x03, 0x00, 0x00, 0x00, 0x02, 0x00,
    0x0a, 0x00, 0x07, 0x00, 0xfe, 0xff, 0x04, 0x00, 0x01, 0x00, 0x03, 0x00, 0x00, 0x00, 0x02, 0x00,
    0x09, 0x00, 0x07, 0x00, 0xfd, 0xff, 0x05, 0x00, 0xff, 0xff, 0x03, 0x00, 0x00, 0x00, 0x02, 0x00,
    0x0b, 0x00, 0x07, 0x00, 0x02, 0x00, 0x04, 0x00, 0x01, 0x00, 0x03, 0x00, 0x00, 0x00, 0x02, 0x00,
    0x04, 0x00, 0x05, 0x00, 0x08, 0x00, 0x07, 0x00, 0xff, 0xff, 0x03, 0x00, 0x00, 0x00, 0x02, 0x00,
    0x1b, 0x00, 0x0a, 0x00, 0xfe, 0xff, 0x04, 0x00, 0x01, 0x00, 0x03, 0x00, 0x00, 0x00, 0x02, 0x00,
    0xfa, 0xff, 0x06, 0x00, 0x03, 0x00, 0x05, 0x00, 0xff, 0xff, 0x03, 0x00, 0x00, 0x00, 0x02, 0x00,
    0xf9, 0xff, 0x06, 0x00, 0x02, 0x00, 0x04, 0x00, 0x01, 0x00, 0x03, 0x00, 0x00, 0x00, 0x02, 0x00,
    0xfc, 0xff, 0x05, 0x00, 0xfb, 0xff, 0x06, 0x00, 0xff, 0xff, 0x03, 0x00, 0x00, 0x00, 0x02, 0x00,
    0x0e, 0x00, 0x08, 0x00, 0xfe, 0xff, 0x04, 0x00, 0x01, 0x00, 0x03, 0x00, 0x00, 0x00, 0x02, 0x00,
    0x18, 0x00, 0x0a, 0x00, 0xfd, 0xff, 0x05, 0x00, 0xff, 0xff, 0x03, 0x00, 0x00, 0x00, 0x02, 0x00,
    0x10, 0x00, 0x08, 0x00, 0x02, 0x00, 0x04, 0x00, 0x01, 0x00, 0x03, 0x00, 0x00, 0x00, 0x02, 0x00,
    0x04, 0x00, 0x05, 0x00, 0x0c, 0x00, 0x08, 0x00, 0xff, 0xff, 0x03, 0x00, 0x00, 0x00, 0x02, 0x00,
    0x0f, 0x00, 0x08, 0x00, 0xfe, 0xff, 0x04, 0x00, 0x01, 0x00, 0x03, 0x00, 0x00, 0x00, 0x02, 0x00,
    0x06, 0x00, 0x06, 0x00, 0x03, 0x00, 0x05, 0x00, 0xff, 0xff, 0x03, 0x00, 0x00, 0x00, 0x02, 0x00,
    0x07, 0x00, 0x06, 0x00, 0x02, 0x00, 0x04, 0x00, 0x01, 0x00, 0x03, 0x00, 0x00, 0x00, 0x02, 0x00,
    0xfc, 0xff, 0x05, 0x00, 0x05, 0x00, 0x06, 0x00, 0xff, 0xff, 0x03, 0x00, 0x00, 0x00, 0x02, 0x00,
    0xf6, 0xff, 0x07, 0x00, 0xfe, 0xff, 0x04, 0x00, 0x01, 0x00, 0x03, 0x00, 0x00, 0x00, 0x02, 0x00,
    0xf7, 0xff, 0x07, 0x00, 0xfd, 0xff, 0x05, 0x00, 0xff, 0xff, 0x03, 0x00, 0x00, 0x00, 0x02, 0x00,
    0xf5, 0xff, 0x07, 0x00, 0x02, 0x00, 0x04, 0x00, 0x01, 0x00, 0x03, 0x00, 0x00, 0x00, 0x02, 0x00,
    0x04, 0x00, 0x05, 0x00, 0xf8, 0xff, 0x07, 0x00, 0xff, 0xff, 0x03, 0x00, 0x00, 0x00, 0x02, 0x00,
    0x00, 0x80, 0x07, 0x00, 0xfe, 0xff, 0x04, 0x00, 0x01, 0x00, 0x03, 0x00, 0x00, 0x00, 0x02, 0x00,
    0xfa, 0xff, 0x06, 0x00, 0x03, 0x00, 0x05, 0x00, 0xff, 0xff, 0x03, 0x00, 0x00, 0x00, 0x02, 0x00,
    0xf9, 0xff, 0x06, 0x00, 0x02, 0x00, 0x04, 0x00, 0x01, 0x00, 0x03, 0x00, 0x00, 0x00, 0x02, 0x00,
    0xfc, 0xff, 0x05, 0x00, 0xfb, 0xff, 0x06, 0x00, 0xff, 0xff, 0x03, 0x00, 0x00, 0x00, 0x02, 0x00,
    0xdf, 0xff, 0x0b, 0x00, 0xfe, 0xff, 0x04, 0x00, 0x01, 0x00, 0x03, 0x00, 0x00, 0x00, 0x02, 0x00,
    0x0d, 0x00, 0x08, 0x00, 0xfd, 0xff, 0x05, 0x00, 0xff, 0xff, 0x03, 0x00, 0x00, 0x00, 0x02, 0x00,
    0xea, 0xff, 0x09, 0x00, 0x02, 0x00, 0x04, 0x00, 0x01, 0x00, 0x03, 0x00, 0x00, 0x00, 0x02, 0x00,
    0x04, 0x00, 0x05, 0x00, 0xef, 0xff, 0x09, 0x00, 0xff, 0xff, 0x03, 0x00, 0x00, 0x00, 0x02, 0x00,
    0xeb, 0xff, 0x09, 0x00, 0xfe, 0xff, 0x04, 0x00, 0x01, 0x00, 0x03, 0x00, 0x00, 0x00, 0x02, 0x00,
    0x06, 0x00, 0x06, 0x00, 0x03, 0x00, 0x05, 0x00, 0xff, 0xff, 0x03, 0x00, 0x00, 0x00, 0x02, 0x00,
    0x07, 0x00, 0x06, 0x00, 0x02, 0x00, 0x04, 0x00, 0x01, 0x00, 0x03, 0x00, 0x00, 0x00, 0x02, 0x00,
    0xfc, 0xff, 0x05, 0x00, 0x05, 0x00, 0x06, 0x00, 0xff, 0xff, 0x03, 0x00, 0x00, 0x00, 0x02, 0x00,
    0x0a, 0x00, 0x07, 0x00, 0xfe, 0xff, 0x04, 0x00, 0x01, 0x00, 0x03, 0x00, 0x00, 0x00, 0x02, 0x00,
    0x09, 0x00, 0x07, 0x00, 0xfd, 0xff, 0x05, 0x00, 0xff, 0xff, 0x03, 0x00, 0x00, 0x00, 0x02, 0x00,
    0x0b, 0x00, 0x07, 0x00, 0x02, 0x00, 0x04, 0x00, 0x01, 0x00, 0x03, 0x00, 0x00, 0x00, 0x02, 0x00,
    0x04, 0x00, 0x05, 0x00, 0x08, 0x00, 0x07, 0x00, 0xff, 0xff, 0x03, 0x00, 0x00, 0x00, 0x02, 0x00,
    0xec, 0xff, 0x09, 0x00, 0xfe, 0xff, 0x04, 0x00, 0x01, 0x00, 0x03, 0x00, 0x00, 0x00, 0x02, 0x00,
    0xfa, 0xff, 0x06, 0x00, 0x03, 0x00, 0x05, 0x00, 0xff, 0xff, 0x03, 0x00, 0x00, 0x00, 0x02, 0x00,
    0xf9, 0xff, 0x06, 0x00, 0x02, 0x00, 0x04, 0x00, 0x01, 0x00, 0x03, 0x00, 0x00, 0x00, 0x02, 0x00,
    0xfc, 0xff, 0x05, 0x00, 0xfb, 0xff, 0x06, 0x00, 0xff, 0xff, 0x03, 0x00, 0x00, 0x00, 0x02, 0x00,
    0xf2, 0xff, 0x08, 0x00, 0xfe, 0xff, 0x04, 0x00, 0x01, 0x00, 0x03, 0x00, 0x00, 0x00, 0x02, 0x00,
    0xee, 0xff, 0x09, 0x00, 0xfd, 0xff, 0x05, 0x00, 0xff, 0xff, 0x03, 0x00, 0x00, 0x00, 0x02, 0x00,
    0xf0, 0xff, 0x08, 0x00, 0x02, 0x00, 0x04, 0x00, 0x01, 0x00, 0x03, 0x00, 0x00, 0x00, 0x02, 0x00,
    0x04, 0x00, 0x05, 0x00, 0xf4, 0xff, 0x08, 0x00, 0xff, 0xff, 0x03, 0x00, 0x00, 0x00, 0x02, 0x00,
    0xf1, 0xff, 0x08, 0x00, 0xfe, 0xff, 0x04, 0x00, 0x01, 0x00, 0x03, 0x00, 0x00, 0x00, 0x02, 0x00,
    0x06, 0x00, 0x06, 0x00, 0x03, 0x00, 0x05, 0x00, 0xff, 0xff, 0x03, 0x00, 0x00, 0x00, 0x02, 0x00,
    0x07, 0x00, 0x06, 0x00, 0x02, 0x00, 0x04, 0x00, 0x01, 0x00, 0x03, 0x00, 0x00, 0x00, 0x02, 0x00,
    0xfc, 0xff, 0x05, 0x00, 0x05, 0x00, 0x06, 0x00, 0xff, 0xff, 0x03, 0x00, 0x00, 0x00, 0x02, 0x00,
    0xf6, 0xff, 0x07, 0x00, 0xfe, 0xff, 0x04, 0x00, 0x01, 0x00, 0x03, 0x00, 0x00, 0x00, 0x02, 0x00,
    0xf7, 0xff, 0x07, 0x00, 0xfd, 0xff, 0x05, 0x00, 0xff, 0xff, 0x03, 0x00, 0x00, 0x00, 0x02, 0x00,
    0xf5, 0xff, 0x07, 0x00, 0x02, 0x00, 0x04, 0x00, 0x01, 0x00, 0x03, 0x00, 0x00, 0x00, 0x02, 0x00,
    0x04, 0x00, 0x05, 0x00, 0xf8, 0xff, 0x07, 0x00, 0xff, 0xff, 0x03, 0x00, 0x00, 0x00, 0x02, 0x00,
    0x00, 0x80, 0x07, 0x00, 0xfe, 0xff, 0x04, 0x00, 0x01, 0x00, 0x03, 0x00, 0x00, 0x00, 0x02, 0x00,
    0xfa, 0xff, 0x06, 0x00, 0x03, 0x00, 0x05, 0x00, 0xff, 0xff, 0x03, 0x00, 0x00, 0x00, 0x02, 0x00,
    0xf9, 0xff, 0x06, 0x00, 0x02, 0x00, 0x04, 0x00, 0x01, 0x00, 0x03, 0x00, 0x00, 0x00, 0x02, 0x00,
    0xfc, 0xff, 0x05, 0x00, 0xfb, 0xff, 0x06, 0x00, 0xff, 0xff, 0x03, 0x00, 0x00, 0x00, 0x02, 0x00,
    0xed, 0xff, 0x09, 0x00, 0xfe, 0xff, 0x04, 0x00, 0x01, 0x00, 0x03, 0x00, 0x00, 0x00, 0x02, 0x00,
    0xf3, 0xff, 0x08, 0x00, 0xfd, 0xff, 0x05, 0x00, 0xff, 0xff, 0x03, 0x00, 0x00, 0x00, 0x02, 0x00,
    0xe2, 0xff, 0x0a, 0x00, 0x02, 0x00, 0x04, 0x00, 0x01, 0x00, 0x03, 0x00, 0x00, 0x00, 0x02, 0x00,
    0x04, 0x00, 0x05, 0x00, 0x26, 0x00, 0x0c, 0x00, 0xff, 0xff, 0x03, 0x00, 0x00, 0x00, 0x02, 0x00,
    0xdc, 0xff, 0x0b, 0x00, 0xfe, 0xff, 0x04, 0x00, 0x01, 0x00, 0x03, 0x00, 0x00, 0x00, 0x02, 0x00,
    0x06, 0x00, 0x06, 0x00, 0x03, 0x00, 0x05, 0x00, 0xff, 0xff, 0x03, 0x00, 0x00, 0x00, 0x02, 0x00,
    0x07, 0x00, 0x06, 0x00, 0x02, 0x00, 0x04, 0x00, 0x01, 0x00, 0x03, 0x00, 0x00, 0x00, 0x02, 0x00,
    0xfc, 0xff, 0x05, 0x00, 0x05, 0x00, 0x06, 0x00, 0xff, 0xff, 0x03, 0x00, 0x00, 0x00, 0x02, 0x00,
    0x0a, 0x00, 0x07, 0x00, 0xfe, 0xff, 0x04, 0x00, 0x01, 0x00, 0x03, 0x00, 0x00, 0x00, 0x02, 0x00,
    0x09, 0x00, 0x07, 0x00, 0xfd, 0xff, 0x05, 0x00, 0xff, 0xff, 0x03, 0x00, 0x00, 0x00, 0x02, 0x00,
    0x0b, 0x00, 0x07, 0x00, 0x02, 0x00, 0x04, 0x00, 0x01, 0x00, 0x03, 0x00, 0x00, 0x00, 0x02, 0x00,
    0x04, 0x00, 0x05, 0x00, 0x08, 0x00, 0x07, 0x00, 0xff, 0xff, 0x03, 0x00, 0x00, 0x00, 0x02, 0x00,
    0xde, 0xff, 0x0b, 0x00, 0xfe, 0xff, 0x04, 0x00, 0x01, 0x00, 0x03, 0x00, 0x00, 0x00, 0x02, 0x00,
    0xfa, 0xff, 0x06, 0x00, 0x03, 0x00, 0x05, 0x00, 0xff, 0xff, 0x03, 0x00, 0x00, 0x00, 0x02, 0x00,
    0xf9, 0xff, 0x06, 0x00, 0x02, 0x00, 0x04, 0x00, 0x01, 0x00, 0x03, 0x00, 0x00, 0x00, 0x02, 0x00,
    0xfc, 0xff, 0x05, 0x00, 0xfb, 0xff, 0x06, 0x00, 0xff, 0xff, 0x03, 0x00, 0x00, 0x00, 0x02, 0x00,
    0x0e, 0x00, 0x08, 0x00, 0xfe, 0xff, 0x04, 0x00, 0x01, 0x00, 0x03, 0x00, 0x00, 0x00, 0x02, 0x00,
    0xe7, 0xff, 0x0a, 0x00, 0xfd, 0xff, 0x05, 0x00, 0xff, 0xff, 0x03, 0x00, 0x00, 0x00, 0x02, 0x00,
    0x10, 0x00, 0x08, 0x00, 0x02, 0x00, 0x04, 0x00, 0x01, 0x00, 0x03, 0x00, 0x00, 0x00, 0x02, 0x00,
    0x04, 0x00, 0x05, 0x00, 0x0c, 0x00, 0x08, 0x00, 0xff, 0xff, 0x03, 0x00, 0x00, 0x00, 0x02, 0x00,
    0x0f, 0x00, 0x08, 0x00, 0xfe, 0xff, 0x04, 0x00, 0x01, 0x00, 0x03, 0x00, 0x00, 0x00, 0x02, 0x00,
    0x06, 0x00, 0x06, 0x00, 0x03, 0x00, 0x05, 0x00, 0xff, 0xff, 0x03, 0x00, 0x00, 0x00, 0x02, 0x00,
    0x07, 0x00, 0x06, 0x00, 0x02, 0x00, 0x04, 0x00, 0x01, 0x00, 0x03, 0x00, 0x00, 0x00, 0x02, 0x00,
    0xfc, 0xff, 0x05, 0x00, 0x05, 0x00, 0x06, 0x00, 0xff, 0xff, 0x03, 0x00, 0x00, 0x00, 0x02, 0x00,
    0xf6, 0xff, 0x07, 0x00, 0xfe, 0xff, 0x04, 0x00, 0x01, 0x00, 0x03, 0x00, 0x00, 0x00, 0x02, 0x00,
    0xf7, 0xff, 0x07, 0x00, 0xfd, 0xff, 0x05, 0x00, 0xff, 0xff, 0x03, 0x00, 0x00, 0x00, 0x02, 0x00,
    0xf5, 0xff, 0x07, 0x00, 0x02, 0x00, 0x04, 0x00, 0x01, 0x00, 0x03, 0x00, 0x00, 0x00, 0x02, 0x00,
    0x04, 0x00, 0x05, 0x00, 0xf8, 0xff, 0x07, 0x00, 0xff, 0xff, 0x03, 0x00, 0x00, 0x00, 0x02, 0x00,
    0x00, 0x80, 0x07, 0x00, 0xfe, 0xff, 0x04, 0x00, 0x01, 0x00, 0x03, 0x00, 0x00, 0x00, 0x02, 0x00,
    0xfa, 0xff, 0x06, 0x00, 0x03, 0x00, 0x05, 0x00, 0xff, 0xff, 0x03, 0x00, 0x00, 0x00, 0x02, 0x00,
    0xf9, 0xff, 0x06, 0x00, 0x02, 0x00, 0x04, 0x00, 0x01, 0x00, 0x03, 0x00, 0x00, 0x00, 0x02, 0x00,
    0xfc, 0xff, 0x05, 0x00, 0xfb, 0xff, 0x06, 0x00, 0xff, 0xff, 0x03, 0x00, 0x00, 0x00, 0x02, 0x00,
    0xe6, 0xff, 0x0a, 0x00, 0xfe, 0xff, 0x04, 0x00, 0x01, 0x00, 0x03, 0x00, 0x00, 0x00, 0x02, 0x00,
    0x0d, 0x00, 0x08, 0x00, 0xfd, 0xff, 0x05, 0x00, 0xff, 0xff, 0x03, 0x00, 0x00, 0x00, 0x02, 0x00,
    0x16, 0x00, 0x09, 0x00, 0x02, 0x00, 0x04, 0x00, 0x01, 0x00, 0x03, 0x00, 0x00, 0x00, 0x02, 0x00,
    0x04, 0x00, 0x05, 0x00, 0x11, 0x00, 0x09, 0x00, 0xff, 0xff, 0x03, 0x00, 0x00, 0x00, 0x02, 0x00,
    0x15, 0x00, 0x09, 0x00, 0xfe, 0xff, 0x04, 0x00, 0x01, 0x00, 0x03, 0x00, 0x00, 0x00, 0x02, 0x00,
    0x06, 0x00, 0x06, 0x00, 0x03, 0x00, 0x05, 0x00, 0xff, 0xff, 0x03, 0x00, 0x00, 0x00, 0x02, 0x00,
    0x07, 0x00, 0x06, 0x00, 0x02, 0x00, 0x04, 0x00, 0x01, 0x00, 0x03, 0x00, 0x00, 0x00, 0x02, 0x00,
    0xfc, 0xff, 0x05, 0x00, 0x05, 0x00, 0x06, 0x00, 0xff, 0xff, 0x03, 0x00, 0x00, 0x00, 0x02, 0x00,
    0x0a, 0x00, 0x07, 0x00, 0xfe, 0xff, 0x04, 0x00, 0x01, 0x00, 0x03, 0x00, 0x00, 0x00, 0x02, 0x00,
    0x09, 0x00, 0x07, 0x00, 0xfd, 0xff, 0x05, 0x00, 0xff, 0xff, 0x03, 0x00, 0x00, 0x00, 0x02, 0x00,
    0x0b, 0x00, 0x07, 0x00, 0x02, 0x00, 0x04, 0x00, 0x01, 0x00, 0x03, 0x00, 0x00, 0x00, 0x02, 0x00,
    0x04, 0x00, 0x05, 0x00, 0x08, 0x00, 0x07, 0x00, 0xff, 0xff, 0x03, 0x00, 0x00, 0x00, 0x02, 0x00,
    0x14, 0x00, 0x09, 0x00, 0xfe, 0xff, 0x04, 0x00, 0x01, 0x00, 0x03, 0x00, 0x00, 0x00, 0x02, 0x00,
    0xfa, 0xff, 0x06, 0x00, 0x03, 0x00, 0x05, 0x00, 0xff, 0xff, 0x03, 0x00, 0x00, 0x00, 0x02, 0x00,
    0xf9, 0xff, 0x06, 0x00, 0x02, 0x00, 0x04, 0x00, 0x01, 0x00, 0x03, 0x00, 0x00, 0x00, 0x02, 0x00,
    0xfc, 0xff, 0x05, 0x00, 0xfb, 0xff, 0x06, 0x00, 0xff, 0xff, 0x03, 0x00, 0x00, 0x00, 0x02, 0x00,
    0xf2, 0xff, 0x08, 0x00, 0xfe, 0xff, 0x04, 0x00, 0x01, 0x00, 0x03, 0x00, 0x00, 0x00, 0x02, 0x00,
    0x12, 0x00, 0x09, 0x00, 0xfd, 0xff, 0x05, 0x00, 0xff, 0xff, 0x03, 0x00, 0x00, 0x00, 0x02, 0x00,
    0xf0, 0xff, 0x08, 0x00, 0x02, 0x00, 0x04, 0x00, 0x01, 0x00, 0x03, 0x00, 0x00, 0x00, 0x02, 0x00,
    0x04, 0x00, 0x05, 0x00, 0xf4, 0xff, 0x08, 0x00, 0xff, 0xff, 0x03, 0x00, 0x00, 0x00, 0x02, 0x00,
    0xf1, 0xff, 0x08, 0x00, 0xfe, 0xff, 0x04, 0x00, 0x01, 0x00, 0x03, 0x00, 0x00, 0x00, 0x02, 0x00,
    0x06, 0x00, 0x06, 0x00, 0x03, 0x00, 0x05, 0x00, 0xff, 0xff, 0x03, 0x00, 0x00, 0x00, 0x02, 0x00,
    0x07, 0x00, 0x06, 0x00, 0x02, 0x00, 0x04, 0x00, 0x01, 0x00, 0x03, 0x00, 0x00, 0x00, 0x02, 0x00,
    0xfc, 0xff, 0x05, 0x00, 0x05, 0x00, 0x06, 0x00, 0xff, 0xff, 0x03, 0x00, 0x00, 0x00, 0x02, 0x00,
    0xf6, 0xff, 0x07, 0x00, 0xfe, 0xff, 0x04, 0x00, 0x01, 0x00, 0x03, 0x00, 0x00, 0x00, 0x02, 0x00,
    0xf7, 0xff, 0x07, 0x00, 0xfd, 0xff, 0x05, 0x00, 0xff, 0xff, 0x03, 0x00, 0x00, 0x00, 0x02, 0x00,
    0xf5, 0xff, 0x07, 0x00, 0x02, 0x00, 0x04, 0x00, 0x01, 0x00, 0x03, 0x00, 0x00, 0x00, 0x02, 0x00,
    0x04, 0x00, 0x05, 0x00, 0xf8, 0xff, 0x07, 0x00, 0xff, 0xff, 0x03, 0x00, 0x00, 0x00, 0x02, 0x00,
    0x00, 0x80, 0x07, 0x00, 0xfe, 0xff, 0x04, 0x00, 0x01, 0x00, 0x03, 0x00, 0x00, 0x00, 0x02, 0x00,
    0xfa, 0xff, 0x06, 0x00, 0x03, 0x00, 0x05, 0x00, 0xff, 0xff, 0x03, 0x00, 0x00, 0x00, 0x02, 0x00,
    0xf9, 0xff, 0x06, 0x00, 0x02, 0x00, 0x04, 0x00, 0x01, 0x00, 0x03, 0x00, 0x00, 0x00, 0x02, 0x00,
    0xfc, 0xff, 0x05, 0x00, 0xfb, 0xff, 0x06, 0x00, 0xff, 0xff, 0x03, 0x00, 0x00, 0x00, 0x02, 0x00,
    0x13, 0x00, 0x09, 0x00, 0xfe, 0xff, 0x04, 0x00, 0x01, 0x00, 0x03, 0x00, 0x00, 0x00, 0x02, 0x00,
    0xf3, 0xff, 0x08, 0x00, 0xfd, 0xff, 0x05, 0x00, 0xff, 0xff, 0x03, 0x00, 0x00, 0x00, 0x02, 0x00,
    0xe3, 0xff, 0x0a, 0x00, 0x02, 0x00, 0x04, 0x00, 0x01, 0x00, 0x03, 0x00, 0x00, 0x00, 0x02, 0x00,
    0x04, 0x00, 0x05, 0x00, 0xe9, 0xff, 0x0a, 0x00, 0xff, 0xff, 0x03, 0x00, 0x00, 0x00, 0x02, 0x00,
    0xe4, 0xff, 0x0a, 0x00, 0xfe, 0xff, 0x04, 0x00, 0x01, 0x00, 0x03, 0x00, 0x00, 0x00, 0x02, 0x00,
    0x06, 0x00, 0x06, 0x00, 0x03, 0x00, 0x05, 0x00, 0xff, 0xff, 0x03, 0x00, 0x00, 0x00, 0x02, 0x00,
    0x07, 0x00, 0x06, 0x00, 0x02, 0x00, 0x04, 0x00, 0x01, 0x00, 0x03, 0x00, 0x00, 0x00, 0x02, 0x00,
    0xfc, 0xff, 0x05, 0x00, 0x05, 0x00, 0x06, 0x00, 0xff, 0xff, 0x03, 0x00, 0x00, 0x00, 0x02, 0x00,
    0x0a, 0x00, 0x07, 0x00, 0xfe, 0xff, 0x04, 0x00, 0x01, 0x00, 0x03, 0x00, 0x00, 0x00, 0x02, 0x00,
    0x09, 0x00, 0x07, 0x00, 0xfd, 0xff, 0x05, 0x00, 0xff, 0xff, 0x03, 0x00, 0x00, 0x00, 0x02, 0x00,
    0x0b, 0x00, 0x07, 0x00, 0x02, 0x00, 0x04, 0x00, 0x01, 0x00, 0x03, 0x00, 0x00, 0x00, 0x02, 0x00,
    0x04, 0x00, 0x05, 0x00, 0x08, 0x00, 0x07, 0x00, 0xff, 0xff, 0x03, 0x00, 0x00, 0x00, 0x02, 0x00,
    0xe5, 0xff, 0x0a, 0x00, 0xfe, 0xff, 0x04, 0x00, 0x01, 0x00, 0x03, 0x00, 0x00, 0x00, 0x02, 0x00,
    0xfa, 0xff, 0x06, 0x00, 0x03, 0x00, 0x05, 0x00, 0xff, 0xff, 0x03, 0x00, 0x00, 0x00, 0x02, 0x00,
    0xf9, 0xff, 0x06, 0x00, 0x02, 0x00, 0x04, 0x00, 0x01, 0x00, 0x03, 0x00, 0x00, 0x00, 0x02, 0x00,
    0xfc, 0xff, 0x05, 0x00, 0xfb, 0xff, 0x06, 0x00, 0xff, 0xff, 0x03, 0x00, 0x00, 0x00, 0x02, 0x00,
    0x0e, 0x00, 0x08, 0x00, 0xfe, 0xff, 0x04, 0x00, 0x01, 0x00, 0x03, 0x00, 0x00, 0x00, 0x02, 0x00,
    0xe8, 0xff, 0x0a, 0x00, 0xfd, 0xff, 0x05, 0x00, 0xff, 0xff, 0x03, 0x00, 0x00, 0x00, 0x02, 0x00,
    0x10, 0x00, 0x08, 0x00, 0x02, 0x00, 0x04, 0x00, 0x01, 0x00, 0x03, 0x00, 0x00, 0x00, 0x02, 0x00,
    0x04, 0x00, 0x05, 0x00, 0x0c, 0x00, 0x08, 0x00, 0xff, 0xff, 0x03, 0x00, 0x00, 0x00, 0x02, 0x00,
    0x0f, 0x00, 0x08, 0x00, 0xfe, 0xff, 0x04, 0x00, 0x01, 0x00, 0x03, 0x00, 0x00, 0x00, 0x02, 0x00,
    0x06, 0x00, 0x06, 0x00, 0x03, 0x00, 0x05, 0x00, 0xff, 0xff, 0x03, 0x00, 0x00, 0x00, 0x02, 0x00,
    0x07, 0x00, 0x06, 0x00, 0x02, 0x00, 0x04, 0x00, 0x01, 0x00, 0x03, 0x00, 0x00, 0x00, 0x02, 0x00,
    0xfc, 0xff, 0x05, 0x00, 0x05, 0x00, 0x06, 0x00, 0xff, 0xff, 0x03, 0x00, 0x00, 0x00, 0x02, 0x00,
    0xf6, 0xff, 0x07, 0x00, 0xfe, 0xff, 0x04, 0x00, 0x01, 0x00, 0x03, 0x00, 0x00, 0x00, 0x02, 0x00,
    0xf7, 0xff, 0x07, 0x00, 0xfd, 0xff, 0x05, 0x00, 0xff, 0xff, 0x03, 0x00, 0x00, 0x00, 0x02, 0x00,
    0xf5, 0xff, 0x07, 0x00, 0x02, 0x00, 0x04, 0x00, 0x01, 0x00, 0x03, 0x00, 0x00, 0x00, 0x02, 0x00,
    0x04, 0x00, 0x05, 0x00, 0xf8, 0xff, 0x07, 0x00, 0xff, 0xff, 0x03, 0x00, 0x00, 0x00, 0x02, 0x00,
    0x00, 0x80, 0x07, 0x00, 0xfe, 0xff, 0x04, 0x00, 0x01, 0x00, 0x03, 0x00, 0x00, 0x00, 0x02, 0x00,
    0xfa, 0xff, 0x06, 0x00, 0x03, 0x00, 0x05, 0x00, 0xff, 0xff, 0x03, 0x00, 0x00, 0x00, 0x02, 0x00,
    0xf9, 0xff, 0x06, 0x00, 0x02, 0x00, 0x04, 0x00, 0x01, 0x00, 0x03, 0x00, 0x00, 0x00, 0x02, 0x00,
    0xfc, 0xff, 0x05, 0x00, 0xfb, 0xff, 0x06, 0x00, 0xff, 0xff, 0x03, 0x00, 0x00, 0x00, 0x02, 0x00,
    0xe0, 0xff, 0x0b, 0x00, 0xfe, 0xff, 0x04, 0x00, 0x01, 0x00, 0x03, 0x00, 0x00, 0x00, 0x02, 0x00,
    0x0d, 0x00, 0x08, 0x00, 0xfd, 0xff, 0x05, 0x00, 0xff, 0xff, 0x03, 0x00, 0x00, 0x00, 0x02, 0x00,
    0xea, 0xff, 0x09, 0x00, 0x02, 0x00, 0x04, 0x00, 0x01, 0x00, 0x03, 0x00, 0x00, 0x00, 0x02, 0x00,
    0x04, 0x00, 0x05, 0x00, 0xef, 0xff, 0x09, 0x00, 0xff, 0xff, 0x03, 0x00, 0x00, 0x00, 0x02, 0x00,
    0xeb, 0xff, 0x09, 0x00, 0xfe, 0xff, 0x04, 0x00, 0x01, 0x00, 0x03, 0x00, 0x00, 0x00, 0x02, 0x00,
    0x06, 0x00, 0x06, 0x00, 0x03, 0x00, 0x05, 0x00, 0xff, 0xff, 0x03, 0x00, 0x00, 0x00, 0x02, 0x00,
    0x07, 0x00, 0x06, 0x00, 0x02, 0x00, 0x04, 0x00, 0x01, 0x00, 0x03, 0x00, 0x00, 0x00, 0x02, 0x00,
    0xfc, 0xff, 0x05, 0x00, 0x05, 0x00, 0x06, 0x00, 0xff, 0xff, 0x03, 0x00, 0x00, 0x00, 0x02, 0x00,
    0x0a, 0x00, 0x07, 0x00, 0xfe, 0xff, 0x04, 0x00, 0x01, 0x00, 0x03, 0x00, 0x00, 0x00, 0x02, 0x00,
    0x09, 0x00, 0x07, 0x00, 0xfd, 0xff, 0x05, 0x00, 0xff, 0xff, 0x03, 0x00, 0x00, 0x00, 0x02, 0x00,
    0x0b, 0x00, 0x07, 0x00, 0x02, 0x00, 0x04, 0x00, 0x01, 0x00, 0x03, 0x00, 0x00, 0x00, 0x02, 0x00,
    0x04, 0x00, 0x05, 0x00, 0x08, 0x00, 0x07, 0x00, 0xff, 0xff, 0x03, 0x00, 0x00, 0x00, 0x02, 0x00,
    0xec, 0xff, 0x09, 0x00, 0xfe, 0xff, 0x04, 0x00, 0x01, 0x00, 0x03, 0x00, 0x00, 0x00, 0x02, 0x00,
    0xfa, 0xff, 0x06, 0x00, 0x03, 0x00, 0x05, 0x00, 0xff, 0xff, 0x03, 0x00, 0x00, 0x00, 0x02, 0x00,
    0xf9, 0xff, 0x06, 0x00, 0x02, 0x00, 0x04, 0x00, 0x01, 0x00, 0x03, 0x00, 0x00, 0x00, 0x02, 0x00,
    0xfc, 0xff, 0x05, 0x00, 0xfb, 0xff, 0x06, 0x00, 0xff, 0xff, 0x03, 0x00, 0x00, 0x00, 0x02, 0x00,
    0xf2, 0xff, 0x08, 0x00, 0xfe, 0xff, 0x04, 0x00, 0x01, 0x00, 0x03, 0x00, 0x00, 0x00, 0x02, 0x00,
    0xee, 0xff, 0x09, 0x00, 0xfd, 0xff, 0x05, 0x00, 0xff, 0xff, 0x03, 0x00, 0x00, 0x00, 0x02, 0x00,
    0xf0, 0xff, 0x08, 0x00, 0x02, 0x00, 0x04, 0x00, 0x01, 0x00, 0x03, 0x00, 0x00, 0x00, 0x02, 0x00,
    0x04, 0x00, 0x05, 0x00, 0xf4, 0xff, 0x08, 0x00, 0xff, 0xff, 0x03, 0x00, 0x00, 0x00, 0x02, 0x00,
    0xf1, 0xff, 0x08, 0x00, 0xfe, 0xff, 0x04, 0x00, 0x01, 0x00, 0x03, 0x00, 0x00, 0x00, 0x02, 0x00,
    0x06, 0x00, 0x06, 0x00, 0x03, 0x00, 0x05, 0x00, 0xff, 0xff, 0x03, 0x00, 0x00, 0x00, 0x02, 0x00,
    0x07, 0x00, 0x06, 0x00, 0x02, 0x00, 0x04, 0x00, 0x01, 0x00, 0x03, 0x00, 0x00, 0x00, 0x02, 0x00,
    0xfc, 0xff, 0x05, 0x00, 0x05, 0x00, 0x06, 0x00, 0xff, 0xff, 0x03, 0x00, 0x00, 0x00, 0x02, 0x00,
    0xf6, 0xff, 0x07, 0x00, 0xfe, 0xff, 0x04, 0x00, 0x01, 0x00, 0x03, 0x00, 0x00, 0x00, 0x02, 0x00,
    0xf7, 0xff, 0x07, 0x00, 0xfd, 0xff, 0x05, 0x00, 0xff, 0xff, 0x03, 0x00, 0x00, 0x00, 0x02, 0x00,
    0xf5, 0xff, 0x07, 0x00, 0x02, 0x00, 0x04, 0x00, 0x01, 0x00, 0x03, 0x00, 0x00, 0x00, 0x02, 0x00,
    0x04, 0x00, 0x05, 0x00, 0xf8, 0xff, 0x07, 0x00, 0xff, 0xff, 0x03, 0x00, 0x00, 0x00, 0x02, 0x00,
    0x00, 0x80, 0x07, 0x00, 0xfe, 0xff, 0x04, 0x00, 0x01, 0x00, 0x03, 0x00, 0x00, 0x00, 0x02, 0x00,
    0xfa, 0xff, 0x06, 0x00, 0x03, 0x00, 0x05, 0x00, 0xff, 0xff, 0x03, 0x00, 0x00, 0x00, 0x02, 0x00,
    0xf9, 0xff, 0x06, 0x00, 0x02, 0x00, 0x04, 0x00, 0x01, 0x00, 0x03, 0x00, 0x00, 0x00, 0x02, 0x00,
    0xfc, 0xff, 0x05, 0x00, 0xfb, 0xff, 0x06, 0x00, 0xff, 0xff, 0x03, 0x00, 0x00, 0x00, 0x02, 0x00,
    0xed, 0xff, 0x09, 0x00, 0xfe, 0xff, 0x04, 0x00, 0x01, 0x00, 0x03, 0x00, 0x00, 0x00, 0x02, 0x00,
    0xf3, 0xff, 0x08, 0x00, 0xfd, 0xff, 0x05, 0x00, 0xff, 0xff, 0x03, 0x00, 0x00, 0x00, 0x02, 0x00,
    0x1e, 0x00, 0x0a, 0x00, 0x02, 0x00, 0x04, 0x00, 0x01, 0x00, 0x03, 0x00, 0x00, 0x00, 0x02, 0x00,
    0x04, 0x00, 0x05, 0x00, 0x1f, 0x00, 0x0b, 0x00, 0xff, 0xff, 0x03, 0x00, 0x00, 0x00, 0x02, 0x00,
    0x25, 0x00, 0x0b, 0x00, 0xfe, 0xff, 0x04, 0x00, 0x01, 0x00, 0x03, 0x00, 0x00, 0x00, 0x02, 0x00,
    0x06, 0x00, 0x06, 0x00, 0x03, 0x00, 0x05, 0x00, 0xff, 0xff, 0x03, 0x00, 0x00, 0x00, 0x02, 0x00,
    0x07, 0x00, 0x06, 0x00, 0x02, 0x00, 0x04, 0x00, 0x01, 0x00, 0x03, 0x00, 0x00, 0x00, 0x02, 0x00,
    0xfc, 0xff, 0x05, 0x00, 0x05, 0x00, 0x06, 0x00, 0xff, 0xff, 0x03, 0x00, 0x00, 0x00, 0x02, 0x00,
    0x0a, 0x00, 0x07, 0x00, 0xfe, 0xff, 0x04, 0x00, 0x01, 0x00, 0x03, 0x00, 0x00, 0x00, 0x02, 0x00,
    0x09, 0x00, 0x07, 0x00, 0xfd, 0xff, 0x05, 0x00, 0xff, 0xff, 0x03, 0x00, 0x00, 0x00, 0x02, 0x00,
    0x0b, 0x00, 0x07, 0x00, 0x02, 0x00, 0x04, 0x00, 0x01, 0x00, 0x03, 0x00, 0x00, 0x00, 0x02, 0x00,
    0x04, 0x00, 0x05, 0x00, 0x08, 0x00, 0x07, 0x00, 0xff, 0xff, 0x03, 0x00, 0x00, 0x00, 0x02, 0x00,
    0x23, 0x00, 0x0b, 0x00, 0xfe, 0xff, 0x04, 0x00, 0x01, 0x00, 0x03, 0x00, 0x00, 0x00, 0x02, 0x00,
    0xfa, 0xff, 0x06, 0x00, 0x03, 0x00, 0x05, 0x00, 0xff, 0xff, 0x03, 0x00, 0x00, 0x00, 0x02, 0x00,
    0xf9, 0xff, 0x06, 0x00, 0x02, 0x00, 0x04, 0x00, 0x01, 0x00, 0x03, 0x00, 0x00, 0x00, 0x02, 0x00,
    0xfc, 0xff, 0x05, 0x00, 0xfb, 0xff, 0x06, 0x00, 0xff, 0xff, 0x03, 0x00, 0x00, 0x00, 0x02, 0x00,
    0x0e, 0x00, 0x08, 0x00, 0xfe, 0xff, 0x04, 0x00, 0x01, 0x00, 0x03, 0x00, 0x00, 0x00, 0x02, 0x00,
    0x19, 0x00, 0x0a, 0x00, 0xfd, 0xff, 0x05, 0x00, 0xff, 0xff, 0x03, 0x00, 0x00, 0x00, 0x02, 0x00,
    0x10, 0x00, 0x08, 0x00, 0x02, 0x00, 0x04, 0x00, 0x01, 0x00, 0x03, 0x00, 0x00, 0x00, 0x02, 0x00,
    0x04, 0x00, 0x05, 0x00, 0x0c, 0x00, 0x08, 0x00, 0xff, 0xff, 0x03, 0x00, 0x00, 0x00, 0x02, 0x00,
    0x0f, 0x00, 0x08, 0x00, 0xfe, 0xff, 0x04, 0x00, 0x01, 0x00, 0x03, 0x00, 0x00, 0x00, 0x02, 0x00,
    0x06, 0x00, 0x06, 0x00, 0x03, 0x00, 0x05, 0x00, 0xff, 0xff, 0x03, 0x00, 0x00, 0x00, 0x02, 0x00,
    0x07, 0x00, 0x06, 0x00, 0x02, 0x00, 0x04, 0x00, 0x01, 0x00, 0x03, 0x00, 0x00, 0x00, 0x02, 0x00,
    0xfc, 0xff, 0x05, 0x00, 0x05, 0x00, 0x06, 0x00, 0xff, 0xff, 0x03, 0x00, 0x00, 0x00, 0x02, 0x00,
    0xf6, 0xff, 0x07, 0x00, 0xfe, 0xff, 0x04, 0x00, 0x01, 0x00, 0x03, 0x00, 0x00, 0x00, 0x02, 0x00,
    0xf7, 0xff, 0x07, 0x00, 0xfd, 0xff, 0x05, 0x00, 0xff, 0xff, 0x03, 0x00, 0x00, 0x00, 0x02, 0x00,
    0xf5, 0xff, 0x07, 0x00, 0x02, 0x00, 0x04, 0x00, 0x01, 0x00, 0x03, 0x00, 0x00, 0x00, 0x02, 0x00,
    0x04, 0x00, 0x05, 0x00, 0xf8, 0xff, 0x07, 0x00, 0xff, 0xff, 0x03, 0x00, 0x00, 0x00, 0x02, 0x00,
    0x00, 0x80, 0x07, 0x00, 0xfe, 0xff, 0x04, 0x00, 0x01, 0x00, 0x03, 0x00, 0x00, 0x00, 0x02, 0x00,
    0xfa, 0xff, 0x06, 0x00, 0x03, 0x00, 0x05, 0x00, 0xff, 0xff, 0x03, 0x00, 0x00, 0x00, 0x02, 0x00,
    0xf9, 0xff, 0x06, 0x00, 0x02, 0x00, 0x04, 0x00, 0x01, 0x00, 0x03, 0x00, 0x00, 0x00, 0x02, 0x00,
    0xfc, 0xff, 0x05, 0x00, 0xfb, 0xff, 0x06, 0x00, 0xff, 0xff, 0x03, 0x00, 0x00, 0x00, 0x02, 0x00,
    0x1a, 0x00, 0x0a, 0x00, 0xfe, 0xff, 0x04, 0x00, 0x01, 0x00, 0x03, 0x00, 0x00, 0x00, 0x02, 0x00,
    0x0d, 0x00, 0x08, 0x00, 0xfd, 0xff, 0x05, 0x00, 0xff, 0xff, 0x03, 0x00, 0x00, 0x00, 0x02, 0x00,
    0x16, 0x00, 0x09, 0x00, 0x02, 0x00, 0x04, 0x00, 0x01, 0x00, 0x03, 0x00, 0x00, 0x00, 0x02, 0x00,
    0x04, 0x00, 0x05, 0x00, 0x11, 0x00, 0x09, 0x00, 0xff, 0xff, 0x03, 0x00, 0x00, 0x00, 0x02, 0x00,
    0x15, 0x00, 0x09, 0x00, 0xfe, 0xff, 0x04, 0x00, 0x01, 0x00, 0x03, 0x00, 0x00, 0x00, 0x02, 0x00,
    0x06, 0x00, 0x06, 0x00, 0x03, 0x00, 0x05, 0x00, 0xff, 0xff, 0x03, 0x00, 0x00, 0x00, 0x02, 0x00,
    0x07, 0x00, 0x06, 0x00, 0x02, 0x00, 0x04, 0x00, 0x01, 0x00, 0x03, 0x00, 0x00, 0x00, 0x02, 0x00,
    0xfc, 0xff, 0x05, 0x00, 0x05, 0x00, 0x06, 0x00, 0xff, 0xff, 0x03, 0x00, 0x00, 0x00, 0x02, 0x00,
    0x0a, 0x00, 0x07, 0x00, 0xfe, 0xff, 0x04, 0x00, 0x01, 0x00, 0x03, 0x00, 0x00, 0x00, 0x02, 0x00,
    0x09, 0x00, 0x07, 0x00, 0xfd, 0xff, 0x05, 0x00, 0xff, 0xff, 0x03, 0x00, 0x00, 0x00, 0x02, 0x00,
    0x0b, 0x00, 0x07, 0x00, 0x02, 0x00, 0x04, 0x00, 0x01, 0x00, 0x03, 0x00, 0x00, 0x00, 0x02, 0x00,
    0x04, 0x00, 0x05, 0x00, 0x08, 0x00, 0x07, 0x00, 0xff, 0xff, 0x03, 0x00, 0x00, 0x00, 0x02, 0x00,
    0x14, 0x00, 0x09, 0x00, 0xfe, 0xff, 0x04, 0x00, 0x01, 0x00, 0x03, 0x00, 0x00, 0x00, 0x02, 0x00,
    0xfa, 0xff, 0x06, 0x00, 0x03, 0x00, 0x05, 0x00, 0xff, 0xff, 0x03, 0x00, 0x00, 0x00, 0x02, 0x00,
    0xf9, 0xff, 0x06, 0x00, 0x02, 0x00, 0x04, 0x00, 0x01, 0x00, 0x03, 0x00, 0x00, 0x00, 0x02, 0x00,
    0xfc, 0xff, 0x05, 0x00, 0xfb, 0xff, 0x06, 0x00, 0xff, 0xff, 0x03, 0x00, 0x00, 0x00, 0x02, 0x00,
    0xf2, 0xff, 0x08, 0x00, 0xfe, 0xff, 0x04, 0x00, 0x01, 0x00, 0x03, 0x00, 0x00, 0x00, 0x02, 0x00,
    0x12, 0x00, 0x09, 0x00, 0xfd, 0xff, 0x05, 0x00, 0xff, 0xff, 0x03, 0x00, 0x00, 0x00, 0x02, 0x00,
    0xf0, 0xff, 0x08, 0x00, 0x02, 0x00, 0x04, 0x00, 0x01, 0x00, 0x03, 0x00, 0x00, 0x00, 0x02, 0x00,
    0x04, 0x00, 0x05, 0x00, 0xf4, 0xff, 0x08, 0x00, 0xff, 0xff, 0x03, 0x00, 0x00, 0x00, 0x02, 0x00,
    0xf1, 0xff, 0x08, 0x00, 0xfe, 0xff, 0x04, 0x00, 0x01, 0x00, 0x03, 0x00, 0x00, 0x00, 0x02, 0x00,
    0x06, 0x00, 0x06, 0x00, 0x03, 0x00, 0x05, 0x00, 0xff, 0xff, 0x03, 0x00, 0x00, 0x00, 0x02, 0x00,
    0x07, 0x00, 0x06, 0x00, 0x02, 0x00, 0x04, 0x00, 0x01, 0x00, 0x03, 0x00, 0x00, 0x00, 0x02, 0x00,
    0xfc, 0xff, 0x05, 0x00, 0x05, 0x00, 0x06, 0x00, 0xff, 0xff, 0x03, 0x00, 0x00, 0x00, 0x02, 0x00,
    0xf6, 0xff, 0x07, 0x00, 0xfe, 0xff, 0x04, 0x00, 0x01, 0x00, 0x03, 0x00, 0x00, 0x00, 0x02, 0x00,
    0xf7, 0xff, 0x07, 0x00, 0xfd, 0xff, 0x05, 0x00, 0xff, 0xff, 0x03, 0x00, 0x00, 0x00, 0x02, 0x00,
    0xf5, 0xff, 0x07, 0x00, 0x02, 0x00, 0x04, 0x00, 0x01, 0x00, 0x03, 0x00, 0x00, 0x00, 0x02, 0x00,
    0x04, 0x00, 0x05, 0x00, 0xf8, 0xff, 0x07, 0x00, 0xff, 0xff, 0x03, 0x00, 0x00, 0x00, 0x02, 0x00,
    0x00, 0x80, 0x07, 0x00, 0xfe, 0xff, 0x04, 0x00, 0x01, 0x00, 0x03, 0x00, 0x00, 0x00, 0x02, 0x00,
    0xfa, 0xff, 0x06, 0x00, 0x03, 0x00, 0x05, 0x00, 0xff, 0xff, 0x03, 0x00, 0x00, 0x00, 0x02, 0x00,
    0xf9, 0xff, 0x06, 0x00, 0x02, 0x00, 0x04, 0x00, 0x01, 0x00, 0x03, 0x00, 0x00, 0x00, 0x02, 0x00,
    0xfc, 0xff, 0x05, 0x00, 0xfb, 0xff, 0x06, 0x00, 0xff, 0xff, 0x03, 0x00, 0x00, 0x00, 0x02, 0x00,
    0x13, 0x00, 0x09, 0x00, 0xfe, 0xff, 0x04, 0x00, 0x01, 0x00, 0x03, 0x00, 0x00, 0x00, 0x02, 0x00,
    0xf3, 0xff, 0x08, 0x00, 0xfd, 0xff, 0x05, 0x00, 0xff, 0xff, 0x03, 0x00, 0x00, 0x00, 0x02, 0x00,
    0x1d, 0x00, 0x0a, 0x00, 0x02, 0x00, 0x04, 0x00, 0x01, 0x00, 0x03, 0x00, 0x00, 0x00, 0x02, 0x00,
    0x04, 0x00, 0x05, 0x00, 0x17, 0x00, 0x0a, 0x00, 0xff, 0xff, 0x03, 0x00, 0x00, 0x00, 0x02, 0x00,
    0x1c, 0x00, 0x0a, 0x00, 0xfe, 0xff, 0x04, 0x00, 0x01, 0x00, 0x03, 0x00, 0x00, 0x00, 0x02, 0x00,
    0x06, 0x00, 0x06, 0x00, 0x03, 0x00, 0x05, 0x00, 0xff, 0xff, 0x03, 0x00, 0x00, 0x00, 0x02, 0x00,
    0x07, 0x00, 0x06, 0x00, 0x02, 0x00, 0x04, 0x00, 0x01, 0x00, 0x03, 0x00, 0x00, 0x00, 0x02, 0x00,
    0xfc, 0xff, 0x05, 0x00, 0x05, 0x00, 0x06, 0x00, 0xff, 0xff, 0x03, 0x00, 0x00, 0x00, 0x02, 0x00,
    0x0a, 0x00, 0x07, 0x00, 0xfe, 0xff, 0x04, 0x00, 0x01, 0x00, 0x03, 0x00, 0x00, 0x00, 0x02, 0x00,
    0x09, 0x00, 0x07, 0x00, 0xfd, 0xff, 0x05, 0x00, 0xff, 0xff, 0x03, 0x00, 0x00, 0x00, 0x02, 0x00,
    0x0b, 0x00, 0x07, 0x00, 0x02, 0x00, 0x04, 0x00, 0x01, 0x00, 0x03, 0x00, 0x00, 0x00, 0x02, 0x00,
    0x04, 0x00, 0x05, 0x00, 0x08, 0x00, 0x07, 0x00, 0xff, 0xff, 0x03, 0x00, 0x00, 0x00, 0x02, 0x00,
    0x1b, 0x00, 0x0a, 0x00, 0xfe, 0xff, 0x04, 0x00, 0x01, 0x00, 0x03, 0x00, 0x00, 0x00, 0x02, 0x00,
    0xfa, 0xff, 0x06, 0x00, 0x03, 0x00, 0x05, 0x00, 0xff, 0xff, 0x03, 0x00, 0x00, 0x00, 0x02, 0x00,
    0xf9, 0xff, 0x06, 0x00, 0x02, 0x00, 0x04, 0x00, 0x01, 0x00, 0x03, 0x00, 0x00, 0x00, 0x02, 0x00,
    0xfc, 0xff, 0x05, 0x00, 0xfb, 0xff, 0x06, 0x00, 0xff, 0xff, 0x03, 0x00, 0x00, 0x00, 0x02, 0x00,
    0x0e, 0x00, 0x08, 0x00, 0xfe, 0xff, 0x04, 0x00, 0x01, 0x00, 0x03, 0x00, 0x00, 0x00, 0x02, 0x00,
    0x18, 0x00, 0x0a, 0x00, 0xfd, 0xff, 0x05, 0x00, 0xff, 0xff, 0x03, 0x00, 0x00, 0x00, 0x02, 0x00,
    0x10, 0x00, 0x08, 0x00, 0x02, 0x00, 0x04, 0x00, 0x01, 0x00, 0x03, 0x00, 0x00, 0x00, 0x02, 0x00,
    0x04, 0x00, 0x05, 0x00, 0x0c, 0x00, 0x08, 0x00, 0xff, 0xff, 0x03, 0x00, 0x00, 0x00, 0x02, 0x00,
    0x0f, 0x00, 0x08, 0x00, 0xfe, 0xff, 0x04, 0x00, 0x01, 0x00, 0x03, 0x00, 0x00, 0x00, 0x02, 0x00,
    0x06, 0x00, 0x06, 0x00, 0x03, 0x00, 0x05, 0x00, 0xff, 0xff, 0x03, 0x00, 0x00, 0x00, 0x02, 0x00,
    0x07, 0x00, 0x06, 0x00, 0x02, 0x00, 0x04, 0x00, 0x01, 0x00, 0x03, 0x00, 0x00, 0x00, 0x02, 0x00,
    0xfc, 0xff, 0x05, 0x00, 0x05, 0x00, 0x06, 0x00, 0xff, 0xff, 0x03, 0x00, 0x00, 0x00, 0x02, 0x00,
    0xf6, 0xff, 0x07, 0x00, 0xfe, 0xff, 0x04, 0x00, 0x01, 0x00, 0x03, 0x00, 0x00, 0x00, 0x02, 0x00,
    0xf7, 0xff, 0x07, 0x00, 0xfd, 0xff, 0x05, 0x00, 0xff, 0xff, 0x03, 0x00, 0x00, 0x00, 0x02, 0x00,
    0xf5, 0xff, 0x07, 0x00, 0x02, 0x00, 0x04, 0x00, 0x01, 0x00, 0x03, 0x00, 0x00, 0x00, 0x02, 0x00,
    0x04, 0x00, 0x05, 0x00, 0xf8, 0xff, 0x07, 0x00, 0xff, 0xff, 0x03, 0x00, 0x00, 0x00, 0x02, 0x00,
    0x00, 0x80, 0x07, 0x00, 0xfe, 0xff, 0x04, 0x00, 0x01, 0x00, 0x03, 0x00, 0x00, 0x00, 0x02, 0x00,
    0xfa, 0xff, 0x06, 0x00, 0x03, 0x00, 0x05, 0x00, 0xff, 0xff, 0x03, 0x00, 0x00, 0x00, 0x02, 0x00,
    0xf9, 0xff, 0x06, 0x00, 0x02, 0x00, 0x04, 0x00, 0x01, 0x00, 0x03, 0x00, 0x00, 0x00, 0x02, 0x00,
    0xfc, 0xff, 0x05, 0x00, 0xfb, 0xff, 0x06, 0x00, 0xff, 0xff, 0x03, 0x00, 0x00, 0x00, 0x02, 0x00,
    0x21, 0x00, 0x0b, 0x00, 0xfe, 0xff, 0x04, 0x00, 0x01, 0x00, 0x03, 0x00, 0x00, 0x00, 0x02, 0x00,
    0x0d, 0x00, 0x08, 0x00, 0xfd, 0xff, 0x05, 0x00, 0xff, 0xff, 0x03, 0x00, 0x00, 0x00, 0x02, 0x00,
    0xea, 0xff, 0x09, 0x00, 0x02, 0x00, 0x04, 0x00, 0x01, 0x00, 0x03, 0x00, 0x00, 0x00, 0x02, 0x00,
    0x04, 0x00, 0x05, 0x00, 0xef, 0xff, 0x09, 0x00, 0xff, 0xff, 0x03, 0x00, 0x00, 0x00, 0x02, 0x00,
    0xeb, 0xff, 0x09, 0x00, 0xfe, 0xff, 0x04, 0x00, 0x01, 0x00, 0x03, 0x00, 0x00, 0x00, 0x02, 0x00,
    0x06, 0x00, 0x06, 0x00, 0x03, 0x00, 0x05, 0x00, 0xff, 0xff, 0x03, 0x00, 0x00, 0x00, 0x02, 0x00,
    0x07, 0x00, 0x06, 0x00, 0x02, 0x00, 0x04, 0x00, 0x01, 0x00, 0x03, 0x00, 0x00, 0x00, 0x02, 0x00,
    0xfc, 0xff, 0x05, 0x00, 0x05, 0x00, 0x06, 0x00, 0xff, 0xff, 0x03, 0x00, 0x00, 0x00, 0x02, 0x00,
    0x0a, 0x00, 0x07, 0x00, 0xfe, 0xff, 0x04, 0x00, 0x01, 0x00, 0x03, 0x00, 0x00, 0x00, 0x02, 0x00,
    0x09, 0x00, 0x07, 0x00, 0xfd, 0xff, 0x05, 0x00, 0xff, 0xff, 0x03, 0x00, 0x00, 0x00, 0x02, 0x00,
    0x0b, 0x00, 0x07, 0x00, 0x02, 0x00, 0x04, 0x00, 0x01, 0x00, 0x03, 0x00, 0x00, 0x00, 0x02, 0x00,
    0x04, 0x00, 0x05, 0x00, 0x08, 0x00, 0x07, 0x00, 0xff, 0xff, 0x03, 0x00, 0x00, 0x00, 0x02, 0x00,
    0xec, 0xff, 0x09, 0x00, 0xfe, 0xff, 0x04, 0x00, 0x01, 0x00, 0x03, 0x00, 0x00, 0x00, 0x02, 0x00,
    0xfa, 0xff, 0x06, 0x00, 0x03, 0x00, 0x05, 0x00, 0xff, 0xff, 0x03, 0x00, 0x00, 0x00, 0x02, 0x00,
    0xf9, 0xff, 0x06, 0x00, 0x02, 0x00, 0x04, 0x00, 0x01, 0x00, 0x03, 0x00, 0x00, 0x00, 0x02, 0x00,
    0xfc, 0xff, 0x05, 0x00, 0xfb, 0xff, 0x06, 0x00, 0xff, 0xff, 0x03, 0x00, 0x00, 0x00, 0x02, 0x00,
    0xf2, 0xff, 0x08, 0x00, 0xfe, 0xff, 0x04, 0x00, 0x01, 0x00, 0x03, 0x00, 0x00, 0x00, 0x02, 0x00,
    0xee, 0xff, 0x09, 0x00, 0xfd, 0xff, 0x05, 0x00, 0xff, 0xff, 0x03, 0x00, 0x00, 0x00, 0x02, 0x00,
    0xf0, 0xff, 0x08, 0x00, 0x02, 0x00, 0x04, 0x00, 0x01, 0x00, 0x03, 0x00, 0x00, 0x00, 0x02, 0x00,
    0x04, 0x00, 0x05, 0x00, 0xf4, 0xff, 0x08, 0x00, 0xff, 0xff, 0x03, 0x00, 0x00, 0x00, 0x02, 0x00,
    0xf1, 0xff, 0x08, 0x00, 0xfe, 0xff, 0x04, 0x00, 0x01, 0x00, 0x03, 0x00, 0x00, 0x00, 0x02, 0x00,
    0x06, 0x00, 0x06, 0x00, 0x03, 0x00, 0x05, 0x00, 0xff, 0xff, 0x03, 0x00, 0x00, 0x00, 0x02, 0x00,
    0x07, 0x00, 0x06, 0x00, 0x02, 0x00, 0x04, 0x00, 0x01, 0x00, 0x03, 0x00, 0x00, 0x00, 0x02, 0x00,
    0xfc, 0xff, 0x05, 0x00, 0x05, 0x00, 0x06, 0x00, 0xff, 0xff, 0x03, 0x00, 0x00, 0x00, 0x02, 0x00,
    0xf6, 0xff, 0x07, 0x00, 0xfe, 0xff, 0x04, 0x00, 0x01, 0x00, 0x03, 0x00, 0x00, 0x00, 0x02, 0x00,
    0xf7, 0xff, 0x07, 0x00, 0xfd, 0xff, 0x05, 0x00, 0xff, 0xff, 0x03, 0x00, 0x00, 0x00, 0x02, 0x00,
    0xf5, 0xff, 0x07, 0x00, 0x02, 0x00, 0x04, 0x00, 0x01, 0x00, 0x03, 0x00, 0x00, 0x00, 0x02, 0x00,
    0x04, 0x00, 0x05, 0x00, 0xf8, 0xff, 0x07, 0x00, 0xff, 0xff, 0x03, 0x00, 0x00, 0x00, 0x02, 0x00,
    0x00, 0x80, 0x07, 0x00, 0xfe, 0xff, 0x04, 0x00, 0x01, 0x00, 0x03, 0x00, 0x00, 0x00, 0x02, 0x00,
    0xfa, 0xff, 0x06, 0x00, 0x03, 0x00, 0x05, 0x00, 0xff, 0xff, 0x03, 0x00, 0x00, 0x00, 0x02, 0x00,
    0xf9, 0xff, 0x06, 0x00, 0x02, 0x00, 0x04, 0x00, 0x01, 0x00, 0x03, 0x00, 0x00, 0x00, 0x02, 0x00,
    0xfc, 0xff, 0x05, 0x00, 0xfb, 0xff, 0x06, 0x00, 0xff, 0xff, 0x03, 0x00, 0x00, 0x00, 0x02, 0x00,
    0xed, 0xff, 0x09, 0x00, 0xfe, 0xff, 0x04, 0x00, 0x01, 0x00, 0x03, 0x00, 0x00, 0x00, 0x02, 0x00,
    0xf3, 0xff, 0x08, 0x00, 0xfd, 0xff, 0x05, 0x00, 0xff, 0xff, 0x03, 0x00, 0x00, 0x00, 0x02, 0x00,
    0xe2, 0xff, 0x0a, 0x00, 0x02, 0x00, 0x04, 0x00, 0x01, 0x00, 0x03, 0x00, 0x00, 0x00, 0x02, 0x00,
    0x04, 0x00, 0x05, 0x00, 0xd9, 0xff, 0x0c, 0x00, 0xff, 0xff, 0x03, 0x00, 0x00, 0x00, 0x02, 0x00,
    0x24, 0x00, 0x0b, 0x00, 0xfe, 0xff, 0x04, 0x00, 0x01, 0x00, 0x03, 0x00, 0x00, 0x00, 0x02, 0x00,
    0x06, 0x00, 0x06, 0x00, 0x03, 0x00, 0x05, 0x00, 0xff, 0xff, 0x03, 0x00, 0x00, 0x00, 0x02, 0x00,
    0x07, 0x00, 0x06, 0x00, 0x02, 0x00, 0x04, 0x00, 0x01, 0x00, 0x03, 0x00, 0x00, 0x00, 0x02, 0x00,
    0xfc, 0xff, 0x05, 0x00, 0x05, 0x00, 0x06, 0x00, 0xff, 0xff, 0x03, 0x00, 0x00, 0x00, 0x02, 0x00,
    0x0a, 0x00, 0x07, 0x00, 0xfe, 0xff, 0x04, 0x00, 0x01, 0x00, 0x03, 0x00, 0x00, 0x00, 0x02, 0x00,
    0x09, 0x00, 0x07, 0x00, 0xfd, 0xff, 0x05, 0x00, 0xff, 0xff, 0x03, 0x00, 0x00, 0x00, 0x02, 0x00,
    0x0b, 0x00, 0x07, 0x00, 0x02, 0x00, 0x04, 0x00, 0x01, 0x00, 0x03, 0x00, 0x00, 0x00, 0x02, 0x00,
    0x04, 0x00, 0x05, 0x00, 0x08, 0x00, 0x07, 0x00, 0xff, 0xff, 0x03, 0x00, 0x00, 0x00, 0x02, 0x00,
    0x22, 0x00, 0x0b, 0x00, 0xfe, 0xff, 0x04, 0x00, 0x01, 0x00, 0x03, 0x00, 0x00, 0x00, 0x02, 0x00,
    0xfa, 0xff, 0x06, 0x00, 0x03, 0x00, 0x05, 0x00, 0xff, 0xff, 0x03, 0x00, 0x00, 0x00, 0x02, 0x00,
    0xf9, 0xff, 0x06, 0x00, 0x02, 0x00, 0x04, 0x00, 0x01, 0x00, 0x03, 0x00, 0x00, 0x00, 0x02, 0x00,
    0xfc, 0xff, 0x05, 0x00, 0xfb, 0xff, 0x06, 0x00, 0xff, 0xff, 0x03, 0x00, 0x00, 0x00, 0x02, 0x00,
    0x0e, 0x00, 0x08, 0x00, 0xfe, 0xff, 0x04, 0x00, 0x01, 0x00, 0x03, 0x00, 0x00, 0x00, 0x02, 0x00,
    0xe7, 0xff, 0x0a, 0x00, 0xfd, 0xff, 0x05, 0x00, 0xff, 0xff, 0x03, 0x00, 0x00, 0x00, 0x02, 0x00,
    0x10, 0x00, 0x08, 0x00, 0x02, 0x00, 0x04, 0x00, 0x01, 0x00, 0x03, 0x00, 0x00, 0x00, 0x02, 0x00,
    0x04, 0x00, 0x05, 0x00, 0x0c, 0x00, 0x08, 0x00, 0xff, 0xff, 0x03, 0x00, 0x00, 0x00, 0x02, 0x00,
    0x0f, 0x00, 0x08, 0x00, 0xfe, 0xff, 0x04, 0x00, 0x01, 0x00, 0x03, 0x00, 0x00, 0x00, 0x02, 0x00,
    0x06, 0x00, 0x06, 0x00, 0x03, 0x00, 0x05, 0x00, 0xff, 0xff, 0x03, 0x00, 0x00, 0x00, 0x02, 0x00,
    0x07, 0x00, 0x06, 0x00, 0x02, 0x00, 0x04, 0x00, 0x01, 0x00, 0x03, 0x00, 0x00, 0x00, 0x02, 0x00,
    0xfc, 0xff, 0x05, 0x00, 0x05, 0x00, 0x06, 0x00, 0xff, 0xff, 0x03, 0x00, 0x00, 0x00, 0x02, 0x00,
    0xf6, 0xff, 0x07, 0x00, 0xfe, 0xff, 0x04, 0x00, 0x01, 0x00, 0x03, 0x00, 0x00, 0x00, 0x02, 0x00,
    0xf7, 0xff, 0x07, 0x00, 0xfd, 0xff, 0x05, 0x00, 0xff, 0xff, 0x03, 0x00, 0x00, 0x00, 0x02, 0x00,
    0xf5, 0xff, 0x07, 0x00, 0x02, 0x00, 0x04, 0x00, 0x01, 0x00, 0x03, 0x00, 0x00, 0x00, 0x02, 0x00,
    0x04, 0x00, 0x05, 0x00, 0xf8, 0xff, 0x07, 0x00, 0xff, 0xff, 0x03, 0x00, 0x00, 0x00, 0x02, 0x00,
    0x00, 0x80, 0x07, 0x00, 0xfe, 0xff, 0x04, 0x00, 0x01, 0x00, 0x03, 0x00, 0x00, 0x00, 0x02, 0x00,
    0xfa, 0xff, 0x06, 0x00, 0x03, 0x00, 0x05, 0x00, 0xff, 0xff, 0x03, 0x00, 0x00, 0x00, 0x02, 0x00,
    0xf9, 0xff, 0x06, 0x00, 0x02, 0x00, 0x04, 0x00, 0x01, 0x00, 0x03, 0x00, 0x00, 0x00, 0x02, 0x00,
    0xfc, 0xff, 0x05, 0x00, 0xfb, 0xff, 0x06, 0x00, 0xff, 0xff, 0x03, 0x00, 0x00, 0x00, 0x02, 0x00,
    0xe6, 0xff, 0x0a, 0x00, 0xfe, 0xff, 0x04, 0x00, 0x01, 0x00, 0x03, 0x00, 0x00, 0x00, 0x02, 0x00,
    0x0d, 0x00, 0x08, 0x00, 0xfd, 0xff, 0x05, 0x00, 0xff, 0xff, 0x03, 0x00, 0x00, 0x00, 0x02, 0x00,
    0x16, 0x00, 0x09, 0x00, 0x02, 0x00, 0x04, 0x00, 0x01, 0x00, 0x03, 0x00, 0x00, 0x00, 0x02, 0x00,
    0x04, 0x00, 0x05, 0x00, 0x11, 0x00, 0x09, 0x00, 0xff, 0xff, 0x03, 0x00, 0x00, 0x00, 0x02, 0x00,
    0x15, 0x00, 0x09, 0x00, 0xfe, 0xff, 0x04, 0x00, 0x01, 0x00, 0x03, 0x00, 0x00, 0x00, 0x02, 0x00,
    0x06, 0x00, 0x06, 0x00, 0x03, 0x00, 0x05, 0x00, 0xff, 0xff, 0x03, 0x00, 0x00, 0x00, 0x02, 0x00,
    0x07, 0x00, 0x06, 0x00, 0x02, 0x00, 0x04, 0x00, 0x01, 0x00, 0x03, 0x00, 0x00, 0x00, 0x02, 0x00,
    0xfc, 0xff, 0x05, 0x00, 0x05, 0x00, 0x06, 0x00, 0xff, 0xff, 0x03, 0x00, 0x00, 0x00, 0x02, 0x00,
    0x0a, 0x00, 0x07, 0x00, 0xfe, 0xff, 0x04, 0x00, 0x01, 0x00, 0x03, 0x00, 0x00, 0x00, 0x02, 0x00,
    0x09, 0x00, 0x07, 0x00, 0xfd, 0xff, 0x05, 0x00, 0xff, 0xff, 0x03, 0x00, 0x00, 0x00, 0x02, 0x00,
    0x0b, 0x00, 0x07, 0x00, 0x02, 0x00, 0x04, 0x00, 0x01, 0x00, 0x03, 0x00, 0x00, 0x00, 0x02, 0x00,
    0x04, 0x00, 0x05, 0x00, 0x08, 0x00, 0x07, 0x00, 0xff, 0xff, 0x03, 0x00, 0x00, 0x00, 0x02, 0x00,
    0x14, 0x00, 0x09, 0x00, 0xfe, 0xff, 0x04, 0x00, 0x01, 0x00, 0x03, 0x00, 0x00, 0x00, 0x02, 0x00,
    0xfa, 0xff, 0x06, 0x00, 0x03, 0x00, 0x05, 0x00, 0xff, 0xff, 0x03, 0x00, 0x00, 0x00, 0x02, 0x00,
    0xf9, 0xff, 0x06, 0x00, 0x02, 0x00, 0x04, 0x00, 0x01, 0x00, 0x03, 0x00, 0x00, 0x00, 0x02, 0x00,
    0xfc, 0xff, 0x05, 0x00, 0xfb, 0xff, 0x06, 0x00, 0xff, 0xff, 0x03, 0x00, 0x00, 0x00, 0x02, 0x00,
    0xf2, 0xff, 0x08, 0x00, 0xfe, 0xff, 0x04, 0x00, 0x01, 0x00, 0x03, 0x00, 0x00, 0x00, 0x02, 0x00,
    0x12, 0x00, 0x09, 0x00, 0xfd, 0xff, 0x05, 0x00, 0xff, 0xff, 0x03, 0x00, 0x00, 0x00, 0x02, 0x00,
    0xf0, 0xff, 0x08, 0x00, 0x02, 0x00, 0x04, 0x00, 0x01, 0x00, 0x03, 0x00, 0x00, 0x00, 0x02, 0x00,
    0x04, 0x00, 0x05, 0x00, 0xf4, 0xff, 0x08, 0x00, 0xff, 0xff, 0x03, 0x00, 0x00, 0x00, 0x02, 0x00,
    0xf1, 0xff, 0x08, 0x00, 0xfe, 0xff, 0x04, 0x00, 0x01, 0x00, 0x03, 0x00, 0x00, 0x00, 0x02, 0x00,
    0x06, 0x00, 0x06, 0x00, 0x03, 0x00, 0x05, 0x00, 0xff, 0xff, 0x03, 0x00, 0x00, 0x00, 0x02, 0x00,
    0x07, 0x00, 0x06, 0x00, 0x02, 0x00, 0x04, 0x00, 0x01, 0x00, 0x03, 0x00, 0x00, 0x00, 0x02, 0x00,
    0xfc, 0xff, 0x05, 0x00, 0x05, 0x00, 0x06, 0x00, 0xff, 0xff, 0x03, 0x00, 0x00, 0x00, 0x02, 0x00,
    0xf6, 0xff, 0x07, 0x00, 0xfe, 0xff, 0x04, 0x00, 0x01, 0x00, 0x03, 0x00, 0x00, 0x00, 0x02, 0x00,
    0xf7, 0xff, 0x07, 0x00, 0xfd, 0xff, 0x05, 0x00, 0xff, 0xff, 0x03, 0x00, 0x00, 0x00, 0x02, 0x00,
    0xf5, 0xff, 0x07, 0x00, 0x02, 0x00, 0x04, 0x00, 0x01, 0x00, 0x03, 0x00, 0x00, 0x00, 0x02, 0x00,
    0x04, 0x00, 0x05, 0x00, 0xf8, 0xff, 0x07, 0x00, 0xff, 0xff, 0x03, 0x00, 0x00, 0x00, 0x02, 0x00,
    0x00, 0x80, 0x07, 0x00, 0xfe, 0xff, 0x04, 0x00, 0x01, 0x00, 0x03, 0x00, 0x00, 0x00, 0x02, 0x00,
    0xfa, 0xff, 0x06, 0x00, 0x03, 0x00, 0x05, 0x00, 0xff, 0xff, 0x03, 0x00, 0x00, 0x00, 0x02, 0x00,
    0xf9, 0xff, 0x06, 0x00, 0x02, 0x00, 0x04, 0x00, 0x01, 0x00, 0x03, 0x00, 0x00, 0x00, 0x02, 0x00,
    0xfc, 0xff, 0x05, 0x00, 0xfb, 0xff, 0x06, 0x00, 0xff, 0xff, 0x03, 0x00, 0x00, 0x00, 0x02, 0x00,
    0x13, 0x00, 0x09, 0x00, 0xfe, 0xff, 0x04, 0x00, 0x01, 0x00, 0x03, 0x00, 0x00, 0x00, 0x02, 0x00,
    0xf3, 0xff, 0x08, 0x00, 0xfd, 0xff, 0x05, 0x00, 0xff, 0xff, 0x03, 0x00, 0x00, 0x00, 0x02, 0x00,
    0xe3, 0xff, 0x0a, 0x00, 0x02, 0x00, 0x04, 0x00, 0x01, 0x00, 0x03, 0x00, 0x00, 0x00, 0x02, 0x00,
    0x04, 0x00, 0x05, 0x00, 0xe9, 0xff, 0x0a, 0x00, 0xff, 0xff, 0x03, 0x00, 0x00, 0x00, 0x02, 0x00,
    0xe4, 0xff, 0x0a, 0x00, 0xfe, 0xff, 0x04, 0x00, 0x01, 0x00, 0x03, 0x00, 0x00, 0x00, 0x02, 0x00,
    0x06, 0x00, 0x06, 0x00, 0x03, 0x00, 0x05, 0x00, 0xff, 0xff, 0x03, 0x00, 0x00, 0x00, 0x02, 0x00,
    0x07, 0x00, 0x06, 0x00, 0x02, 0x00, 0x04, 0x00, 0x01, 0x00, 0x03, 0x00, 0x00, 0x00, 0x02, 0x00,
    0xfc, 0xff, 0x05, 0x00, 0x05, 0x00, 0x06, 0x00, 0xff, 0xff, 0x03, 0x00, 0x00, 0x00, 0x02, 0x00,
    0x0a, 0x00, 0x07, 0x00, 0xfe, 0xff, 0x04, 0x00, 0x01, 0x00, 0x03, 0x00, 0x00, 0x00, 0x02, 0x00,
    0x09, 0x00, 0x07, 0x00, 0xfd, 0xff, 0x05, 0x00, 0xff, 0xff, 0x03, 0x00, 0x00, 0x00, 0x02, 0x00,
    0x0b, 0x00, 0x07, 0x00, 0x02, 0x00, 0x04, 0x00, 0x01, 0x00, 0x03, 0x00, 0x00, 0x00, 0x02, 0x00,
    0x04, 0x00, 0x05, 0x00, 0x08, 0x00, 0x07, 0x00, 0xff, 0xff, 0x03, 0x00, 0x00, 0x00, 0x02, 0x00,
    0xe5, 0xff, 0x0a, 0x00, 0xfe, 0xff, 0x04, 0x00, 0x01, 0x00, 0x03, 0x00, 0x00, 0x00, 0x02, 0x00,
    0xfa, 0xff, 0x06, 0x00, 0x03, 0x00, 0x05, 0x00, 0xff, 0xff, 0x03, 0x00, 0x00, 0x00, 0x02, 0x00,
    0xf9, 0xff, 0x06, 0x00, 0x02, 0x00, 0x04, 0x00, 0x01, 0x00, 0x03, 0x00, 0x00, 0x00, 0x02, 0x00,
    0xfc, 0xff, 0x05, 0x00, 0xfb, 0xff, 0x06, 0x00, 0xff, 0xff, 0x03, 0x00, 0x00, 0x00, 0x02, 0x00,
    0x0e, 0x00, 0x08, 0x00, 0xfe, 0xff, 0x04, 0x00, 0x01, 0x00, 0x03, 0x00, 0x00, 0x00, 0x02, 0x00,
    0xe8, 0xff, 0x0a, 0x00, 0xfd, 0xff, 0x05, 0x00, 0xff, 0xff, 0x03, 0x00, 0x00, 0x00, 0x02, 0x00,
    0x10, 0x00, 0x08, 0x00, 0x02, 0x00, 0x04, 0x00, 0x01, 0x00, 0x03, 0x00, 0x00, 0x00, 0x02, 0x00,
    0x04, 0x00, 0x05, 0x00, 0x0c, 0x00, 0x08, 0x00, 0xff, 0xff, 0x03, 0x00, 0x00, 0x00, 0x02, 0x00,
    0x0f, 0x00, 0x08, 0x00, 0xfe, 0xff, 0x04, 0x00, 0x01, 0x00, 0x03, 0x00, 0x00, 0x00, 0x02, 0x00,
    0x06, 0x00, 0x06, 0x00, 0x03, 0x00, 0x05, 0x00, 0xff, 0xff, 0x03, 0x00, 0x00, 0x00, 0x02, 0x00,
    0x07, 0x00, 0x06, 0x00, 0x02, 0x00, 0x04, 0x00, 0x01, 0x00, 0x03, 0x00, 0x00, 0x00, 0x02, 0x00,
    0xfc, 0xff, 0x05, 0x00, 0x05, 0x00, 0x06, 0x00, 0xff, 0xff, 0x03, 0x00, 0x00, 0x00, 0x02, 0x00,
    0xf6, 0xff, 0x07, 0x00, 0xfe, 0xff, 0x04, 0x00, 0x01, 0x00, 0x03, 0x00, 0x00, 0x00, 0x02, 0x00,
    0xf7, 0xff, 0x07, 0x00, 0xfd, 0xff, 0x05, 0x00, 0xff, 0xff, 0x03, 0x00, 0x00, 0x00, 0x02, 0x00,
    0xf5, 0xff, 0x07, 0x00, 0x02, 0x00, 0x04, 0x00, 0x01, 0x00, 0x03, 0x00, 0x00, 0x00, 0x02, 0x00,
    0x04, 0x00, 0x05, 0x00, 0xf8, 0xff, 0x07, 0x00, 0xff, 0xff, 0x03, 0x00, 0x00, 0x00, 0x02, 0x00,
    0x00, 0x80, 0x07, 0x00, 0xfe, 0xff, 0x04, 0x00, 0x01, 0x00, 0x03, 0x00, 0x00, 0x00, 0x02, 0x00,
    0xfa, 0xff, 0x06, 0x00, 0x03, 0x00, 0x05, 0x00, 0xff, 0xff, 0x03, 0x00, 0x00, 0x00, 0x02, 0x00,
    0xf9, 0xff, 0x06, 0x00, 0x02, 0x00, 0x04, 0x00, 0x01, 0x00, 0x03, 0x00, 0x00, 0x00, 0x02, 0x00,
    0xfc, 0xff, 0x05, 0x00, 0xfb, 0xff, 0x06, 0x00, 0xff, 0xff, 0x03, 0x00, 0x00, 0x00, 0x02, 0x00,
    0x20, 0x00, 0x0b, 0x00, 0xfe, 0xff, 0x04, 0x00, 0x01, 0x00, 0x03, 0x00, 0x00, 0x00, 0x02, 0x00,
    0x0d, 0x00, 0x08, 0x00, 0xfd, 0xff, 0x05, 0x00, 0xff, 0xff, 0x03, 0x00, 0x00, 0x00, 0x02, 0x00,
    0xea, 0xff, 0x09, 0x00, 0x02, 0x00, 0x04, 0x00, 0x01, 0x00, 0x03, 0x00, 0x00, 0x00, 0x02, 0x00,
    0x04, 0x00, 0x05, 0x00, 0xef, 0xff, 0x09, 0x00, 0xff, 0xff, 0x03, 0x00, 0x00, 0x00, 0x02, 0x00,
    0xeb, 0xff, 0x09, 0x00, 0xfe, 0xff, 0x04, 0x00, 0x01, 0x00, 0x03, 0x00, 0x00, 0x00, 0x02, 0x00,
    0x06, 0x00, 0x06, 0x00, 0x03, 0x00, 0x05, 0x00, 0xff, 0xff, 0x03, 0x00, 0x00, 0x00, 0x02, 0x00,
    0x07, 0x00, 0x06, 0x00, 0x02, 0x00, 0x04, 0x00, 0x01, 0x00, 0x03, 0x00, 0x00, 0x00, 0x02, 0x00,
    0xfc, 0xff, 0x05, 0x00, 0x05, 0x00, 0x06, 0x00, 0xff, 0xff, 0x03, 0x00, 0x00, 0x00, 0x02, 0x00,
    0x0a, 0x00, 0x07, 0x00, 0xfe, 0xff, 0x04, 0x00, 0x01, 0x00, 0x03, 0x00, 0x00, 0x00, 0x02, 0x00,
    0x09, 0x00, 0x07, 0x00, 0xfd, 0xff, 0x05, 0x00, 0xff, 0xff, 0x03, 0x00, 0x00, 0x00, 0x02, 0x00,
    0x0b, 0x00, 0x07, 0x00, 0x02, 0x00, 0x04, 0x00, 0x01, 0x00, 0x03, 0x00, 0x00, 0x00, 0x02, 0x00,
    0x04, 0x00, 0x05, 0x00, 0x08, 0x00, 0x07, 0x00, 0xff, 0xff, 0x03, 0x00, 0x00, 0x00, 0x02, 0x00,
    0xec, 0xff, 0x09, 0x00, 0xfe, 0xff, 0x04, 0x00, 0x01, 0x00, 0x03, 0x00, 0x00, 0x00, 0x02, 0x00,
    0xfa, 0xff, 0x06, 0x00, 0x03, 0x00, 0x05, 0x00, 0xff, 0xff, 0x03, 0x00, 0x00, 0x00, 0x02, 0x00,
    0xf9, 0xff, 0x06, 0x00, 0x02, 0x00, 0x04, 0x00, 0x01, 0x00, 0x03, 0x00, 0x00, 0x00, 0x02, 0x00,
    0xfc, 0xff, 0x05, 0x00, 0xfb, 0xff, 0x06, 0x00, 0xff, 0xff, 0x03, 0x00, 0x00, 0x00, 0x02, 0x00,
    0xf2, 0xff, 0x08, 0x00, 0xfe, 0xff, 0x04, 0x00, 0x01, 0x00, 0x03, 0x00, 0x00, 0x00, 0x02, 0x00,
    0xee, 0xff, 0x09, 0x00, 0xfd, 0xff, 0x05, 0x00, 0xff, 0xff, 0x03, 0x00, 0x00, 0x00, 0x02, 0x00,
    0xf0, 0xff, 0x08, 0x00, 0x02, 0x00, 0x04, 0x00, 0x01, 0x00, 0x03, 0x00, 0x00, 0x00, 0x02, 0x00,
    0x04, 0x00, 0x05, 0x00, 0xf4, 0xff, 0x08, 0x00, 0xff, 0xff, 0x03, 0x00, 0x00, 0x00, 0x02, 0x00,
    0xf1, 0xff, 0x08, 0x00, 0xfe, 0xff, 0x04, 0x00, 0x01, 0x00, 0x03, 0x00, 0x00, 0x00, 0x02, 0x00,
    0x06, 0x00, 0x06, 0x00, 0x03, 0x00, 0x05, 0x00, 0xff, 0xff, 0x03, 0x00, 0x00, 0x00, 0x02, 0x00,
    0x07, 0x00, 0x06, 0x00, 0x02, 0x00, 0x04, 0x00, 0x01, 0x00, 0x03, 0x00, 0x00, 0x00, 0x02, 0x00,
    0xfc, 0xff, 0x05, 0x00, 0x05, 0x00, 0x06, 0x00, 0xff, 0xff, 0x03, 0x00, 0x00, 0x00, 0x02, 0x00,
    0xf6, 0xff, 0x07, 0x00, 0xfe, 0xff, 0x04, 0x00, 0x01, 0x00, 0x03, 0x00, 0x00, 0x00, 0x02, 0x00,
    0xf7, 0xff, 0x07, 0x00, 0xfd, 0xff, 0x05, 0x00, 0xff, 0xff, 0x03, 0x00, 0x00, 0x00, 0x02, 0x00,
    0xf5, 0xff, 0x07, 0x00, 0x02, 0x00, 0x04, 0x00, 0x01, 0x00, 0x03, 0x00, 0x00, 0x00, 0x02, 0x00,
    0x04, 0x00, 0x05, 0x00, 0xf8, 0xff, 0x07, 0x00, 0xff, 0xff, 0x03, 0x00, 0x00, 0x00, 0x02, 0x00,
    0x00, 0x80, 0x07, 0x00, 0xfe, 0xff, 0x04, 0x00, 0x01, 0x00, 0x03, 0x00, 0x00, 0x00, 0x02, 0x00,
    0xfa, 0xff, 0x06, 0x00, 0x03, 0x00, 0x05, 0x00, 0xff, 0xff, 0x03, 0x00, 0x00, 0x00, 0x02, 0x00,
    0xf9, 0xff, 0x06, 0x00, 0x02, 0x00, 0x04, 0x00, 0x01, 0x00, 0x03, 0x00, 0x00, 0x00, 0x02, 0x00,
    0xfc, 0xff, 0x05, 0x00, 0xfb, 0xff, 0x06, 0x00, 0xff, 0xff, 0x03, 0x00, 0x00, 0x00, 0x02, 0x00,
    0xed, 0xff, 0x09, 0x00, 0xfe, 0xff, 0x04, 0x00, 0x01, 0x00, 0x03, 0x00, 0x00, 0x00, 0x02, 0x00,
    0xf3, 0xff, 0x08, 0x00, 0xfd, 0xff, 0x05, 0x00, 0xff, 0xff, 0x03, 0x00, 0x00, 0x00, 0x02, 0x00,
    0x1e, 0x00, 0x0a, 0x00, 0x02, 0x00, 0x04, 0x00, 0x01, 0x00, 0x03, 0x00, 0x00, 0x00, 0x02, 0x00,
    0x04, 0x00, 0x05, 0x00, 0xe1, 0xff, 0x0b, 0x00, 0xff, 0xff, 0x03, 0x00, 0x00, 0x00, 0x02, 0x00,
    0xdb, 0xff, 0x0b, 0x00, 0xfe, 0xff, 0x04, 0x00, 0x01, 0x00, 0x03, 0x00, 0x00, 0x00, 0x02, 0x00,
    0x06, 0x00, 0x06, 0x00, 0x03, 0x00, 0x05, 0x00, 0xff, 0xff, 0x03, 0x00, 0x00, 0x00, 0x02, 0x00,
    0x07, 0x00, 0x06, 0x00, 0x02, 0x00, 0x04, 0x00, 0x01, 0x00, 0x03, 0x00, 0x00, 0x00, 0x02, 0x00,
    0xfc, 0xff, 0x05, 0x00, 0x05, 0x00, 0x06, 0x00, 0xff, 0xff, 0x03, 0x00, 0x00, 0x00, 0x02, 0x00,
    0x0a, 0x00, 0x07, 0x00, 0xfe, 0xff, 0x04, 0x00, 0x01, 0x00, 0x03, 0x00, 0x00, 0x00, 0x02, 0x00,
    0x09, 0x00, 0x07, 0x00, 0xfd, 0xff, 0x05, 0x00, 0xff, 0xff, 0x03, 0x00, 0x00, 0x00, 0x02, 0x00,
    0x0b, 0x00, 0x07, 0x00, 0x02, 0x00, 0x04, 0x00, 0x01, 0x00, 0x03, 0x00, 0x00, 0x00, 0x02, 0x00,
    0x04, 0x00, 0x05, 0x00, 0x08, 0x00, 0x07, 0x00, 0xff, 0xff, 0x03, 0x00, 0x00, 0x00, 0x02, 0x00,
    0xdd, 0xff, 0x0b, 0x00, 0xfe, 0xff, 0x04, 0x00, 0x01, 0x00, 0x03, 0x00, 0x00, 0x00, 0x02, 0x00,
    0xfa, 0xff, 0x06, 0x00, 0x03, 0x00, 0x05, 0x00, 0xff, 0xff, 0x03, 0x00, 0x00, 0x00, 0x02, 0x00,
    0xf9, 0xff, 0x06, 0x00, 0x02, 0x00, 0x04, 0x00, 0x01, 0x00, 0x03, 0x00, 0x00, 0x00, 0x02, 0x00,
    0xfc, 0xff, 0x05, 0x00, 0xfb, 0xff, 0x06, 0x00, 0xff, 0xff, 0x03, 0x00, 0x00, 0x00, 0x02, 0x00,
    0x0e, 0x00, 0x08, 0x00, 0xfe, 0xff, 0x04, 0x00, 0x01, 0x00, 0x03, 0x00, 0x00, 0x00, 0x02, 0x00,
    0x19, 0x00, 0x0a, 0x00, 0xfd, 0xff, 0x05, 0x00, 0xff, 0xff, 0x03, 0x00, 0x00, 0x00, 0x02, 0x00,
    0x10, 0x00, 0x08, 0x00, 0x02, 0x00, 0x04, 0x00, 0x01, 0x00, 0x03, 0x00, 0x00, 0x00, 0x02, 0x00,
    0x04, 0x00, 0x05, 0x00, 0x0c, 0x00, 0x08, 0x00, 0xff, 0xff, 0x03, 0x00, 0x00, 0x00, 0x02, 0x00,
    0x0f, 0x00, 0x08, 0x00, 0xfe, 0xff, 0x04, 0x00, 0x01, 0x00, 0x03, 0x00, 0x00, 0x00, 0x02, 0x00,
    0x06, 0x00, 0x06, 0x00, 0x03, 0x00, 0x05, 0x00, 0xff, 0xff, 0x03, 0x00, 0x00, 0x00, 0x02, 0x00,
    0x07, 0x00, 0x06, 0x00, 0x02, 0x00, 0x04, 0x00, 0x01, 0x00, 0x03, 0x00, 0x00, 0x00, 0x02, 0x00,
    0xfc, 0xff, 0x05, 0x00, 0x05, 0x00, 0x06, 0x00, 0xff, 0xff, 0x03, 0x00, 0x00, 0x00, 0x02, 0x00,
    0xf6, 0xff, 0x07, 0x00, 0xfe, 0xff, 0x04, 0x00, 0x01, 0x00, 0x03, 0x00, 0x00, 0x00, 0x02, 0x00,
    0xf7, 0xff, 0x07, 0x00, 0xfd, 0xff, 0x05, 0x00, 0xff, 0xff, 0x03, 0x00, 0x00, 0x00, 0x02, 0x00,
    0xf5, 0xff, 0x07, 0x00, 0x02, 0x00, 0x04, 0x00, 0x01, 0x00, 0x03, 0x00, 0x00, 0x00, 0x02, 0x00,
    0x04, 0x00, 0x05, 0x00, 0xf8, 0xff, 0x07, 0x00, 0xff, 0xff, 0x03, 0x00, 0x00, 0x00, 0x02, 0x00,
    0x00, 0x80, 0x07, 0x00, 0xfe, 0xff, 0x04, 0x00, 0x01, 0x00, 0x03, 0x00, 0x00, 0x00, 0x02, 0x00,
    0xfa, 0xff, 0x06, 0x00, 0x03, 0x00, 0x05, 0x00, 0xff, 0xff, 0x03, 0x00, 0x00, 0x00, 0x02, 0x00,
    0xf9, 0xff, 0x06, 0x00, 0x02, 0x00, 0x04, 0x00, 0x01, 0x00, 0x03, 0x00, 0x00, 0x00, 0x02, 0x00,
    0xfc, 0xff, 0x05, 0x00, 0xfb, 0xff, 0x06, 0x00, 0xff, 0xff, 0x03, 0x00, 0x00, 0x00, 0x02, 0x00,
    0x1a, 0x00, 0x0a, 0x00, 0xfe, 0xff, 0x04, 0x00, 0x01, 0x00, 0x03, 0x00, 0x00, 0x00, 0x02, 0x00,
    0x0d, 0x00, 0x08, 0x00, 0xfd, 0xff, 0x05, 0x00, 0xff, 0xff, 0x03, 0x00, 0x00, 0x00, 0x02, 0x00,
    0x16, 0x00, 0x09, 0x00, 0x02, 0x00, 0x04, 0x00, 0x01, 0x00, 0x03, 0x00, 0x00, 0x00, 0x02, 0x00,
    0x04, 0x00, 0x05, 0x00, 0x11, 0x00, 0x09, 0x00, 0xff, 0xff, 0x03, 0x00, 0x00, 0x00, 0x02, 0x00,
    0x15, 0x00, 0x09, 0x00, 0xfe, 0xff, 0x04, 0x00, 0x01, 0x00, 0x03, 0x00, 0x00, 0x00, 0x02, 0x00,
    0x06, 0x00, 0x06, 0x00, 0x03, 0x00, 0x05, 0x00, 0xff, 0xff, 0x03, 0x00, 0x00, 0x00, 0x02, 0x00,
    0x07, 0x00, 0x06, 0x00, 0x02, 0x00, 0x04, 0x00, 0x01, 0x00, 0x03, 0x00, 0x00, 0x00, 0x02, 0x00,
    0xfc, 0xff, 0x05, 0x00, 0x05, 0x00, 0x06, 0x00, 0xff, 0xff, 0x03, 0x00, 0x00, 0x00, 0x02, 0x00,
    0x0a, 0x00, 0x07, 0x00, 0xfe, 0xff, 0x04, 0x00, 0x01, 0x00, 0x03, 0x00, 0x00, 0x00, 0x02, 0x00,
    0x09, 0x00, 0x07, 0x00, 0xfd, 0xff, 0x05, 0x00, 0xff, 0xff, 0x03, 0x00, 0x00, 0x00, 0x02, 0x00,
    0x0b, 0x00, 0x07, 0x00, 0x02, 0x00, 0x04, 0x00, 0x01, 0x00, 0x03, 0x00, 0x00, 0x00, 0x02, 0x00,
    0x04, 0x00, 0x05, 0x00, 0x08, 0x00, 0x07, 0x00, 0xff, 0xff, 0x03, 0x00, 0x00, 0x00, 0x02, 0x00,
    0x14, 0x00, 0x09, 0x00, 0xfe, 0xff, 0x04, 0x00, 0x01, 0x00, 0x03, 0x00, 0x00, 0x00, 0x02, 0x00,
    0xfa, 0xff, 0x06, 0x00, 0x03, 0x00, 0x05, 0x00, 0xff, 0xff, 0x03, 0x00, 0x00, 0x00, 0x02, 0x00,
    0xf9, 0xff, 0x06, 0x00, 0x02, 0x00, 0x04, 0x00, 0x01, 0x00, 0x03, 0x00, 0x00, 0x00, 0x02, 0x00,
    0xfc, 0xff, 0x05, 0x00, 0xfb, 0xff, 0x06, 0x00, 0xff, 0xff, 0x03, 0x00, 0x00, 0x00, 0x02, 0x00,
    0xf2, 0xff, 0x08, 0x00, 0xfe, 0xff, 0x04, 0x00, 0x01, 0x00, 0x03, 0x00, 0x00, 0x00, 0x02, 0x00,
    0x12, 0x00, 0x09, 0x00, 0xfd, 0xff, 0x05, 0x00, 0xff, 0xff, 0x03, 0x00, 0x00, 0x00, 0x02, 0x00,
    0xf0, 0xff, 0x08, 0x00, 0x02, 0x00, 0x04, 0x00, 0x01, 0x00, 0x03, 0x00, 0x00, 0x00, 0x02, 0x00,
    0x04, 0x00, 0x05, 0x00, 0xf4, 0xff, 0x08, 0x00, 0xff, 0xff, 0x03, 0x00, 0x00, 0x00, 0x02, 0x00,
    0xf1, 0xff, 0x08, 0x00, 0xfe, 0xff, 0x04, 0x00, 0x01, 0x00, 0x03, 0x00, 0x00, 0x00, 0x02, 0x00,
    0x06, 0x00, 0x06, 0x00, 0x03, 0x00, 0x05, 0x00, 0xff, 0xff, 0x03, 0x00, 0x00, 0x00, 0x02, 0x00,
    0x07, 0x00, 0x06, 0x00, 0x02, 0x00, 0x04, 0x00, 0x01, 0x00, 0x03, 0x00, 0x00, 0x00, 0x02, 0x00,
    0xfc, 0xff, 0x05, 0x00, 0x05, 0x00, 0x06, 0x00, 0xff, 0xff, 0x03, 0x00, 0x00, 0x00, 0x02, 0x00,
    0xf6, 0xff, 0x07, 0x00, 0xfe, 0xff, 0x04, 0x00, 0x01, 0x00, 0x03, 0x00, 0x00, 0x00, 0x02, 0x00,
    0xf7, 0xff, 0x07, 0x00, 0xfd, 0xff, 0x05, 0x00, 0xff, 0xff, 0x03, 0x00, 0x00, 0x00, 0x02, 0x00,
    0xf5, 0xff, 0x07, 0x00, 0x02, 0x00, 0x04, 0x00, 0x01, 0x00, 0x03, 0x00, 0x00, 0x00, 0x02, 0x00,
    0x04, 0x00, 0x05, 0x00, 0xf8, 0xff, 0x07, 0x00, 0xff, 0xff, 0x03, 0x00, 0x00, 0x00, 0x02, 0x00,
    0x00, 0x80, 0x07, 0x00, 0xfe, 0xff, 0x04, 0x00, 0x01, 0x00, 0x03, 0x00, 0x00, 0x00, 0x02, 0x00,
    0xfa, 0xff, 0x06, 0x00, 0x03, 0x00, 0x05, 0x00, 0xff, 0xff, 0x03, 0x00, 0x00, 0x00, 0x02, 0x00,
    0xf9, 0xff, 0x06, 0x00, 0x02, 0x00, 0x04, 0x00, 0x01, 0x00, 0x03, 0x00, 0x00, 0x00, 0x02, 0x00,
    0xfc, 0xff, 0x05, 0x00, 0xfb, 0xff, 0x06, 0x00, 0xff, 0xff, 0x03, 0x00, 0x00, 0x00, 0x02, 0x00,
    0x13, 0x00, 0x09, 0x00, 0xfe, 0xff, 0x04, 0x00, 0x01, 0x00, 0x03, 0x00, 0x00, 0x00, 0x02, 0x00,
    0xf3, 0xff, 0x08, 0x00, 0xfd, 0xff, 0x05, 0x00, 0xff, 0xff, 0x03, 0x00, 0x00, 0x00, 0x02, 0x00,
    0x1d, 0x00, 0x0a, 0x00, 0x02, 0x00, 0x04, 0x00, 0x01, 0x00, 0x03, 0x00, 0x00, 0x00, 0x02, 0x00,
    0x04, 0x00, 0x05, 0x00, 0x17, 0x00, 0x0a, 0x00, 0xff, 0xff, 0x03, 0x00, 0x00, 0x00, 0x02, 0x00,
    0x1c, 0x00, 0x0a, 0x00, 0xfe, 0xff, 0x04, 0x00, 0x01, 0x00, 0x03, 0x00, 0x00, 0x00, 0x02, 0x00,
    0x06, 0x00, 0x06, 0x00, 0x03, 0x00, 0x05, 0x00, 0xff, 0xff, 0x03, 0x00, 0x00, 0x00, 0x02, 0x00,
    0x07, 0x00, 0x06, 0x00, 0x02, 0x00, 0x04, 0x00, 0x01, 0x00, 0x03, 0x00, 0x00, 0x00, 0x02, 0x00,
    0xfc, 0xff, 0x05, 0x00, 0x05, 0x00, 0x06, 0x00, 0xff, 0xff, 0x03, 0x00, 0x00, 0x00, 0x02, 0x00,
    0x0a, 0x00, 0x07, 0x00, 0xfe, 0xff, 0x04, 0x00, 0x01, 0x00, 0x03, 0x00, 0x00, 0x00, 0x02, 0x00,
    0x09, 0x00, 0x07, 0x00, 0xfd, 0xff, 0x05, 0x00, 0xff, 0xff, 0x03, 0x00, 0x00, 0x00, 0x02, 0x00,
    0x0b, 0x00, 0x07, 0x00, 0x02, 0x00, 0x04, 0x00, 0x01, 0x00, 0x03, 0x00, 0x00, 0x00, 0x02, 0x00,
    0x04, 0x00, 0x05, 0x00, 0x08, 0x00, 0x07, 0x00, 0xff, 0xff, 0x03, 0x00, 0x00, 0x00, 0x02, 0x00,
    0x1b, 0x00, 0x0a, 0x00, 0xfe, 0xff, 0x04, 0x00, 0x01, 0x00, 0x03, 0x00, 0x00, 0x00, 0x02, 0x00,
    0xfa, 0xff, 0x06, 0x00, 0x03, 0x00, 0x05, 0x00, 0xff, 0xff, 0x03, 0x00, 0x00, 0x00, 0x02, 0x00,
    0xf9, 0xff, 0x06, 0x00, 0x02, 0x00, 0x04, 0x00, 0x01, 0x00, 0x03, 0x00, 0x00, 0x00, 0x02, 0x00,
    0xfc, 0xff, 0x05, 0x00, 0xfb, 0xff, 0x06, 0x00, 0xff, 0xff, 0x03, 0x00, 0x00, 0x00, 0x02, 0x00,
    0x0e, 0x00, 0x08, 0x00, 0xfe, 0xff, 0x04, 0x00, 0x01, 0x00, 0x03, 0x00, 0x00, 0x00, 0x02, 0x00,
    0x18, 0x00, 0x0a, 0x00, 0xfd, 0xff, 0x05, 0x00, 0xff, 0xff, 0x03, 0x00, 0x00, 0x00, 0x02, 0x00,
    0x10, 0x00, 0x08, 0x00, 0x02, 0x00, 0x04, 0x00, 0x01, 0x00, 0x03, 0x00, 0x00, 0x00, 0x02, 0x00,
    0x04, 0x00, 0x05, 0x00, 0x0c, 0x00, 0x08, 0x00, 0xff, 0xff, 0x03, 0x00, 0x00, 0x00, 0x02, 0x00,
    0x0f, 0x00, 0x08, 0x00, 0xfe, 0xff, 0x04, 0x00, 0x01, 0x00, 0x03, 0x00, 0x00, 0x00, 0x02, 0x00,
    0x06, 0x00, 0x06, 0x00, 0x03, 0x00, 0x05, 0x00, 0xff, 0xff, 0x03, 0x00, 0x00, 0x00, 0x02, 0x00,
    0x07, 0x00, 0x06, 0x00, 0x02, 0x00, 0x04, 0x00, 0x01, 0x00, 0x03, 0x00, 0x00, 0x00, 0x02, 0x00,
    0xfc, 0xff, 0x05, 0x00, 0x05, 0x00, 0x06, 0x00, 0xff, 0xff, 0x03, 0x00, 0x00, 0x00, 0x02, 0x00,
    0xf6, 0xff, 0x07, 0x00, 0xfe, 0xff, 0x04, 0x00, 0x01, 0x00, 0x03, 0x00, 0x00, 0x00, 0x02, 0x00,
    0xf7, 0xff, 0x07, 0x00, 0xfd, 0xff, 0x05, 0x00, 0xff, 0xff, 0x03, 0x00, 0x00, 0x00, 0x02, 0x00,
    0xf5, 0xff, 0x07, 0x00, 0x02, 0x00, 0x04, 0x00, 0x01, 0x00, 0x03, 0x00, 0x00, 0x00, 0x02, 0x00,
    0x04, 0x00, 0x05, 0x00, 0xf8, 0xff, 0x07, 0x00, 0xff, 0xff, 0x03, 0x00, 0x00, 0x00, 0x02, 0x00,
    0x00, 0x80, 0x07, 0x00, 0xfe, 0xff, 0x04, 0x00, 0x01, 0x00, 0x03, 0x00, 0x00, 0x00, 0x02, 0x00,
    0xfa, 0xff, 0x06, 0x00, 0x03, 0x00, 0x05, 0x00, 0xff, 0xff, 0x03, 0x00, 0x00, 0x00, 0x02, 0x00,
    0xf9, 0xff, 0x06, 0x00, 0x02, 0x00, 0x04, 0x00, 0x01, 0x00, 0x03, 0x00, 0x00, 0x00, 0x02, 0x00,
    0xfc, 0xff, 0x05, 0x00, 0xfb, 0xff, 0x06, 0x00, 0xff, 0xff, 0x03, 0x00, 0x00, 0x00, 0x02, 0x00,
    0xdf, 0xff, 0x0b, 0x00, 0xfe, 0xff, 0x04, 0x00, 0x01, 0x00, 0x03, 0x00, 0x00, 0x00, 0x02, 0x00,
    0x0d, 0x00, 0x08, 0x00, 0xfd, 0xff, 0x05, 0x00, 0xff, 0xff, 0x03, 0x00, 0x00, 0x00, 0x02, 0x00,
    0xea, 0xff, 0x09, 0x00, 0x02, 0x00, 0x04, 0x00, 0x01, 0x00, 0x03, 0x00, 0x00, 0x00, 0x02, 0x00,
    0x04, 0x00, 0x05, 0x00, 0xef, 0xff, 0x09, 0x00, 0xff, 0xff, 0x03, 0x00, 0x00, 0x00, 0x02, 0x00,
    0xeb, 0xff, 0x09, 0x00, 0xfe, 0xff, 0x04, 0x00, 0x01, 0x00, 0x03, 0x00, 0x00, 0x00, 0x02, 0x00,
    0x06, 0x00, 0x06, 0x00, 0x03, 0x00, 0x05, 0x00, 0xff, 0xff, 0x03, 0x00, 0x00, 0x00, 0x02, 0x00,
    0x07, 0x00, 0x06, 0x00, 0x02, 0x00, 0x04, 0x00, 0x01, 0x00, 0x03, 0x00, 0x00, 0x00, 0x02, 0x00,
    0xfc, 0xff, 0x05, 0x00, 0x05, 0x00, 0x06, 0x00, 0xff, 0xff, 0x03, 0x00, 0x00, 0x00, 0x02, 0x00,
    0x0a, 0x00, 0x07, 0x00, 0xfe, 0xff, 0x04, 0x00, 0x01, 0x00, 0x03, 0x00, 0x00, 0x00, 0x02, 0x00,
    0x09, 0x00, 0x07, 0x00, 0xfd, 0xff, 0x05, 0x00, 0xff, 0xff, 0x03, 0x00, 0x00, 0x00, 0x02, 0x00,
    0x0b, 0x00, 0x07, 0x00, 0x02, 0x00, 0x04, 0x00, 0x01, 0x00, 0x03, 0x00, 0x00, 0x00, 0x02, 0x00,
    0x04, 0x00, 0x05, 0x00, 0x08, 0x00, 0x07, 0x00, 0xff, 0xff, 0x03, 0x00, 0x00, 0x00, 0x02, 0x00,
    0xec, 0xff, 0x09, 0x00, 0xfe, 0xff, 0x04, 0x00, 0x01, 0x00, 0x03, 0x00, 0x00, 0x00, 0x02, 0x00,
    0xfa, 0xff, 0x06, 0x00, 0x03, 0x00, 0x05, 0x00, 0xff, 0xff, 0x03, 0x00, 0x00, 0x00, 0x02, 0x00,
    0xf9, 0xff, 0x06, 0x00, 0x02, 0x00, 0x04, 0x00, 0x01, 0x00, 0x03, 0x00, 0x00, 0x00, 0x02, 0x00,
    0xfc, 0xff, 0x05, 0x00, 0xfb, 0xff, 0x06, 0x00, 0xff, 0xff, 0x03, 0x00, 0x00, 0x00, 0x02, 0x00,
    0xf2, 0xff, 0x08, 0x00, 0xfe, 0xff, 0x04, 0x00, 0x01, 0x00, 0x03, 0x00, 0x00, 0x00, 0x02, 0x00,
    0xee, 0xff, 0x09, 0x00, 0xfd, 0xff, 0x05, 0x00, 0xff, 0xff, 0x03, 0x00, 0x00, 0x00, 0x02, 0x00,
    0xf0, 0xff, 0x08, 0x00, 0x02, 0x00, 0x04, 0x00, 0x01, 0x00, 0x03, 0x00, 0x00, 0x00, 0x02, 0x00,
    0x04, 0x00, 0x05, 0x00, 0xf4, 0xff, 0x08, 0x00, 0xff, 0xff, 0x03, 0x00, 0x00, 0x00, 0x02, 0x00,
    0xf1, 0xff, 0x08, 0x00, 0xfe, 0xff, 0x04, 0x00, 0x01, 0x00, 0x03, 0x00, 0x00, 0x00, 0x02, 0x00,
    0x06, 0x00, 0x06, 0x00, 0x03, 0x00, 0x05, 0x00, 0xff, 0xff, 0x03, 0x00, 0x00, 0x00, 0x02, 0x00,
    0x07, 0x00, 0x06, 0x00, 0x02, 0x00, 0x04, 0x00, 0x01, 0x00, 0x03, 0x00, 0x00, 0x00, 0x02, 0x00,
    0xfc, 0xff, 0x05, 0x00, 0x05, 0x00, 0x06, 0x00, 0xff, 0xff, 0x03, 0x00, 0x00, 0x00, 0x02, 0x00,
    0xf6, 0xff, 0x07, 0x00, 0xfe, 0xff, 0x04, 0x00, 0x01, 0x00, 0x03, 0x00, 0x00, 0x00, 0x02, 0x00,
    0xf7, 0xff, 0x07, 0x00, 0xfd, 0xff, 0x05, 0x00, 0xff, 0xff, 0x03, 0x00, 0x00, 0x00, 0x02, 0x00,
    0xf5, 0xff, 0x07, 0x00, 0x02, 0x00, 0x04, 0x00, 0x01, 0x00, 0x03, 0x00, 0x00, 0x00, 0x02, 0x00,
    0x04, 0x00, 0x05, 0x00, 0xf8, 0xff, 0x07, 0x00, 0xff, 0xff, 0x03, 0x00, 0x00, 0x00, 0x02, 0x00,
    0x00, 0x80, 0x07, 0x00, 0xfe, 0xff, 0x04, 0x00, 0x01, 0x00, 0x03, 0x00, 0x00, 0x00, 0x02, 0x00,
    0xfa, 0xff, 0x06, 0x00, 0x03, 0x00, 0x05, 0x00, 0xff, 0xff, 0x03, 0x00, 0x00, 0x00, 0x02, 0x00,
    0xf9, 0xff, 0x06, 0x00, 0x02, 0x00, 0x04, 0x00, 0x01, 0x00, 0x03, 0x00, 0x00, 0x00, 0x02, 0x00,
    0xfc, 0xff, 0x05, 0x00, 0xfb, 0xff, 0x06, 0x00, 0xff, 0xff, 0x03, 0x00, 0x00, 0x00, 0x02, 0x00,
    0xed, 0xff, 0x09, 0x00, 0xfe, 0xff, 0x04, 0x00, 0x01, 0x00, 0x03, 0x00, 0x00, 0x00, 0x02, 0x00,
    0xf3, 0xff, 0x08, 0x00, 0xfd, 0xff, 0x05, 0x00, 0xff, 0xff, 0x03, 0x00, 0x00, 0x00, 0x02, 0x00,
    0xe2, 0xff, 0x0a, 0x00, 0x02, 0x00, 0x04, 0x00, 0x01, 0x00, 0x03, 0x00, 0x00, 0x00, 0x02, 0x00,
    0x04, 0x00, 0x05, 0x00, 0xda, 0xff, 0x0c, 0x00, 0xff, 0xff, 0x03, 0x00, 0x00, 0x00, 0x02, 0x00,
    0xdc, 0xff, 0x0b, 0x00, 0xfe, 0xff, 0x04, 0x00, 0x01, 0x00, 0x03, 0x00, 0x00, 0x00, 0x02, 0x00,
    0x06, 0x00, 0x06, 0x00, 0x03, 0x00, 0x05, 0x00, 0xff, 0xff, 0x03, 0x00, 0x00, 0x00, 0x02, 0x00,
    0x07, 0x00, 0x06, 0x00, 0x02, 0x00, 0x04, 0x00, 0x01, 0x00, 0x03, 0x00, 0x00, 0x00, 0x02, 0x00,
    0xfc, 0xff, 0x05, 0x00, 0x05, 0x00, 0x06, 0x00, 0xff, 0xff, 0x03, 0x00, 0x00, 0x00, 0x02, 0x00,
    0x0a, 0x00, 0x07, 0x00, 0xfe, 0xff, 0x04, 0x00, 0x01, 0x00, 0x03, 0x00, 0x00, 0x00, 0x02, 0x00,
    0x09, 0x00, 0x07, 0x00, 0xfd, 0xff, 0x05, 0x00, 0xff, 0xff, 0x03, 0x00, 0x00, 0x00, 0x02, 0x00,
    0x0b, 0x00, 0x07, 0x00, 0x02, 0x00, 0x04, 0x00, 0x01, 0x00, 0x03, 0x00, 0x00, 0x00, 0x02, 0x00,
    0x04, 0x00, 0x05, 0x00, 0x08, 0x00, 0x07, 0x00, 0xff, 0xff, 0x03, 0x00, 0x00, 0x00, 0x02, 0x00,
    0xde, 0xff, 0x0b, 0x00, 0xfe, 0xff, 0x04, 0x00, 0x01, 0x00, 0x03, 0x00, 0x00, 0x00, 0x02, 0x00,
    0xfa, 0xff, 0x06, 0x00, 0x03, 0x00, 0x05, 0x00, 0xff, 0xff, 0x03, 0x00, 0x00, 0x00, 0x02, 0x00,
    0xf9, 0xff, 0x06, 0x00, 0x02, 0x00, 0x04, 0x00, 0x01, 0x00, 0x03, 0x00, 0x00, 0x00, 0x02, 0x00,
    0xfc, 0xff, 0x05, 0x00, 0xfb, 0xff, 0x06, 0x00, 0xff, 0xff, 0x03, 0x00, 0x00, 0x00, 0x02, 0x00,
    0x0e, 0x00, 0x08, 0x00, 0xfe, 0xff, 0x04, 0x00, 0x01, 0x00, 0x03, 0x00, 0x00, 0x00, 0x02, 0x00,
    0xe7, 0xff, 0x0a, 0x00, 0xfd, 0xff, 0x05, 0x00, 0xff, 0xff, 0x03, 0x00, 0x00, 0x00, 0x02, 0x00,
    0x10, 0x00, 0x08, 0x00, 0x02, 0x00, 0x04, 0x00, 0x01, 0x00, 0x03, 0x00, 0x00, 0x00, 0x02, 0x00,
    0x04, 0x00, 0x05, 0x00, 0x0c, 0x00, 0x08, 0x00, 0xff, 0xff, 0x03, 0x00, 0x00, 0x00, 0x02, 0x00,
    0x0f, 0x00, 0x08, 0x00, 0xfe, 0xff, 0x04, 0x00, 0x01, 0x00, 0x03, 0x00, 0x00, 0x00, 0x02, 0x00,
    0x06, 0x00, 0x06, 0x00, 0x03, 0x00, 0x05, 0x00, 0xff, 0xff, 0x03, 0x00, 0x00, 0x00, 0x02, 0x00,
    0x07, 0x00, 0x06, 0x00, 0x02, 0x00, 0x04, 0x00, 0x01, 0x00, 0x03, 0x00, 0x00, 0x00, 0x02, 0x00,
    0xfc, 0xff, 0x05, 0x00, 0x05, 0x00, 0x06, 0x00, 0xff, 0xff, 0x03, 0x00, 0x00, 0x00, 0x02, 0x00,
    0xf6, 0xff, 0x07, 0x00, 0xfe, 0xff, 0x04, 0x00, 0x01, 0x00, 0x03, 0x00, 0x00, 0x00, 0x02, 0x00,
    0xf7, 0xff, 0x07, 0x00, 0xfd, 0xff, 0x05, 0x00, 0xff, 0xff, 0x03, 0x00, 0x00, 0x00, 0x02, 0x00,
    0xf5, 0xff, 0x07, 0x00, 0x02, 0x00, 0x04, 0x00, 0x01, 0x00, 0x03, 0x00, 0x00, 0x00, 0x02, 0x00,
    0x04, 0x00, 0x05, 0x00, 0xf8, 0xff, 0x07, 0x00, 0xff, 0xff, 0x03, 0x00, 0x00, 0x00, 0x02, 0x00,
    0x00, 0x80, 0x07, 0x00, 0xfe, 0xff, 0x04, 0x00, 0x01, 0x00, 0x03, 0x00, 0x00, 0x00, 0x02, 0x00,
    0xfa, 0xff, 0x06, 0x00, 0x03, 0x00, 0x05, 0x00, 0xff, 0xff, 0x03, 0x00, 0x00, 0x00, 0x02, 0x00,
    0xf9, 0xff, 0x06, 0x00, 0x02, 0x00, 0x04, 0x00, 0x01, 0x00, 0x03, 0x00, 0x00, 0x00, 0x02, 0x00,
    0xfc, 0xff, 0x05, 0x00, 0xfb, 0xff, 0x06, 0x00, 0xff, 0xff, 0x03, 0x00, 0x00, 0x00, 0x02, 0x00,
    0xe6, 0xff, 0x0a, 0x00, 0xfe, 0xff, 0x04, 0x00, 0x01, 0x00, 0x03, 0x00, 0x00, 0x00, 0x02, 0x00,
    0x0d, 0x00, 0x08, 0x00, 0xfd, 0xff, 0x05, 0x00, 0xff, 0xff, 0x03, 0x00, 0x00, 0x00, 0x02, 0x00,
    0x16, 0x00, 0x09, 0x00, 0x02, 0x00, 0x04, 0x00, 0x01, 0x00, 0x03, 0x00, 0x00, 0x00, 0x02, 0x00,
    0x04, 0x00, 0x05, 0x00, 0x11, 0x00, 0x09, 0x00, 0xff, 0xff, 0x03, 0x00, 0x00, 0x00, 0x02, 0x00,
    0x15, 0x00, 0x09, 0x00, 0xfe, 0xff, 0x04, 0x00, 0x01, 0x00, 0x03, 0x00, 0x00, 0x00, 0x02, 0x00,
    0x06, 0x00, 0x06, 0x00, 0x03, 0x00, 0x05, 0x00, 0xff, 0xff, 0x03, 0x00, 0x00, 0x00, 0x02, 0x00,
    0x07, 0x00, 0x06, 0x00, 0x02, 0x00, 0x04, 0x00, 0x01, 0x00, 0x03, 0x00, 0x00, 0x00, 0x02, 0x00,
    0xfc, 0xff, 0x05, 0x00, 0x05, 0x00, 0x06, 0x00, 0xff, 0xff, 0x03, 0x00, 0x00, 0x00, 0x02, 0x00,
    0x0a, 0x00, 0x07, 0x00, 0xfe, 0xff, 0x04, 0x00, 0x01, 0x00, 0x03, 0x00, 0x00, 0x00, 0x02, 0x00,
    0x09, 0x00, 0x07, 0x00, 0xfd, 0xff, 0x05, 0x00, 0xff, 0xff, 0x03, 0x00, 0x00, 0x00, 0x02, 0x00,
    0x0b, 0x00, 0x07, 0x00, 0x02, 0x00, 0x04, 0x00, 0x01, 0x00, 0x03, 0x00, 0x00, 0x00, 0x02, 0x00,
    0x04, 0x00, 0x05, 0x00, 0x08, 0x00, 0x07, 0x00, 0xff, 0xff, 0x03, 0x00, 0x00, 0x00, 0x02, 0x00,
    0x14, 0x00, 0x09, 0x00, 0xfe, 0xff, 0x04, 0x00, 0x01, 0x00, 0x03, 0x00, 0x00, 0x00, 0x02, 0x00,
    0xfa, 0xff, 0x06, 0x00, 0x03, 0x00, 0x05, 0x00, 0xff, 0xff, 0x03, 0x00, 0x00, 0x00, 0x02, 0x00,
    0xf9, 0xff, 0x06, 0x00, 0x02, 0x00, 0x04, 0x00, 0x01, 0x00, 0x03, 0x00, 0x00, 0x00, 0x02, 0x00,
    0xfc, 0xff, 0x05, 0x00, 0xfb, 0xff, 0x06, 0x00, 0xff, 0xff, 0x03, 0x00, 0x00, 0x00, 0x02, 0x00,
    0xf2, 0xff, 0x08, 0x00, 0xfe, 0xff, 0x04, 0x00, 0x01, 0x00, 0x03, 0x00, 0x00, 0x00, 0x02, 0x00,
    0x12, 0x00, 0x09, 0x00, 0xfd, 0xff, 0x05, 0x00, 0xff, 0xff, 0x03, 0x00, 0x00, 0x00, 0x02, 0x00,
    0xf0, 0xff, 0x08, 0x00, 0x02, 0x00, 0x04, 0x00, 0x01, 0x00, 0x03, 0x00, 0x00, 0x00, 0x02, 0x00,
    0x04, 0x00, 0x05, 0x00, 0xf4, 0xff, 0x08, 0x00, 0xff, 0xff, 0x03, 0x00, 0x00, 0x00, 0x02, 0x00,
    0xf1, 0xff, 0x08, 0x00, 0xfe, 0xff, 0x04, 0x00, 0x01, 0x00, 0x03, 0x00, 0x00, 0x00, 0x02, 0x00,
    0x06, 0x00, 0x06, 0x00, 0x03, 0x00, 0x05, 0x00, 0xff, 0xff, 0x03, 0x00, 0x00, 0x00, 0x02, 0x00,
    0x07, 0x00, 0x06, 0x00, 0x02, 0x00, 0x04, 0x00, 0x01, 0x00, 0x03, 0x00, 0x00, 0x00, 0x02, 0x00,
    0xfc, 0xff, 0x05, 0x00, 0x05, 0x00, 0x06, 0x00, 0xff, 0xff, 0x03, 0x00, 0x00, 0x00, 0x02, 0x00,
    0xf6, 0xff, 0x07, 0x00, 0xfe, 0xff, 0x04, 0x00, 0x01, 0x00, 0x03, 0x00, 0x00, 0x00, 0x02, 0x00,
    0xf7, 0xff, 0x07, 0x00, 0xfd, 0xff, 0x05, 0x00, 0xff, 0xff, 0x03, 0x00, 0x00, 0x00, 0x02, 0x00,
    0xf5, 0xff, 0x07, 0x00, 0x02, 0x00, 0x04, 0x00, 0x01, 0x00, 0x03, 0x00, 0x00, 0x00, 0x02, 0x00,
    0x04, 0x00, 0x05, 0x00, 0xf8, 0xff, 0x07, 0x00, 0xff, 0xff, 0x03, 0x00, 0x00, 0x00, 0x02, 0x00,
    0x00, 0x80, 0x07, 0x00, 0xfe, 0xff, 0x04, 0x00, 0x01, 0x00, 0x03, 0x00, 0x00, 0x00, 0x02, 0x00,
    0xfa, 0xff, 0x06, 0x00, 0x03, 0x00, 0x05, 0x00, 0xff, 0xff, 0x03, 0x00, 0x00, 0x00, 0x02, 0x00,
    0xf9, 0xff, 0x06, 0x00, 0x02, 0x00, 0x04, 0x00, 0x01, 0x00, 0x03, 0x00, 0x00, 0x00, 0x02, 0x00,
    0xfc, 0xff, 0x05, 0x00, 0xfb, 0xff, 0x06, 0x00, 0xff, 0xff, 0x03, 0x00, 0x00, 0x00, 0x02, 0x00,
    0x13, 0x00, 0x09, 0x00, 0xfe, 0xff, 0x04, 0x00, 0x01, 0x00, 0x03, 0x00, 0x00, 0x00, 0x02, 0x00,
    0xf3, 0xff, 0x08, 0x00, 0xfd, 0xff, 0x05, 0x00, 0xff, 0xff, 0x03, 0x00, 0x00, 0x00, 0x02, 0x00,
    0xe3, 0xff, 0x0a, 0x00, 0x02, 0x00, 0x04, 0x00, 0x01, 0x00, 0x03, 0x00, 0x00, 0x00, 0x02, 0x00,
    0x04, 0x00, 0x05, 0x00, 0xe9, 0xff, 0x0a, 0x00, 0xff, 0xff, 0x03, 0x00, 0x00, 0x00, 0x02, 0x00,
    0xe4, 0xff, 0x0a, 0x00, 0xfe, 0xff, 0x04, 0x00, 0x01, 0x00, 0x03, 0x00, 0x00, 0x00, 0x02, 0x00,
    0x06, 0x00, 0x06, 0x00, 0x03, 0x00, 0x05, 0x00, 0xff, 0xff, 0x03, 0x00, 0x00, 0x00, 0x02, 0x00,
    0x07, 0x00, 0x06, 0x00, 0x02, 0x00, 0x04, 0x00, 0x01, 0x00, 0x03, 0x00, 0x00, 0x00, 0x02, 0x00,
    0xfc, 0xff, 0x05, 0x00, 0x05, 0x00, 0x06, 0x00, 0xff, 0xff, 0x03, 0x00, 0x00, 0x00, 0x02, 0x00,
    0x0a, 0x00, 0x07, 0x00, 0xfe, 0xff, 0x04, 0x00, 0x01, 0x00, 0x03, 0x00, 0x00, 0x00, 0x02, 0x00,
    0x09, 0x00, 0x07, 0x00, 0xfd, 0xff, 0x05, 0x00, 0xff, 0xff, 0x03, 0x00, 0x00, 0x00, 0x02, 0x00,
    0x0b, 0x00, 0x07, 0x00, 0x02, 0x00, 0x04, 0x00, 0x01, 0x00, 0x03, 0x00, 0x00, 0x00, 0x02, 0x00,
    0x04, 0x00, 0x05, 0x00, 0x08, 0x00, 0x07, 0x00, 0xff, 0xff, 0x03, 0x00, 0x00, 0x00, 0x02, 0x00,
    0xe5, 0xff, 0x0a, 0x00, 0xfe, 0xff, 0x04, 0x00, 0x01, 0x00, 0x03, 0x00, 0x00, 0x00, 0x02, 0x00,
    0xfa, 0xff, 0x06, 0x00, 0x03, 0x00, 0x05, 0x00, 0xff, 0xff, 0x03, 0x00, 0x00, 0x00, 0x02, 0x00,
    0xf9, 0xff, 0x06, 0x00, 0x02, 0x00, 0x04, 0x00, 0x01, 0x00, 0x03, 0x00, 0x00, 0x00, 0x02, 0x00,
    0xfc, 0xff, 0x05, 0x00, 0xfb, 0xff, 0x06, 0x00, 0xff, 0xff, 0x03, 0x00, 0x00, 0x00, 0x02, 0x00,
    0x0e, 0x00, 0x08, 0x00, 0xfe, 0xff, 0x04, 0x00, 0x01, 0x00, 0x03, 0x00, 0x00, 0x00, 0x02, 0x00,
    0xe8, 0xff, 0x0a, 0x00, 0xfd, 0xff, 0x05, 0x00, 0xff, 0xff, 0x03, 0x00, 0x00, 0x00, 0x02, 0x00,
    0x10, 0x00, 0x08, 0x00, 0x02, 0x00, 0x04, 0x00, 0x01, 0x00, 0x03, 0x00, 0x00, 0x00, 0x02, 0x00,
    0x04, 0x00, 0x05, 0x00, 0x0c, 0x00, 0x08, 0x00, 0xff, 0xff, 0x03, 0x00, 0x00, 0x00, 0x02, 0x00,
    0x0f, 0x00, 0x08, 0x00, 0xfe, 0xff, 0x04, 0x00, 0x01, 0x00, 0x03, 0x00, 0x00, 0x00, 0x02, 0x00,
    0x06, 0x00, 0x06, 0x00, 0x03, 0x00, 0x05, 0x00, 0xff, 0xff, 0x03, 0x00, 0x00, 0x00, 0x02, 0x00,
    0x07, 0x00, 0x06, 0x00, 0x02, 0x00, 0x04, 0x00, 0x01, 0x00, 0x03, 0x00, 0x00, 0x00, 0x02, 0x00,
    0xfc, 0xff, 0x05, 0x00, 0x05, 0x00, 0x06, 0x00, 0xff, 0xff, 0x03, 0x00, 0x00, 0x00, 0x02, 0x00,
    0xf6, 0xff, 0x07, 0x00, 0xfe, 0xff, 0x04, 0x00, 0x01, 0x00, 0x03, 0x00, 0x00, 0x00, 0x02, 0x00,
    0xf7, 0xff, 0x07, 0x00, 0xfd, 0xff, 0x05, 0x00, 0xff, 0xff, 0x03, 0x00, 0x00, 0x00, 0x02, 0x00,
    0xf5, 0xff, 0x07, 0x00, 0x02, 0x00, 0x04, 0x00, 0x01, 0x00, 0x03, 0x00, 0x00, 0x00, 0x02, 0x00,
    0x04, 0x00, 0x05, 0x00, 0xf8, 0xff, 0x07, 0x00, 0xff, 0xff, 0x03, 0x00, 0x00, 0x00, 0x02, 0x00,
    0x00, 0x80, 0x07, 0x00, 0xfe, 0xff, 0x04, 0x00, 0x01, 0x00, 0x03, 0x00, 0x00, 0x00, 0x02, 0x00,
    0xfa, 0xff, 0x06, 0x00, 0x03, 0x00, 0x05, 0x00, 0xff, 0xff, 0x03, 0x00, 0x00, 0x00, 0x02, 0x00,
    0xf9, 0xff, 0x06, 0x00, 0x02, 0x00, 0x04, 0x00, 0x01, 0x00, 0x03, 0x00, 0x00, 0x00, 0x02, 0x00,
    0xfc, 0xff, 0x05, 0x00, 0xfb, 0xff, 0x06, 0x00, 0xff, 0xff, 0x03, 0x00, 0x00, 0x00, 0x02, 0x00,
    0xe0, 0xff, 0x0b, 0x00, 0xfe, 0xff, 0x04, 0x00, 0x01, 0x00, 0x03, 0x00, 0x00, 0x00, 0x02, 0x00,
    0x0d, 0x00, 0x08, 0x00, 0xfd, 0xff, 0x05, 0x00, 0xff, 0xff, 0x03, 0x00, 0x00, 0x00, 0x02, 0x00,
    0xea, 0xff, 0x09, 0x00, 0x02, 0x00, 0x04, 0x00, 0x01, 0x00, 0x03, 0x00, 0x00, 0x00, 0x02, 0x00,
    0x04, 0x00, 0x05, 0x00, 0xef, 0xff, 0x09, 0x00, 0xff, 0xff, 0x03, 0x00, 0x00, 0x00, 0x02, 0x00,
    0xeb, 0xff, 0x09, 0x00, 0xfe, 0xff, 0x04, 0x00, 0x01, 0x00, 0x03, 0x00, 0x00, 0x00, 0x02, 0x00,
    0x06, 0x00, 0x06, 0x00, 0x03, 0x00, 0x05, 0x00, 0xff, 0xff, 0x03, 0x00, 0x00, 0x00, 0x02, 0x00,
    0x07, 0x00, 0x06, 0x00, 0x02, 0x00, 0x04, 0x00, 0x01, 0x00, 0x03, 0x00, 0x00, 0x00, 0x02, 0x00,
    0xfc, 0xff, 0x05, 0x00, 0x05, 0x00, 0x06, 0x00, 0xff, 0xff, 0x03, 0x00, 0x00, 0x00, 0x02, 0x00,
    0x0a, 0x00, 0x07, 0x00, 0xfe, 0xff, 0x04, 0x00, 0x01, 0x00, 0x03, 0x00, 0x00, 0x00, 0x02, 0x00,
    0x09, 0x00, 0x07, 0x00, 0xfd, 0xff, 0x05, 0x00, 0xff, 0xff, 0x03, 0x00, 0x00, 0x00, 0x02, 0x00,
    0x0b, 0x00, 0x07, 0x00, 0x02, 0x00, 0x04, 0x00, 0x01, 0x00, 0x03, 0x00, 0x00, 0x00, 0x02, 0x00,
    0x04, 0x00, 0x05, 0x00, 0x08, 0x00, 0x07, 0x00, 0xff, 0xff, 0x03, 0x00, 0x00, 0x00, 0x02, 0x00,
    0xec, 0xff, 0x09, 0x00, 0xfe, 0xff, 0x04, 0x00, 0x01, 0x00, 0x03, 0x00, 0x00, 0x00, 0x02, 0x00,
    0xfa, 0xff, 0x06, 0x00, 0x03, 0x00, 0x05, 0x00, 0xff, 0xff, 0x03, 0x00, 0x00, 0x00, 0x02, 0x00,
    0xf9, 0xff, 0x06, 0x00, 0x02, 0x00, 0x04, 0x00, 0x01, 0x00, 0x03, 0x00, 0x00, 0x00, 0x02, 0x00,
    0xfc, 0xff, 0x05, 0x00, 0xfb, 0xff, 0x06, 0x00, 0xff, 0xff, 0x03, 0x00, 0x00, 0x00, 0x02, 0x00,
    0xf2, 0xff, 0x08, 0x00, 0xfe, 0xff, 0x04, 0x00, 0x01, 0x00, 0x03, 0x00, 0x00, 0x00, 0x02, 0x00,
    0xee, 0xff, 0x09, 0x00, 0xfd, 0xff, 0x05, 0x00, 0xff, 0xff, 0x03, 0x00, 0x00, 0x00, 0x02, 0x00,
    0xf0, 0xff, 0x08, 0x00, 0x02, 0x00, 0x04, 0x00, 0x01, 0x00, 0x03, 0x00, 0x00, 0x00, 0x02, 0x00,
    0x04, 0x00, 0x05, 0x00, 0xf4, 0xff, 0x08, 0x00, 0xff, 0xff, 0x03, 0x00, 0x00, 0x00, 0x02, 0x00,
    0xf1, 0xff, 0x08, 0x00, 0xfe, 0xff, 0x04, 0x00, 0x01, 0x00, 0x03, 0x00, 0x00, 0x00, 0x02, 0x00,
    0x06, 0x00, 0x06, 0x00, 0x03, 0x00, 0x05, 0x00, 0xff, 0xff, 0x03, 0x00, 0x00, 0x00, 0x02, 0x00,
    0x07, 0x00, 0x06, 0x00, 0x02, 0x00, 0x04, 0x00, 0x01, 0x00, 0x03, 0x00, 0x00, 0x00, 0x02, 0x00,
    0xfc, 0xff, 0x05, 0x00, 0x05, 0x00, 0x06, 0x00, 0xff, 0xff, 0x03, 0x00, 0x00, 0x00, 0x02, 0x00,
    0xf6, 0xff, 0x07, 0x00, 0xfe, 0xff, 0x04, 0x00, 0x01, 0x00, 0x03, 0x00, 0x00, 0x00, 0x02, 0x00,
    0xf7, 0xff, 0x07, 0x00, 0xfd, 0xff, 0x05, 0x00, 0xff, 0xff, 0x03, 0x00, 0x00, 0x00, 0x02, 0x00,
    0xf5, 0xff, 0x07, 0x00, 0x02, 0x00, 0x04, 0x00, 0x01, 0x00, 0x03, 0x00, 0x00, 0x00, 0x02, 0x00,
    0x04, 0x00, 0x05, 0x00, 0xf8, 0xff, 0x07, 0x00, 0xff, 0xff, 0x03, 0x00, 0x00, 0x00, 0x02, 0x00,
    0x00, 0x80, 0x07, 0x00, 0xfe, 0xff, 0x04, 0x00, 0x01, 0x00, 0x03, 0x00, 0x00, 0x00, 0x02, 0x00,
    0xfa, 0xff, 0x06, 0x00, 0x03, 0x00, 0x05, 0x00, 0xff, 0xff, 0x03, 0x00, 0x00, 0x00, 0x02, 0x00,
    0xf9, 0xff, 0x06, 0x00, 0x02, 0x00, 0x04, 0x00, 0x01, 0x00, 0x03, 0x00, 0x00, 0x00, 0x02, 0x00,
    0xfc, 0xff, 0x05, 0x00, 0xfb, 0xff, 0x06, 0x00, 0xff, 0xff, 0x03, 0x00, 0x00, 0x00, 0x02, 0x00,
    0xed, 0xff, 0x09, 0x00, 0xfe, 0xff, 0x04, 0x00, 0x01, 0x00, 0x03, 0x00, 0x00, 0x00, 0x02, 0x00,
    0xf3, 0xff, 0x08, 0x00, 0xfd, 0xff, 0x05, 0x00, 0xff, 0xff, 0x03, 0x00, 0x00, 0x00, 0x02, 0x00
};

const unsigned char _rd_waveletDecodeBlue[16384] __asm__("waveletDecodeBlue") = {
    0x0c, 0x00, 0x06, 0x00, 0x00, 0x00, 0x03, 0x00, 0x0a, 0x00, 0x06, 0x00, 0x07, 0x00, 0x06, 0x00,
    0x04, 0x00, 0x05, 0x00, 0x02, 0x00, 0x05, 0x00, 0x09, 0x00, 0x06, 0x00, 0x01, 0x00, 0x05, 0x00,
    0x22, 0x00, 0x08, 0x00, 0x00, 0x00, 0x03, 0x00, 0x03, 0x00, 0x05, 0x00, 0x06, 0x00, 0x06, 0x00,
    0x2f, 0x00, 0x09, 0x00, 0x1c, 0x00, 0x08, 0x00, 0x1d, 0x00, 0x08, 0x00, 0x0d, 0x00, 0x07, 0x00,
    0x41, 0x00, 0x0a, 0x00, 0x00, 0x00, 0x03, 0x00, 0x13, 0x00, 0x07, 0x00, 0x1a, 0x00, 0x08, 0x00,
    0xfc, 0xff, 0x05, 0x00, 0xfe, 0xff, 0x05, 0x00, 0x12, 0x00, 0x07, 0x00, 0xff, 0xff, 0x05, 0x00,
    0x0b, 0x00, 0x06, 0x00, 0x00, 0x00, 0x03, 0x00, 0xfd, 0xff, 0x05, 0x00, 0x0e, 0x00, 0x07, 0x00,
    0x2e, 0x00, 0x09, 0x00, 0x1b, 0x00, 0x08, 0x00, 0x08, 0x00, 0x06, 0x00, 0x05, 0x00, 0x06, 0x00,
    0xf4, 0xff, 0x06, 0x00, 0x00, 0x00, 0x03, 0x00, 0xf6, 0xff, 0x06, 0x00, 0xf9, 0xff, 0x06, 0x00,
    0x04, 0x00, 0x05, 0x00, 0x02, 0x00, 0x05, 0x00, 0xf7, 0xff, 0x06, 0x00, 0x01, 0x00, 0x05, 0x00,
    0x15, 0x00, 0x07, 0x00, 0x00, 0x00, 0x03, 0x00, 0x03, 0x00, 0x05, 0x00, 0xfa, 0xff, 0x06, 0x00,
    0x14, 0x00, 0x07, 0x00, 0x10, 0x00, 0x07, 0x00, 0x11, 0x00, 0x07, 0x00, 0x17, 0x00, 0x08, 0x00,
    0x16, 0x00, 0x07, 0x00, 0x00, 0x00, 0x03, 0x00, 0x2d, 0x00, 0x09, 0x00, 0x19, 0x00, 0x08, 0x00,
    0xfc, 0xff, 0x05, 0x00, 0xfe, 0xff, 0x05, 0x00, 0x2c, 0x00, 0x09, 0x00, 0xff, 0xff, 0x05, 0x00,
    0xf5, 0xff, 0x06, 0x00, 0x00, 0x00, 0x03, 0x00, 0xfd, 0xff, 0x05, 0x00, 0x18, 0x00, 0x08, 0x00,
    0x00, 0x80, 0x06, 0x00, 0x0f, 0x00, 0x07, 0x00, 0xf8, 0xff, 0x06, 0x00, 0xfb, 0xff, 0x06, 0x00,
    0x0c, 0x00, 0x06, 0x00, 0x00, 0x00, 0x03, 0x00, 0x0a, 0x00, 0x06, 0x00, 0x07, 0x00, 0x06, 0x00,
    0x04, 0x00, 0x05, 0x00, 0x02, 0x00, 0x05, 0x00, 0x09, 0x00, 0x06, 0x00, 0x01, 0x00, 0x05, 0x00,
    0x21, 0x00, 0x08, 0x00, 0x00, 0x00, 0x03, 0x00, 0x03, 0x00, 0x05, 0x00, 0x06, 0x00, 0x06, 0x00,
    0x20, 0x00, 0x08, 0x00, 0x38, 0x00, 0x0a, 0x00, 0x39, 0x00, 0x0a, 0x00, 0xf3, 0xff, 0x07, 0x00,
    0x30, 0x00, 0x09, 0x00, 0x00, 0x00, 0x03, 0x00, 0xed, 0xff, 0x07, 0x00, 0x46, 0x00, 0x0b, 0x00,
    0xfc, 0xff, 0x05, 0x00, 0xfe, 0xff, 0x05, 0x00, 0xee, 0xff, 0x07, 0x00, 0xff, 0xff, 0x05, 0x00,
    0x0b, 0x00, 0x06, 0x00, 0x00, 0x00, 0x03, 0x00, 0xfd, 0xff, 0x05, 0x00, 0xf2, 0xff, 0x07, 0x00,
    0x1f, 0x00, 0x08, 0x00, 0x37, 0x00, 0x0a, 0x00, 0x08, 0x00, 0x06, 0x00, 0x05, 0x00, 0x06, 0x00,
    0xf4, 0xff, 0x06, 0x00, 0x00, 0x00, 0x03, 0x00, 0xf6, 0xff, 0x06, 0x00, 0xf9, 0xff, 0x06, 0x00,
    0x04, 0x00, 0x05, 0x00, 0x02, 0x00, 0x05, 0x00, 0xf7, 0xff, 0x06, 0x00, 0x01, 0x00, 0x05, 0x00,
    0xeb, 0xff, 0x07, 0x00, 0x00, 0x00, 0x03, 0x00, 0x03, 0x00, 0x05, 0x00, 0xfa, 0xff, 0x06, 0x00,
    0xec, 0xff, 0x07, 0x00, 0xf0, 0xff, 0x07, 0x00, 0xef, 0xff, 0x07, 0x00, 0x42, 0x00, 0x0b, 0x00,
    0xea, 0xff, 0x07, 0x00, 0x00, 0x00, 0x03, 0x00, 0x1e, 0x00, 0x08, 0x00, 0x45, 0x00, 0x0b, 0x00,
    0xfc, 0xff, 0x05, 0x00, 0xfe, 0xff, 0x05, 0x00, 0x2b, 0x00, 0x09, 0x00, 0xff, 0xff, 0x05, 0x00,
    0xf5, 0xff, 0x06, 0x00, 0x00, 0x00, 0x03, 0x00, 0xfd, 0xff, 0x05, 0x00, 0x25, 0x00, 0x09, 0x00,
    0x00, 0x80, 0x06, 0x00, 0xf1, 0xff, 0x07, 0x00, 0xf8, 0xff, 0x06, 0x00, 0xfb, 0xff, 0x06, 0x00,
    0x0c, 0x00, 0x06, 0x00, 0x00, 0x00, 0x03, 0x00, 0x0a, 0x00, 0x06, 0x00, 0x07, 0x00, 0x06, 0x00,
    0x04, 0x00, 0x05, 0x00, 0x02, 0x00, 0x05, 0x00, 0x09, 0x00, 0x06, 0x00, 0x01, 0x00, 0x05, 0x00,
    0xde, 0xff, 0x08, 0x00, 0x00, 0x00, 0x03, 0x00, 0x03, 0x00, 0x05, 0x00, 0x06, 0x00, 0x06, 0x00,
    0x3e, 0x00, 0x0a, 0x00, 0xe4, 0xff, 0x08, 0x00, 0xe3, 0xff, 0x08, 0x00, 0x0d, 0x00, 0x07, 0x00,
    0x31, 0x00, 0x09, 0x00, 0x00, 0x00, 0x03, 0x00, 0x13, 0x00, 0x07, 0x00, 0xe6, 0xff, 0x08, 0x00,
    0xfc, 0xff, 0x05, 0x00, 0xfe, 0xff, 0x05, 0x00, 0x12, 0x00, 0x07, 0x00, 0xff, 0xff, 0x05, 0x00,
    0x0b, 0x00, 0x06, 0x00, 0x00, 0x00, 0x03, 0x00, 0xfd, 0xff, 0x05, 0x00, 0x0e, 0x00, 0x07, 0x00,
    0x3d, 0x00, 0x0a, 0x00, 0xe5, 0xff, 0x08, 0x00, 0x08, 0x00, 0x06, 0x00, 0x05, 0x00, 0x06, 0x00,
    0xf4, 0xff, 0x06, 0x00, 0x00, 0x00, 0x03, 0x00, 0xf6, 0xff, 0x06, 0x00, 0xf9, 0xff, 0x06, 0x00,
    0x04, 0x00, 0x05, 0x00, 0x02, 0x00, 0x05, 0x00, 0xf7, 0xff, 0x06, 0x00, 0x01, 0x00, 0x05, 0x00,
    0x15, 0x00, 0x07, 0x00, 0x00, 0x00, 0x03, 0x00, 0x03, 0x00, 0x05, 0x00, 0xfa, 0xff, 0x06, 0x00,
    0x14, 0x00, 0x07, 0x00, 0x10, 0x00, 0x07, 0x00, 0x11, 0x00, 0x07, 0x00, 0xe9, 0xff, 0x08, 0x00,
    0x16, 0x00, 0x07, 0x00, 0x00, 0x00, 0x03, 0x00, 0x4d, 0x00, 0x0b, 0x00, 0xe7, 0xff, 0x08, 0x00,
    0xfc, 0xff, 0x05, 0x00, 0xfe, 0xff, 0x05, 0x00, 0x4b, 0x00, 0x0b, 0x00, 0xff, 0xff, 0x05, 0x00,
    0xf5, 0xff, 0x06, 0x00, 0x00, 0x00, 0x03, 0x00, 0xfd, 0xff, 0x05, 0x00, 0xe8, 0xff, 0x08, 0x00,
    0x00, 0x80, 0x06, 0x00, 0x0f, 0x00, 0x07, 0x00, 0xf8, 0xff, 0x06, 0x00, 0xfb, 0xff, 0x06, 0x00,
    0x0c, 0x00, 0x06, 0x00, 0x00, 0x00, 0x03, 0x00, 0x0a, 0x00, 0x06, 0x00, 0x07, 0x00, 0x06, 0x00,
    0x04, 0x00, 0x05, 0x00, 0x02, 0x00, 0x05, 0x00, 0x09, 0x00, 0x06, 0x00, 0x01, 0x00, 0x05, 0x00,
    0xdf, 0xff, 0x08, 0x00, 0x00, 0x00, 0x03, 0x00, 0x03, 0x00, 0x05, 0x00, 0x06, 0x00, 0x06, 0x00,
    0xe0, 0xff, 0x08, 0x00, 0x28, 0x00, 0x09, 0x00, 0x29, 0x00, 0x09, 0x00, 0xf3, 0xff, 0x07, 0x00,
    0x51, 0x00, 0x0b, 0x00, 0x00, 0x00, 0x03, 0x00, 0xed, 0xff, 0x07, 0x00, 0x26, 0x00, 0x09, 0x00,
    0xfc, 0xff, 0x05, 0x00, 0xfe, 0xff, 0x05, 0x00, 0xee, 0xff, 0x07, 0x00, 0xff, 0xff, 0x05, 0x00,
    0x0b, 0x00, 0x06, 0x00, 0x00, 0x00, 0x03, 0x00, 0xfd, 0xff, 0x05, 0x00, 0xf2, 0xff, 0x07, 0x00,
    0xe1, 0xff, 0x08, 0x00, 0x27, 0x00, 0x09, 0x00, 0x08, 0x00, 0x06, 0x00, 0x05, 0x00, 0x06, 0x00,
    0xf4, 0xff, 0x06, 0x00, 0x00, 0x00, 0x03, 0x00, 0xf6, 0xff, 0x06, 0x00, 0xf9, 0xff, 0x06, 0x00,
    0x04, 0x00, 0x05, 0x00, 0x02, 0x00, 0x05, 0x00, 0xf7, 0xff, 0x06, 0x00, 0x01, 0x00, 0x05, 0x00,
    0xeb, 0xff, 0x07, 0x00, 0x00, 0x00, 0x03, 0x00, 0x03, 0x00, 0x05, 0x00, 0xfa, 0xff, 0x06, 0x00,
    0xec, 0xff, 0x07, 0x00, 0xf0, 0xff, 0x07, 0x00, 0xef, 0xff, 0x07, 0x00, 0x23, 0x00, 0x09, 0x00,
    0xea, 0xff, 0x07, 0x00, 0x00, 0x00, 0x03, 0x00, 0xe2, 0xff, 0x08, 0x00, 0x55, 0x00, 0x0c, 0x00,
    0xfc, 0xff, 0x05, 0x00, 0xfe, 0xff, 0x05, 0x00, 0x2a, 0x00, 0x09, 0x00, 0xff, 0xff, 0x05, 0x00,
    0xf5, 0xff, 0x06, 0x00, 0x00, 0x00, 0x03, 0x00, 0xfd, 0xff, 0x05, 0x00, 0x24, 0x00, 0x09, 0x00,
    0x00, 0x80, 0x06, 0x00, 0xf1, 0xff, 0x07, 0x00, 0xf8, 0xff, 0x06, 0x00, 0xfb, 0xff, 0x06, 0x00,
    0x0c, 0x00, 0x06, 0x00, 0x00, 0x00, 0x03, 0x00, 0x0a, 0x00, 0x06, 0x00, 0x07, 0x00, 0x06, 0x00,
    0x04, 0x00, 0x05, 0x00, 0x02, 0x00, 0x05, 0x00, 0x09, 0x00, 0x06, 0x00, 0x01, 0x00, 0x05, 0x00,
    0x22, 0x00, 0x08, 0x00, 0x00, 0x00, 0x03, 0x00, 0x03, 0x00, 0x05, 0x00, 0x06, 0x00, 0x06, 0x00,
    0xd1, 0xff, 0x09, 0x00, 0x1c, 0x00, 0x08, 0x00, 0x1d, 0x00, 0x08, 0x00, 0x0d, 0x00, 0x07, 0x00,
    0x40, 0x00, 0x0a, 0x00, 0x00, 0x00, 0x03, 0x00, 0x13, 0x00, 0x07, 0x00, 0x1a, 0x00, 0x08, 0x00,
    0xfc, 0xff, 0x05, 0x00, 0xfe, 0xff, 0x05, 0x00, 0x12, 0x00, 0x07, 0x00, 0xff, 0xff, 0x05, 0x00,
    0x0b, 0x00, 0x06, 0x00, 0x00, 0x00, 0x03, 0x00, 0xfd, 0xff, 0x05, 0x00, 0x0e, 0x00, 0x07, 0x00,
    0xd2, 0xff, 0x09, 0x00, 0x1b, 0x00, 0x08, 0x00, 0x08, 0x00, 0x06, 0x00, 0x05, 0x00, 0x06, 0x00,
    0xf4, 0xff, 0x06, 0x00, 0x00, 0x00, 0x03, 0x00, 0xf6, 0xff, 0x06, 0x00, 0xf9, 0xff, 0x06, 0x00,
    0x04, 0x00, 0x05, 0x00, 0x02, 0x00, 0x05, 0x00, 0xf7, 0xff, 0x06, 0x00, 0x01, 0x00, 0x05, 0x00,
    0x15, 0x00, 0x07, 0x00, 0x00, 0x00, 0x03, 0x00, 0x03, 0x00, 0x05, 0x00, 0xfa, 0xff, 0x06, 0x00,
    0x14, 0x00, 0x07, 0x00, 0x10, 0x00, 0x07, 0x00, 0x11, 0x00, 0x07, 0x00, 0x17, 0x00, 0x08, 0x00,
    0x16, 0x00, 0x07, 0x00, 0x00, 0x00, 0x03, 0x00, 0xd3, 0xff, 0x09, 0x00, 0x19, 0x00, 0x08, 0x00,
    0xfc, 0xff, 0x05, 0x00, 0xfe, 0xff, 0x05, 0x00, 0xd4, 0xff, 0x09, 0x00, 0xff, 0xff, 0x05, 0x00,
    0xf5, 0xff, 0x06, 0x00, 0x00, 0x00, 0x03, 0x00, 0xfd, 0xff, 0x05, 0x00, 0x18, 0x00, 0x08, 0x00,
    0x00, 0x80, 0x06, 0x00, 0x0f, 0x00, 0x07, 0x00, 0xf8, 0xff, 0x06, 0x00, 0xfb, 0xff, 0x06, 0x00,
    0x0c, 0x00, 0x06, 0x00, 0x00, 0x00, 0x03, 0x00, 0x0a, 0x00, 0x06, 0x00, 0x07, 0x00, 0x06, 0x00,
    0x04, 0x00, 0x05, 0x00, 0x02, 0x00, 0x05, 0x00, 0x09, 0x00, 0x06, 0x00, 0x01, 0x00, 0x05, 0x00,
    0x21, 0x00, 0x08, 0x00, 0x00, 0x00, 0x03, 0x00, 0x03, 0x00, 0x05, 0x00, 0x06, 0x00, 0x06, 0x00,
    0x20, 0x00, 0x08, 0x00, 0x59, 0x00, 0x0c, 0x00, 0x49, 0x00, 0x0b, 0x00, 0xf3, 0xff, 0x07, 0x00,
    0xd0, 0xff, 0x09, 0x00, 0x00, 0x00, 0x03, 0x00, 0xed, 0xff, 0x07, 0x00, 0x35, 0x00, 0x0a, 0x00,
    0xfc, 0xff, 0x05, 0x00, 0xfe, 0xff, 0x05, 0x00, 0xee, 0xff, 0x07, 0x00, 0xff, 0xff, 0x05, 0x00,
    0x0b, 0x00, 0x06, 0x00, 0x00, 0x00, 0x03, 0x00, 0xfd, 0xff, 0x05, 0x00, 0xf2, 0xff, 0x07, 0x00,
    0x1f, 0x00, 0x08, 0x00, 0x36, 0x00, 0x0a, 0x00, 0x08, 0x00, 0x06, 0x00, 0x05, 0x00, 0x06, 0x00,
    0xf4, 0xff, 0x06, 0x00, 0x00, 0x00, 0x03, 0x00, 0xf6, 0xff, 0x06, 0x00, 0xf9, 0xff, 0x06, 0x00,
    0x04, 0x00, 0x05, 0x00, 0x02, 0x00, 0x05, 0x00, 0xf7, 0xff, 0x06, 0x00, 0x01, 0x00, 0x05, 0x00,
    0xeb, 0xff, 0x07, 0x00, 0x00, 0x00, 0x03, 0x00, 0x03, 0x00, 0x05, 0x00, 0xfa, 0xff, 0x06, 0x00,
    0xec, 0xff, 0x07, 0x00, 0xf0, 0xff, 0x07, 0x00, 0xef, 0xff, 0x07, 0x00, 0x32, 0x00, 0x0a, 0x00,
    0xea, 0xff, 0x07, 0x00, 0x00, 0x00, 0x03, 0x00, 0x1e, 0x00, 0x08, 0x00, 0x34, 0x00, 0x0a, 0x00,
    0xfc, 0xff, 0x05, 0x00, 0xfe, 0xff, 0x05, 0x00, 0xd5, 0xff, 0x09, 0x00, 0xff, 0xff, 0x05, 0x00,
    0xf5, 0xff, 0x06, 0x00, 0x00, 0x00, 0x03, 0x00, 0xfd, 0xff, 0x05, 0x00, 0xdb, 0xff, 0x09, 0x00,
    0x00, 0x80, 0x06, 0x00, 0xf1, 0xff, 0x07, 0x00, 0xf8, 0xff, 0x06, 0x00, 0xfb, 0xff, 0x06, 0x00,
    0x0c, 0x00, 0x06, 0x00, 0x00, 0x00, 0x03, 0x00, 0x0a, 0x00, 0x06, 0x00, 0x07, 0x00, 0x06, 0x00,
    0x04, 0x00, 0x05, 0x00, 0x02, 0x00, 0x05, 0x00, 0x09, 0x00, 0x06, 0x00, 0x01, 0x00, 0x05, 0x00,
    0xde, 0xff, 0x08, 0x00, 0x00, 0x00, 0x03, 0x00, 0x03, 0x00, 0x05, 0x00, 0x06, 0x00, 0x06, 0x00,
    0x4f, 0x00, 0x0b, 0x00, 0xe4, 0xff, 0x08, 0x00, 0xe3, 0xff, 0x08, 0x00, 0x0d, 0x00, 0x07, 0x00,
    0xcf, 0xff, 0x09, 0x00, 0x00, 0x00, 0x03, 0x00, 0x13, 0x00, 0x07, 0x00, 0xe6, 0xff, 0x08, 0x00,
    0xfc, 0xff, 0x05, 0x00, 0xfe, 0xff, 0x05, 0x00, 0x12, 0x00, 0x07, 0x00, 0xff, 0xff, 0x05, 0x00,
    0x0b, 0x00, 0x06, 0x00, 0x00, 0x00, 0x03, 0x00, 0xfd, 0xff, 0x05, 0x00, 0x0e, 0x00, 0x07, 0x00,
    0x3c, 0x00, 0x0a, 0x00, 0xe5, 0xff, 0x08, 0x00, 0x08, 0x00, 0x06, 0x00, 0x05, 0x00, 0x06, 0x00,
    0xf4, 0xff, 0x06, 0x00, 0x00, 0x00, 0x03, 0x00, 0xf6, 0xff, 0x06, 0x00, 0xf9, 0xff, 0x06, 0x00,
    0x04, 0x00, 0x05, 0x00, 0x02, 0x00, 0x05, 0x00, 0xf7, 0xff, 0x06, 0x00, 0x01, 0x00, 0x05, 0x00,
    0x15, 0x00, 0x07, 0x00, 0x00, 0x00, 0x03, 0x00, 0x03, 0x00, 0x05, 0x00, 0xfa, 0xff, 0x06, 0x00,
    0x14, 0x00, 0x07, 0x00, 0x10, 0x00, 0x07, 0x00, 0x11, 0x00, 0x07, 0x00, 0xe9, 0xff, 0x08, 0x00,
    0x16, 0x00, 0x07, 0x00, 0x00, 0x00, 0x03, 0x00, 0x3b, 0x00, 0x0a, 0x00, 0xe7, 0xff, 0x08, 0x00,
    0xfc, 0xff, 0x05, 0x00, 0xfe, 0xff, 0x05, 0x00, 0x3a, 0x00, 0x0a, 0x00, 0xff, 0xff, 0x05, 0x00,
    0xf5, 0xff, 0x06, 0x00, 0x00, 0x00, 0x03, 0x00, 0xfd, 0xff, 0x05, 0x00, 0xe8, 0xff, 0x08, 0x00,
    0x00, 0x80, 0x06, 0x00, 0x0f, 0x00, 0x07, 0x00, 0xf8, 0xff, 0x06, 0x00, 0xfb, 0xff, 0x06, 0x00,
    0x0c, 0x00, 0x06, 0x00, 0x00, 0x00, 0x03, 0x00, 0x0a, 0x00, 0x06, 0x00, 0x07, 0x00, 0x06, 0x00,
    0x04, 0x00, 0x05, 0x00, 0x02, 0x00, 0x05, 0x00, 0x09, 0x00, 0x06, 0x00, 0x01, 0x00, 0x05, 0x00,
    0xdf, 0xff, 0x08, 0x00, 0x00, 0x00, 0x03, 0x00, 0x03, 0x00, 0x05, 0x00, 0x06, 0x00, 0x06, 0x00,
    0xe0, 0xff, 0x08, 0x00, 0xd8, 0xff, 0x09, 0x00, 0xd7, 0xff, 0x09, 0x00, 0xf3, 0xff, 0x07, 0x00,
    0x3f, 0x00, 0x0a, 0x00, 0x00, 0x00, 0x03, 0x00, 0xed, 0xff, 0x07, 0x00, 0xda, 0xff, 0x09, 0x00,
    0xfc, 0xff, 0x05, 0x00, 0xfe, 0xff, 0x05, 0x00, 0xee, 0xff, 0x07, 0x00, 0xff, 0xff, 0x05, 0x00,
    0x0b, 0x00, 0x06, 0x00, 0x00, 0x00, 0x03, 0x00, 0xfd, 0xff, 0x05, 0x00, 0xf2, 0xff, 0x07, 0x00,
    0xe1, 0xff, 0x08, 0x00, 0xd9, 0xff, 0x09, 0x00, 0x08, 0x00, 0x06, 0x00, 0x05, 0x00, 0x06, 0x00,
    0xf4, 0xff, 0x06, 0x00, 0x00, 0x00, 0x03, 0x00, 0xf6, 0xff, 0x06, 0x00, 0xf9, 0xff, 0x06, 0x00,
    0x04, 0x00, 0x05, 0x00, 0x02, 0x00, 0x05, 0x00, 0xf7, 0xff, 0x06, 0x00, 0x01, 0x00, 0x05, 0x00,
    0xeb, 0xff, 0x07, 0x00, 0x00, 0x00, 0x03, 0x00, 0x03, 0x00, 0x05, 0x00, 0xfa, 0xff, 0x06, 0x00,
    0xec, 0xff, 0x07, 0x00, 0xf0, 0xff, 0x07, 0x00, 0xef, 0xff, 0x07, 0x00, 0xdd, 0xff, 0x09, 0x00,
    0xea, 0xff, 0x07, 0x00, 0x00, 0x00, 0x03, 0x00, 0xe2, 0xff, 0x08, 0x00, 0x33, 0x00, 0x0a, 0x00,
    0xfc, 0xff, 0x05, 0x00, 0xfe, 0xff, 0x05, 0x00, 0xd6, 0xff, 0x09, 0x00, 0xff, 0xff, 0x05, 0x00,
    0xf5, 0xff, 0x06, 0x00, 0x00, 0x00, 0x03, 0x00, 0xfd, 0xff, 0x05, 0x00, 0xdc, 0xff, 0x09, 0x00,
    0x00, 0x80, 0x06, 0x00, 0xf1, 0xff, 0x07, 0x00, 0xf8, 0xff, 0x06, 0x00, 0xfb, 0xff, 0x06, 0x00,
    0x0c, 0x00, 0x06, 0x00, 0x00, 0x00, 0x03, 0x00, 0x0a, 0x00, 0x06, 0x00, 0x07, 0x00, 0x06, 0x00,
    0x04, 0x00, 0x05, 0x00, 0x02, 0x00, 0x05, 0x00, 0x09, 0x00, 0x06, 0x00, 0x01, 0x00, 0x05, 0x00,
    0x22, 0x00, 0x08, 0x00, 0x00, 0x00, 0x03, 0x00, 0x03, 0x00, 0x05, 0x00, 0x06, 0x00, 0x06, 0x00,
    0x2f, 0x00, 0x09, 0x00, 0x1c, 0x00, 0x08, 0x00, 0x1d, 0x00, 0x08, 0x00, 0x0d, 0x00, 0x07, 0x00,
    0xbf, 0xff, 0x0a, 0x00, 0x00, 0x00, 0x03, 0x00, 0x13, 0x00, 0x07, 0x00, 0x1a, 0x00, 0x08, 0x00,
    0xfc, 0xff, 0x05, 0x00, 0xfe, 0xff, 0x05, 0x00, 0x12, 0x00, 0x07, 0x00, 0xff, 0xff, 0x05, 0x00,
    0x0b, 0x00, 0x06, 0x00, 0x00, 0x00, 0x03, 0x00, 0xfd, 0xff, 0x05, 0x00, 0x0e, 0x00, 0x07, 0x00,
    0x2e, 0x00, 0x09, 0x00, 0x1b, 0x00, 0x08, 0x00, 0x08, 0x00, 0x06, 0x00, 0x05, 0x00, 0x06, 0x00,
    0xf4, 0xff, 0x06, 0x00, 0x00, 0x00, 0x03, 0x00, 0xf6, 0xff, 0x06, 0x00, 0xf9, 0xff, 0x06, 0x00,
    0x04, 0x00, 0x05, 0x00, 0x02, 0x00, 0x05, 0x00, 0xf7, 0xff, 0x06, 0x00, 0x01, 0x00, 0x05, 0x00,
    0x15, 0x00, 0x07, 0x00, 0x00, 0x00, 0x03, 0x00, 0x03, 0x00, 0x05, 0x00, 0xfa, 0xff, 0x06, 0x00,
    0x14, 0x00, 0x07, 0x00, 0x10, 0x00, 0x07, 0x00, 0x11, 0x00, 0x07, 0x00, 0x17, 0x00, 0x08, 0x00,
    0x16, 0x00, 0x07, 0x00, 0x00, 0x00, 0x03, 0x00, 0x2d, 0x00, 0x09, 0x00, 0x19, 0x00, 0x08, 0x00,
    0xfc, 0xff, 0x05, 0x00, 0xfe, 0xff, 0x05, 0x00, 0x2c, 0x00, 0x09, 0x00, 0xff, 0xff, 0x05, 0x00,
    0xf5, 0xff, 0x06, 0x00, 0x00, 0x00, 0x03, 0x00, 0xfd, 0xff, 0x05, 0x00, 0x18, 0x00, 0x08, 0x00,
    0x00, 0x80, 0x06, 0x00, 0x0f, 0x00, 0x07, 0x00, 0xf8, 0xff, 0x06, 0x00, 0xfb, 0xff, 0x06, 0x00,
    0x0c, 0x00, 0x06, 0x00, 0x00, 0x00, 0x03, 0x00, 0x0a, 0x00, 0x06, 0x00, 0x07, 0x00, 0x06, 0x00,
    0x04, 0x00, 0x05, 0x00, 0x02, 0x00, 0x05, 0x00, 0x09, 0x00, 0x06, 0x00, 0x01, 0x00, 0x05, 0x00,
    0x21, 0x00, 0x08, 0x00, 0x00, 0x00, 0x03, 0x00, 0x03, 0x00, 0x05, 0x00, 0x06, 0x00, 0x06, 0x00,
    0x20, 0x00, 0x08, 0x00, 0xc8, 0xff, 0x0a, 0x00, 0xc7, 0xff, 0x0a, 0x00, 0xf3, 0xff, 0x07, 0x00,
    0x30, 0x00, 0x09, 0x00, 0x00, 0x00, 0x03, 0x00, 0xed, 0xff, 0x07, 0x00, 0x57, 0x00, 0x0c, 0x00,
    0xfc, 0xff, 0x05, 0x00, 0xfe, 0xff, 0x05, 0x00, 0xee, 0xff, 0x07, 0x00, 0xff, 0xff, 0x05, 0x00,
    0x0b, 0x00, 0x06, 0x00, 0x00, 0x00, 0x03, 0x00, 0xfd, 0xff, 0x05, 0x00, 0xf2, 0xff, 0x07, 0x00,
    0x1f, 0x00, 0x08, 0x00, 0xc9, 0xff, 0x0a, 0x00, 0x08, 0x00, 0x06, 0x00, 0x05, 0x00, 0x06, 0x00,
    0xf4, 0xff, 0x06, 0x00, 0x00, 0x00, 0x03, 0x00, 0xf6, 0xff, 0x06, 0x00, 0xf9, 0xff, 0x06, 0x00,
    0x04, 0x00, 0x05, 0x00, 0x02, 0x00, 0x05, 0x00, 0xf7, 0xff, 0x06, 0x00, 0x01, 0x00, 0x05, 0x00,
    0xeb, 0xff, 0x07, 0x00, 0x00, 0x00, 0x03, 0x00, 0x03, 0x00, 0x05, 0x00, 0xfa, 0xff, 0x06, 0x00,
    0xec, 0xff, 0x07, 0x00, 0xf0, 0xff, 0x07, 0x00, 0xef, 0xff, 0x07, 0x00, 0x53, 0x00, 0x0c, 0x00,
    0xea, 0xff, 0x07, 0x00, 0x00, 0x00, 0x03, 0x00, 0x1e, 0x00, 0x08, 0x00, 0x44, 0x00, 0x0b, 0x00,
    0xfc, 0xff, 0x05, 0x00, 0xfe, 0xff, 0x05, 0x00, 0x2b, 0x00, 0x09, 0x00, 0xff, 0xff, 0x05, 0x00,
    0xf5, 0xff, 0x06, 0x00, 0x00, 0x00, 0x03, 0x00, 0xfd, 0xff, 0x05, 0x00, 0x25, 0x00, 0x09, 0x00,
    0x00, 0x80, 0x06, 0x00, 0xf1, 0xff, 0x07, 0x00, 0xf8, 0xff, 0x06, 0x00, 0xfb, 0xff, 0x06, 0x00,
    0x0c, 0x00, 0x06, 0x00, 0x00, 0x00, 0x03, 0x00, 0x0a, 0x00, 0x06, 0x00, 0x07, 0x00, 0x06, 0x00,
    0x04, 0x00, 0x05, 0x00, 0x02, 0x00, 0x05, 0x00, 0x09, 0x00, 0x06, 0x00, 0x01, 0x00, 0x05, 0x00,
    0xde, 0xff, 0x08, 0x00, 0x00, 0x00, 0x03, 0x00, 0x03, 0x00, 0x05, 0x00, 0x06, 0x00, 0x06, 0x00,
    0xc2, 0xff, 0x0a, 0x00, 0xe4, 0xff, 0x08, 0x00, 0xe3, 0xff, 0x08, 0x00, 0x0d, 0x00, 0x07, 0x00,
    0x31, 0x00, 0x09, 0x00, 0x00, 0x00, 0x03, 0x00, 0x13, 0x00, 0x07, 0x00, 0xe6, 0xff, 0x08, 0x00,
    0xfc, 0xff, 0x05, 0x00, 0xfe, 0xff, 0x05, 0x00, 0x12, 0x00, 0x07, 0x00, 0xff, 0xff, 0x05, 0x00,
    0x0b, 0x00, 0x06, 0x00, 0x00, 0x00, 0x03, 0x00, 0xfd, 0xff, 0x05, 0x00, 0x0e, 0x00, 0x07, 0x00,
    0xc3, 0xff, 0x0a, 0x00, 0xe5, 0xff, 0x08, 0x00, 0x08, 0x00, 0x06, 0x00, 0x05, 0x00, 0x06, 0x00,
    0xf4, 0xff, 0x06, 0x00, 0x00, 0x00, 0x03, 0x00, 0xf6, 0xff, 0x06, 0x00, 0xf9, 0xff, 0x06, 0x00,
    0x04, 0x00, 0x05, 0x00, 0x02, 0x00, 0x05, 0x00, 0xf7, 0xff, 0x06, 0x00, 0x01, 0x00, 0x05, 0x00,
    0x15, 0x00, 0x07, 0x00, 0x00, 0x00, 0x03, 0x00, 0x03, 0x00, 0x05, 0x00, 0xfa, 0xff, 0x06, 0x00,
    0x14, 0x00, 0x07, 0x00, 0x10, 0x00, 0x07, 0x00, 0x11, 0x00, 0x07, 0x00, 0xe9, 0xff, 0x08, 0x00,
    0x16, 0x00, 0x07, 0x00, 0x00, 0x00, 0x03, 0x00, 0x4c, 0x00, 0x0b, 0x00, 0xe7, 0xff, 0x08, 0x00,
    0xfc, 0xff, 0x05, 0x00, 0xfe, 0xff, 0x05, 0x00, 0x4a, 0x00, 0x0b, 0x00, 0xff, 0xff, 0x05, 0x00,
    0xf5, 0xff, 0x06, 0x00, 0x00, 0x00, 0x03, 0x00, 0xfd, 0xff, 0x05, 0x00, 0xe8, 0xff, 0x08, 0x00,
    0x00, 0x80, 0x06, 0x00, 0x0f, 0x00, 0x07, 0x00, 0xf8, 0xff, 0x06, 0x00, 0xfb, 0xff, 0x06, 0x00,
    0x0c, 0x00, 0x06, 0x00, 0x00, 0x00, 0x03, 0x00, 0x0a, 0x00, 0x06, 0x00, 0x07, 0x00, 0x06, 0x00,
    0x04, 0x00, 0x05, 0x00, 0x02, 0x00, 0x05, 0x00, 0x09, 0x00, 0x06, 0x00, 0x01, 0x00, 0x05, 0x00,
    0xdf, 0xff, 0x08, 0x00, 0x00, 0x00, 0x03, 0x00, 0x03, 0x00, 0x05, 0x00, 0x06, 0x00, 0x06, 0x00,
    0xe0, 0xff, 0x08, 0x00, 0x28, 0x00, 0x09, 0x00, 0x29, 0x00, 0x09, 0x00, 0xf3, 0xff, 0x07, 0x00,
    0x50, 0x00, 0x0b, 0x00, 0x00, 0x00, 0x03, 0x00, 0xed, 0xff, 0x07, 0x00, 0x26, 0x00, 0x09, 0x00,
    0xfc, 0xff, 0x05, 0x00, 0xfe, 0xff, 0x05, 0x00, 0xee, 0xff, 0x07, 0x00, 0xff, 0xff, 0x05, 0x00,
    0x0b, 0x00, 0x06, 0x00, 0x00, 0x00, 0x03, 0x00, 0xfd, 0xff, 0x05, 0x00, 0xf2, 0xff, 0x07, 0x00,
    0xe1, 0xff, 0x08, 0x00, 0x27, 0x00, 0x09, 0x00, 0x08, 0x00, 0x06, 0x00, 0x05, 0x00, 0x06, 0x00,
    0xf4, 0xff, 0x06, 0x00, 0x00, 0x00, 0x03, 0x00, 0xf6, 0xff, 0x06, 0x00, 0xf9, 0xff, 0x06, 0x00,
    0x04, 0x00, 0x05, 0x00, 0x02, 0x00, 0x05, 0x00, 0xf7, 0xff, 0x06, 0x00, 0x01, 0x00, 0x05, 0x00,
    0xeb, 0xff, 0x07, 0x00, 0x00, 0x00, 0x03, 0x00, 0x03, 0x00, 0x05, 0x00, 0xfa, 0xff, 0x06, 0x00,
    0xec, 0xff, 0x07, 0x00, 0xf0, 0xff, 0x07, 0x00, 0xef, 0xff, 0x07, 0x00, 0x23, 0x00, 0x09, 0x00,
    0xea, 0xff, 0x07, 0x00, 0x00, 0x00, 0x03, 0x00, 0xe2, 0xff, 0x08, 0x00, 0x43, 0x00, 0x0b, 0x00,
    0xfc, 0xff, 0x05, 0x00, 0xfe, 0xff, 0x05, 0x00, 0x2a, 0x00, 0x09, 0x00, 0xff, 0xff, 0x05, 0x00,
    0xf5, 0xff, 0x06, 0x00, 0x00, 0x00, 0x03, 0x00, 0xfd, 0xff, 0x05, 0x00, 0x24, 0x00, 0x09, 0x00,
    0x00, 0x80, 0x06, 0x00, 0xf1, 0xff, 0x07, 0x00, 0xf8, 0xff, 0x06, 0x00, 0xfb, 0xff, 0x06, 0x00,
    0x0c, 0x00, 0x06, 0x00, 0x00, 0x00, 0x03, 0x00, 0x0a, 0x00, 0x06, 0x00, 0x07, 0x00, 0x06, 0x00,
    0x04, 0x00, 0x05, 0x00, 0x02, 0x00, 0x05, 0x00, 0x09, 0x00, 0x06, 0x00, 0x01, 0x00, 0x05, 0x00,
    0x22, 0x00, 0x08, 0x00, 0x00, 0x00, 0x03, 0x00, 0x03, 0x00, 0x05, 0x00, 0x06, 0x00, 0x06, 0x00,
    0xd1, 0xff, 0x09, 0x00, 0x1c, 0x00, 0x08, 0x00, 0x1d, 0x00, 0x08, 0x00, 0x0d, 0x00, 0x07, 0x00,
    0xc0, 0xff, 0x0a, 0x00, 0x00, 0x00, 0x03, 0x00, 0x13, 0x00, 0x07, 0x00, 0x1a, 0x00, 0x08, 0x00,
    0xfc, 0xff, 0x05, 0x00, 0xfe, 0xff, 0x05, 0x00, 0x12, 0x00, 0x07, 0x00, 0xff, 0xff, 0x05, 0x00,
    0x0b, 0x00, 0x06, 0x00, 0x00, 0x00, 0x03, 0x00, 0xfd, 0xff, 0x05, 0x00, 0x0e, 0x00, 0x07, 0x00,
    0xd2, 0xff, 0x09, 0x00, 0x1b, 0x00, 0x08, 0x00, 0x08, 0x00, 0x06, 0x00, 0x05, 0x00, 0x06, 0x00,
    0xf4, 0xff, 0x06, 0x00, 0x00, 0x00, 0x03, 0x00, 0xf6, 0xff, 0x06, 0x00, 0xf9, 0xff, 0x06, 0x00,
    0x04, 0x00, 0x05, 0x00, 0x02, 0x00, 0x05, 0x00, 0xf7, 0xff, 0x06, 0x00, 0x01, 0x00, 0x05, 0x00,
    0x15, 0x00, 0x07, 0x00, 0x00, 0x00, 0x03, 0x00, 0x03, 0x00, 0x05, 0x00, 0xfa, 0xff, 0x06, 0x00,
    0x14, 0x00, 0x07, 0x00, 0x10, 0x00, 0x07, 0x00, 0x11, 0x00, 0x07, 0x00, 0x17, 0x00, 0x08, 0x00,
    0x16, 0x00, 0x07, 0x00, 0x00, 0x00, 0x03, 0x00, 0xd3, 0xff, 0x09, 0x00, 0x19, 0x00, 0x08, 0x00,
    0xfc, 0xff, 0x05, 0x00, 0xfe, 0xff, 0x05, 0x00, 0xd4, 0xff, 0x09, 0x00, 0xff, 0xff, 0x05, 0x00,
    0xf5, 0xff, 0x06, 0x00, 0x00, 0x00, 0x03, 0x00, 0xfd, 0xff, 0x05, 0x00, 0x18, 0x00, 0x08, 0x00,
    0x00, 0x80, 0x06, 0x00, 0x0f, 0x00, 0x07, 0x00, 0xf8, 0xff, 0x06, 0x00, 0xfb, 0xff, 0x06, 0x00,
    0x0c, 0x00, 0x06, 0x00, 0x00, 0x00, 0x03, 0x00, 0x0a, 0x00, 0x06, 0x00, 0x07, 0x00, 0x06, 0x00,
    0x04, 0x00, 0x05, 0x00, 0x02, 0x00, 0x05, 0x00, 0x09, 0x00, 0x06, 0x00, 0x01, 0x00, 0x05, 0x00,
    0x21, 0x00, 0x08, 0x00, 0x00, 0x00, 0x03, 0x00, 0x03, 0x00, 0x05, 0x00, 0x06, 0x00, 0x06, 0x00,
    0x20, 0x00, 0x08, 0x00, 0x47, 0x00, 0x0b, 0x00, 0x48, 0x00, 0x0b, 0x00, 0xf3, 0xff, 0x07, 0x00,
    0xd0, 0xff, 0x09, 0x00, 0x00, 0x00, 0x03, 0x00, 0xed, 0xff, 0x07, 0x00, 0xcb, 0xff, 0x0a, 0x00,
    0xfc, 0xff, 0x05, 0x00, 0xfe, 0xff, 0x05, 0x00, 0xee, 0xff, 0x07, 0x00, 0xff, 0xff, 0x05, 0x00,
    0x0b, 0x00, 0x06, 0x00, 0x00, 0x00, 0x03, 0x00, 0xfd, 0xff, 0x05, 0x00, 0xf2, 0xff, 0x07, 0x00,
    0x1f, 0x00, 0x08, 0x00, 0xca, 0xff, 0x0a, 0x00, 0x08, 0x00, 0x06, 0x00, 0x05, 0x00, 0x06, 0x00,
    0xf4, 0xff, 0x06, 0x00, 0x00, 0x00, 0x03, 0x00, 0xf6, 0xff, 0x06, 0x00, 0xf9, 0xff, 0x06, 0x00,
    0x04, 0x00, 0x05, 0x00, 0x02, 0x00, 0x05, 0x00, 0xf7, 0xff, 0x06, 0x00, 0x01, 0x00, 0x05, 0x00,
    0xeb, 0xff, 0x07, 0x00, 0x00, 0x00, 0x03, 0x00, 0x03, 0x00, 0x05, 0x00, 0xfa, 0xff, 0x06, 0x00,
    0xec, 0xff, 0x07, 0x00, 0xf0, 0xff, 0x07, 0x00, 0xef, 0xff, 0x07, 0x00, 0xce, 0xff, 0x0a, 0x00,
    0xea, 0xff, 0x07, 0x00, 0x00, 0x00, 0x03, 0x00, 0x1e, 0x00, 0x08, 0x00, 0xcc, 0xff, 0x0a, 0x00,
    0xfc, 0xff, 0x05, 0x00, 0xfe, 0xff, 0x05, 0x00, 0xd5, 0xff, 0x09, 0x00, 0xff, 0xff, 0x05, 0x00,
    0xf5, 0xff, 0x06, 0x00, 0x00, 0x00, 0x03, 0x00, 0xfd, 0xff, 0x05, 0x00, 0xdb, 0xff, 0x09, 0x00,
    0x00, 0x80, 0x06, 0x00, 0xf1, 0xff, 0x07, 0x00, 0xf8, 0xff, 0x06, 0x00, 0xfb, 0xff, 0x06, 0x00,
    0x0c, 0x00, 0x06, 0x00, 0x00, 0x00, 0x03, 0x00, 0x0a, 0x00, 0x06, 0x00, 0x07, 0x00, 0x06, 0x00,
    0x04, 0x00, 0x05, 0x00, 0x02, 0x00, 0x05, 0x00, 0x09, 0x00, 0x06, 0x00, 0x01, 0x00, 0x05, 0x00,
    0xde, 0xff, 0x08, 0x00, 0x00, 0x00, 0x03, 0x00, 0x03, 0x00, 0x05, 0x00, 0x06, 0x00, 0x06, 0x00,
    0x4e, 0x00, 0x0b, 0x00, 0xe4, 0xff, 0x08, 0x00, 0xe3, 0xff, 0x08, 0x00, 0x0d, 0x00, 0x07, 0x00,
    0xcf, 0xff, 0x09, 0x00, 0x00, 0x00, 0x03, 0x00, 0x13, 0x00, 0x07, 0x00, 0xe6, 0xff, 0x08, 0x00,
    0xfc, 0xff, 0x05, 0x00, 0xfe, 0xff, 0x05, 0x00, 0x12, 0x00, 0x07, 0x00, 0xff, 0xff, 0x05, 0x00,
    0x0b, 0x00, 0x06, 0x00, 0x00, 0x00, 0x03, 0x00, 0xfd, 0xff, 0x05, 0x00, 0x0e, 0x00, 0x07, 0x00,
    0xc4, 0xff, 0x0a, 0x00, 0xe5, 0xff, 0x08, 0x00, 0x08, 0x00, 0x06, 0x00, 0x05, 0x00, 0x06, 0x00,
    0xf4, 0xff, 0x06, 0x00, 0x00, 0x00, 0x03, 0x00, 0xf6, 0xff, 0x06, 0x00, 0xf9, 0xff, 0x06, 0x00,
    0x04, 0x00, 0x05, 0x00, 0x02, 0x00, 0x05, 0x00, 0xf7, 0xff, 0x06, 0x00, 0x01, 0x00, 0x05, 0x00,
    0x15, 0x00, 0x07, 0x00, 0x00, 0x00, 0x03, 0x00, 0x03, 0x00, 0x05, 0x00, 0xfa, 0xff, 0x06, 0x00,
    0x14, 0x00, 0x07, 0x00, 0x10, 0x00, 0x07, 0x00, 0x11, 0x00, 0x07, 0x00, 0xe9, 0xff, 0x08, 0x00,
    0x16, 0x00, 0x07, 0x00, 0x00, 0x00, 0x03, 0x00, 0xc5, 0xff, 0x0a, 0x00, 0xe7, 0xff, 0x08, 0x00,
    0xfc, 0xff, 0x05, 0x00, 0xfe, 0xff, 0x05, 0x00, 0xc6, 0xff, 0x0a, 0x00, 0xff, 0xff, 0x05, 0x00,
    0xf5, 0xff, 0x06, 0x00, 0x00, 0x00, 0x03, 0x00, 0xfd, 0xff, 0x05, 0x00, 0xe8, 0xff, 0x08, 0x00,
    0x00, 0x80, 0x06, 0x00, 0x0f, 0x00, 0x07, 0x00, 0xf8, 0xff, 0x06, 0x00, 0xfb, 0xff, 0x06, 0x00,
    0x0c, 0x00, 0x06, 0x00, 0x00, 0x00, 0x03, 0x00, 0x0a, 0x00, 0x06, 0x00, 0x07, 0x00, 0x06, 0x00,
    0x04, 0x00, 0x05, 0x00, 0x02, 0x00, 0x05, 0x00, 0x09, 0x00, 0x06, 0x00, 0x01, 0x00, 0x05, 0x00,
    0xdf, 0xff, 0x08, 0x00, 0x00, 0x00, 0x03, 0x00, 0x03, 0x00, 0x05, 0x00, 0x06, 0x00, 0x06, 0x00,
    0xe0, 0xff, 0x08, 0x00, 0xd8, 0xff, 0x09, 0x00, 0xd7, 0xff, 0x09, 0x00, 0xf3, 0xff, 0x07, 0x00,
    0xc1, 0xff, 0x0a, 0x00, 0x00, 0x00, 0x03, 0x00, 0xed, 0xff, 0x07, 0x00, 0xda, 0xff, 0x09, 0x00,
    0xfc, 0xff, 0x05, 0x00, 0xfe, 0xff, 0x05, 0x00, 0xee, 0xff, 0x07, 0x00, 0xff, 0xff, 0x05, 0x00,
    0x0b, 0x00, 0x06, 0x00, 0x00, 0x00, 0x03, 0x00, 0xfd, 0xff, 0x05, 0x00, 0xf2, 0xff, 0x07, 0x00,
    0xe1, 0xff, 0x08, 0x00, 0xd9, 0xff, 0x09, 0x00, 0x08, 0x00, 0x06, 0x00, 0x05, 0x00, 0x06, 0x00,
    0xf4, 0xff, 0x06, 0x00, 0x00, 0x00, 0x03, 0x00, 0xf6, 0xff, 0x06, 0x00, 0xf9, 0xff, 0x06, 0x00,
    0x04, 0x00, 0x05, 0x00, 0x02, 0x00, 0x05, 0x00, 0xf7, 0xff, 0x06, 0x00, 0x01, 0x00, 0x05, 0x00,
    0xeb, 0xff, 0x07, 0x00, 0x00, 0x00, 0x03, 0x00, 0x03, 0x00, 0x05, 0x00, 0xfa, 0xff, 0x06, 0x00,
    0xec, 0xff, 0x07, 0x00, 0xf0, 0xff, 0x07, 0x00, 0xef, 0xff, 0x07, 0x00, 0xdd, 0xff, 0x09, 0x00,
    0xea, 0xff, 0x07, 0x00, 0x00, 0x00, 0x03, 0x00, 0xe2, 0xff, 0x08, 0x00, 0xcd, 0xff, 0x0a, 0x00,
    0xfc, 0xff, 0x05, 0x00, 0xfe, 0xff, 0x05, 0x00, 0xd6, 0xff, 0x09, 0x00, 0xff, 0xff, 0x05, 0x00,
    0xf5, 0xff, 0x06, 0x00, 0x00, 0x00, 0x03, 0x00, 0xfd, 0xff, 0x05, 0x00, 0xdc, 0xff, 0x09, 0x00,
    0x00, 0x80, 0x06, 0x00, 0xf1, 0xff, 0x07, 0x00, 0xf8, 0xff, 0x06, 0x00, 0xfb, 0xff, 0x06, 0x00,
    0x0c, 0x00, 0x06, 0x00, 0x00, 0x00, 0x03, 0x00, 0x0a, 0x00, 0x06, 0x00, 0x07, 0x00, 0x06, 0x00,
    0x04, 0x00, 0x05, 0x00, 0x02, 0x00, 0x05, 0x00, 0x09, 0x00, 0x06, 0x00, 0x01, 0x00, 0x05, 0x00,
    0x22, 0x00, 0x08, 0x00, 0x00, 0x00, 0x03, 0x00, 0x03, 0x00, 0x05, 0x00, 0x06, 0x00, 0x06, 0x00,
    0x2f, 0x00, 0x09, 0x00, 0x1c, 0x00, 0x08, 0x00, 0x1d, 0x00, 0x08, 0x00, 0x0d, 0x00, 0x07, 0x00,
    0x41, 0x00, 0x0a, 0x00, 0x00, 0x00, 0x03, 0x00, 0x13, 0x00, 0x07, 0x00, 0x1a, 0x00, 0x08, 0x00,
    0xfc, 0xff, 0x05, 0x00, 0xfe, 0xff, 0x05, 0x00, 0x12, 0x00, 0x07, 0x00, 0xff, 0xff, 0x05, 0x00,
    0x0b, 0x00, 0x06, 0x00, 0x00, 0x00, 0x03, 0x00, 0xfd, 0xff, 0x05, 0x00, 0x0e, 0x00, 0x07, 0x00,
    0x2e, 0x00, 0x09, 0x00, 0x1b, 0x00, 0x08, 0x00, 0x08, 0x00, 0x06, 0x00, 0x05, 0x00, 0x06, 0x00,
    0xf4, 0xff, 0x06, 0x00, 0x00, 0x00, 0x03, 0x00, 0xf6, 0xff, 0x06, 0x00, 0xf9, 0xff, 0x06, 0x00,
    0x04, 0x00, 0x05, 0x00, 0x02, 0x00, 0x05, 0x00, 0xf7, 0xff, 0x06, 0x00, 0x01, 0x00, 0x05, 0x00,
    0x15, 0x00, 0x07, 0x00, 0x00, 0x00, 0x03, 0x00, 0x03, 0x00, 0x05, 0x00, 0xfa, 0xff, 0x06, 0x00,
    0x14, 0x00, 0x07, 0x00, 0x10, 0x00, 0x07, 0x00, 0x11, 0x00, 0x07, 0x00, 0x17, 0x00, 0x08, 0x00,
    0x16, 0x00, 0x07, 0x00, 0x00, 0x00, 0x03, 0x00, 0x2d, 0x00, 0x09, 0x00, 0x19, 0x00, 0x08, 0x00,
    0xfc, 0xff, 0x05, 0x00, 0xfe, 0xff, 0x05, 0x00, 0x2c, 0x00, 0x09, 0x00, 0xff, 0xff, 0x05, 0x00,
    0xf5, 0xff, 0x06, 0x00, 0x00, 0x00, 0x03, 0x00, 0xfd, 0xff, 0x05, 0x00, 0x18, 0x00, 0x08, 0x00,
    0x00, 0x80, 0x06, 0x00, 0x0f, 0x00, 0x07, 0x00, 0xf8, 0xff, 0x06, 0x00, 0xfb, 0xff, 0x06, 0x00,
    0x0c, 0x00, 0x06, 0x00, 0x00, 0x00, 0x03, 0x00, 0x0a, 0x00, 0x06, 0x00, 0x07, 0x00, 0x06, 0x00,
    0x04, 0x00, 0x05, 0x00, 0x02, 0x00, 0x05, 0x00, 0x09, 0x00, 0x06, 0x00, 0x01, 0x00, 0x05, 0x00,
    0x21, 0x00, 0x08, 0x00, 0x00, 0x00, 0x03, 0x00, 0x03, 0x00, 0x05, 0x00, 0x06, 0x00, 0x06, 0x00,
    0x20, 0x00, 0x08, 0x00, 0x38, 0x00, 0x0a, 0x00, 0x39, 0x00, 0x0a, 0x00, 0xf3, 0xff, 0x07, 0x00,
    0x30, 0x00, 0x09, 0x00, 0x00, 0x00, 0x03, 0x00, 0xed, 0xff, 0x07, 0x00, 0xba, 0xff, 0x0b, 0x00,
    0xfc, 0xff, 0x05, 0x00, 0xfe, 0xff, 0x05, 0x00, 0xee, 0xff, 0x07, 0x00, 0xff, 0xff, 0x05, 0x00,
    0x0b, 0x00, 0x06, 0x00, 0x00, 0x00, 0x03, 0x00, 0xfd, 0xff, 0x05, 0x00, 0xf2, 0xff, 0x07, 0x00,
    0x1f, 0x00, 0x08, 0x00, 0x37, 0x00, 0x0a, 0x00, 0x08, 0x00, 0x06, 0x00, 0x05, 0x00, 0x06, 0x00,
    0xf4, 0xff, 0x06, 0x00, 0x00, 0x00, 0x03, 0x00, 0xf6, 0xff, 0x06, 0x00, 0xf9, 0xff, 0x06, 0x00,
    0x04, 0x00, 0x05, 0x00, 0x02, 0x00, 0x05, 0x00, 0xf7, 0xff, 0x06, 0x00, 0x01, 0x00, 0x05, 0x00,
    0xeb, 0xff, 0x07, 0x00, 0x00, 0x00, 0x03, 0x00, 0x03, 0x00, 0x05, 0x00, 0xfa, 0xff, 0x06, 0x00,
    0xec, 0xff, 0x07, 0x00, 0xf0, 0xff, 0x07, 0x00, 0xef, 0xff, 0x07, 0x00, 0xbe, 0xff, 0x0b, 0x00,
    0xea, 0xff, 0x07, 0x00, 0x00, 0x00, 0x03, 0x00, 0x1e, 0x00, 0x08, 0x00, 0xbb, 0xff, 0x0b, 0x00,
    0xfc, 0xff, 0x05, 0x00, 0xfe, 0xff, 0x05, 0x00, 0x2b, 0x00, 0x09, 0x00, 0xff, 0xff, 0x05, 0x00,
    0xf5, 0xff, 0x06, 0x00, 0x00, 0x00, 0x03, 0x00, 0xfd, 0xff, 0x05, 0x00, 0x25, 0x00, 0x09, 0x00,
    0x00, 0x80, 0x06, 0x00, 0xf1, 0xff, 0x07, 0x00, 0xf8, 0xff, 0x06, 0x00, 0xfb, 0xff, 0x06, 0x00,
    0x0c, 0x00, 0x06, 0x00, 0x00, 0x00, 0x03, 0x00, 0x0a, 0x00, 0x06, 0x00, 0x07, 0x00, 0x06, 0x00,
    0x04, 0x00, 0x05, 0x00, 0x02, 0x00, 0x05, 0x00, 0x09, 0x00, 0x06, 0x00, 0x01, 0x00, 0x05, 0x00,
    0xde, 0xff, 0x08, 0x00, 0x00, 0x00, 0x03, 0x00, 0x03, 0x00, 0x05, 0x00, 0x06, 0x00, 0x06, 0x00,
    0x3e, 0x00, 0x0a, 0x00, 0xe4, 0xff, 0x08, 0x00, 0xe3, 0xff, 0x08, 0x00, 0x0d, 0x00, 0x07, 0x00,
    0x31, 0x00, 0x09, 0x00, 0x00, 0x00, 0x03, 0x00, 0x13, 0x00, 0x07, 0x00, 0xe6, 0xff, 0x08, 0x00,
    0xfc, 0xff, 0x05, 0x00, 0xfe, 0xff, 0x05, 0x00, 0x12, 0x00, 0x07, 0x00, 0xff, 0xff, 0x05, 0x00,
    0x0b, 0x00, 0x06, 0x00, 0x00, 0x00, 0x03, 0x00, 0xfd, 0xff, 0x05, 0x00, 0x0e, 0x00, 0x07, 0x00,
    0x3d, 0x00, 0x0a, 0x00, 0xe5, 0xff, 0x08, 0x00, 0x08, 0x00, 0x06, 0x00, 0x05, 0x00, 0x06, 0x00,
    0xf4, 0xff, 0x06, 0x00, 0x00, 0x00, 0x03, 0x00, 0xf6, 0xff, 0x06, 0x00, 0xf9, 0xff, 0x06, 0x00,
    0x04, 0x00, 0x05, 0x00, 0x02, 0x00, 0x05, 0x00, 0xf7, 0xff, 0x06, 0x00, 0x01, 0x00, 0x05, 0x00,
    0x15, 0x00, 0x07, 0x00, 0x00, 0x00, 0x03, 0x00, 0x03, 0x00, 0x05, 0x00, 0xfa, 0xff, 0x06, 0x00,
    0x14, 0x00, 0x07, 0x00, 0x10, 0x00, 0x07, 0x00, 0x11, 0x00, 0x07, 0x00, 0xe9, 0xff, 0x08, 0x00,
    0x16, 0x00, 0x07, 0x00, 0x00, 0x00, 0x03, 0x00, 0xb3, 0xff, 0x0b, 0x00, 0xe7, 0xff, 0x08, 0x00,
    0xfc, 0xff, 0x05, 0x00, 0xfe, 0xff, 0x05, 0x00, 0xb5, 0xff, 0x0b, 0x00, 0xff, 0xff, 0x05, 0x00,
    0xf5, 0xff, 0x06, 0x00, 0x00, 0x00, 0x03, 0x00, 0xfd, 0xff, 0x05, 0x00, 0xe8, 0xff, 0x08, 0x00,
    0x00, 0x80, 0x06, 0x00, 0x0f, 0x00, 0x07, 0x00, 0xf8, 0xff, 0x06, 0x00, 0xfb, 0xff, 0x06, 0x00,
    0x0c, 0x00, 0x06, 0x00, 0x00, 0x00, 0x03, 0x00, 0x0a, 0x00, 0x06, 0x00, 0x07, 0x00, 0x06, 0x00,
    0x04, 0x00, 0x05, 0x00, 0x02, 0x00, 0x05, 0x00, 0x09, 0x00, 0x06, 0x00, 0x01, 0x00, 0x05, 0x00,
    0xdf, 0xff, 0x08, 0x00, 0x00, 0x00, 0x03, 0x00, 0x03, 0x00, 0x05, 0x00, 0x06, 0x00, 0x06, 0x00,
    0xe0, 0xff, 0x08, 0x00, 0x28, 0x00, 0x09, 0x00, 0x29, 0x00, 0x09, 0x00, 0xf3, 0xff, 0x07, 0x00,
    0xaf, 0xff, 0x0b, 0x00, 0x00, 0x00, 0x03, 0x00, 0xed, 0xff, 0x07, 0x00, 0x26, 0x00, 0x09, 0x00,
    0xfc, 0xff, 0x05, 0x00, 0xfe, 0xff, 0x05, 0x00, 0xee, 0xff, 0x07, 0x00, 0xff, 0xff, 0x05, 0x00,
    0x0b, 0x00, 0x06, 0x00, 0x00, 0x00, 0x03, 0x00, 0xfd, 0xff, 0x05, 0x00, 0xf2, 0xff, 0x07, 0x00,
    0xe1, 0xff, 0x08, 0x00, 0x27, 0x00, 0x09, 0x00, 0x08, 0x00, 0x06, 0x00, 0x05, 0x00, 0x06, 0x00,
    0xf4, 0xff, 0x06, 0x00, 0x00, 0x00, 0x03, 0x00, 0xf6, 0xff, 0x06, 0x00, 0xf9, 0xff, 0x06, 0x00,
    0x04, 0x00, 0x05, 0x00, 0x02, 0x00, 0x05, 0x00, 0xf7, 0xff, 0x06, 0x00, 0x01, 0x00, 0x05, 0x00,
    0xeb, 0xff, 0x07, 0x00, 0x00, 0x00, 0x03, 0x00, 0x03, 0x00, 0x05, 0x00, 0xfa, 0xff, 0x06, 0x00,
    0xec, 0xff, 0x07, 0x00, 0xf0, 0xff, 0x07, 0x00, 0xef, 0xff, 0x07, 0x00, 0x23, 0x00, 0x09, 0x00,
    0xea, 0xff, 0x07, 0x00, 0x00, 0x00, 0x03, 0x00, 0xe2, 0xff, 0x08, 0x00, 0x54, 0x00, 0x0c, 0x00,
    0xfc, 0xff, 0x05, 0x00, 0xfe, 0xff, 0x05, 0x00, 0x2a, 0x00, 0x09, 0x00, 0xff, 0xff, 0x05, 0x00,
    0xf5, 0xff, 0x06, 0x00, 0x00, 0x00, 0x03, 0x00, 0xfd, 0xff, 0x05, 0x00, 0x24, 0x00, 0x09, 0x00,
    0x00, 0x80, 0x06, 0x00, 0xf1, 0xff, 0x07, 0x00, 0xf8, 0xff, 0x06, 0x00, 0xfb, 0xff, 0x06, 0x00,
    0x0c, 0x00, 0x06, 0x00, 0x00, 0x00, 0x03, 0x00, 0x0a, 0x00, 0x06, 0x00, 0x07, 0x00, 0x06, 0x00,
    0x04, 0x00, 0x05, 0x00, 0x02, 0x00, 0x05, 0x00, 0x09, 0x00, 0x06, 0x00, 0x01, 0x00, 0x05, 0x00,
    0x22, 0x00, 0x08, 0x00, 0x00, 0x00, 0x03, 0x00, 0x03, 0x00, 0x05, 0x00, 0x06, 0x00, 0x06, 0x00,
    0xd1, 0xff, 0x09, 0x00, 0x1c, 0x00, 0x08, 0x00, 0x1d, 0x00, 0x08, 0x00, 0x0d, 0x00, 0x07, 0x00,
    0x40, 0x00, 0x0a, 0x00, 0x00, 0x00, 0x03, 0x00, 0x13, 0x00, 0x07, 0x00, 0x1a, 0x00, 0x08, 0x00,
    0xfc, 0xff, 0x05, 0x00, 0xfe, 0xff, 0x05, 0x00, 0x12, 0x00, 0x07, 0x00, 0xff, 0xff, 0x05, 0x00,
    0x0b, 0x00, 0x06, 0x00, 0x00, 0x00, 0x03, 0x00, 0xfd, 0xff, 0x05, 0x00, 0x0e, 0x00, 0x07, 0x00,
    0xd2, 0xff, 0x09, 0x00, 0x1b, 0x00, 0x08, 0x00, 0x08, 0x00, 0x06, 0x00, 0x05, 0x00, 0x06, 0x00,
    0xf4, 0xff, 0x06, 0x00, 0x00, 0x00, 0x03, 0x00, 0xf6, 0xff, 0x06, 0x00, 0xf9, 0xff, 0x06, 0x00,
    0x04, 0x00, 0x05, 0x00, 0x02, 0x00, 0x05, 0x00, 0xf7, 0xff, 0x06, 0x00, 0x01, 0x00, 0x05, 0x00,
    0x15, 0x00, 0x07, 0x00, 0x00, 0x00, 0x03, 0x00, 0x03, 0x00, 0x05, 0x00, 0xfa, 0xff, 0x06, 0x00,
    0x14, 0x00, 0x07, 0x00, 0x10, 0x00, 0x07, 0x00, 0x11, 0x00, 0x07, 0x00, 0x17, 0x00, 0x08, 0x00,
    0x16, 0x00, 0x07, 0x00, 0x00, 0x00, 0x03, 0x00, 0xd3, 0xff, 0x09, 0x00, 0x19, 0x00, 0x08, 0x00,
    0xfc, 0xff, 0x05, 0x00, 0xfe, 0xff, 0x05, 0x00, 0xd4, 0xff, 0x09, 0x00, 0xff, 0xff, 0x05, 0x00,
    0xf5, 0xff, 0x06, 0x00, 0x00, 0x00, 0x03, 0x00, 0xfd, 0xff, 0x05, 0x00, 0x18, 0x00, 0x08, 0x00,
    0x00, 0x80, 0x06, 0x00, 0x0f, 0x00, 0x07, 0x00, 0xf8, 0xff, 0x06, 0x00, 0xfb, 0xff, 0x06, 0x00,
    0x0c, 0x00, 0x06, 0x00, 0x00, 0x00, 0x03, 0x00, 0x0a, 0x00, 0x06, 0x00, 0x07, 0x00, 0x06, 0x00,
    0x04, 0x00, 0x05, 0x00, 0x02, 0x00, 0x05, 0x00, 0x09, 0x00, 0x06, 0x00, 0x01, 0x00, 0x05, 0x00,
    0x21, 0x00, 0x08, 0x00, 0x00, 0x00, 0x03, 0x00, 0x03, 0x00, 0x05, 0x00, 0x06, 0x00, 0x06, 0x00,
    0x20, 0x00, 0x08, 0x00, 0x58, 0x00, 0x0c, 0x00, 0xb7, 0xff, 0x0b, 0x00, 0xf3, 0xff, 0x07, 0x00,
    0xd0, 0xff, 0x09, 0x00, 0x00, 0x00, 0x03, 0x00, 0xed, 0xff, 0x07, 0x00, 0x35, 0x00, 0x0a, 0x00,
    0xfc, 0xff, 0x05, 0x00, 0xfe, 0xff, 0x05, 0x00, 0xee, 0xff, 0x07, 0x00, 0xff, 0xff, 0x05, 0x00,
    0x0b, 0x00, 0x06, 0x00, 0x00, 0x00, 0x03, 0x00, 0xfd, 0xff, 0x05, 0x00, 0xf2, 0xff, 0x07, 0x00,
    0x1f, 0x00, 0x08, 0x00, 0x36, 0x00, 0x0a, 0x00, 0x08, 0x00, 0x06, 0x00, 0x05, 0x00, 0x06, 0x00,
    0xf4, 0xff, 0x06, 0x00, 0x00, 0x00, 0x03, 0x00, 0xf6, 0xff, 0x06, 0x00, 0xf9, 0xff, 0x06, 0x00,
    0x04, 0x00, 0x05, 0x00, 0x02, 0x00, 0x05, 0x00, 0xf7, 0xff, 0x06, 0x00, 0x01, 0x00, 0x05, 0x00,
    0xeb, 0xff, 0x07, 0x00, 0x00, 0x00, 0x03, 0x00, 0x03, 0x00, 0x05, 0x00, 0xfa, 0xff, 0x06, 0x00,
    0xec, 0xff, 0x07, 0x00, 0xf0, 0xff, 0x07, 0x00, 0xef, 0xff, 0x07, 0x00, 0x32, 0x00, 0x0a, 0x00,
    0xea, 0xff, 0x07, 0x00, 0x00, 0x00, 0x03, 0x00, 0x1e, 0x00, 0x08, 0x00, 0x34, 0x00, 0x0a, 0x00,
    0xfc, 0xff, 0x05, 0x00, 0xfe, 0xff, 0x05, 0x00, 0xd5, 0xff, 0x09, 0x00, 0xff, 0xff, 0x05, 0x00,
    0xf5, 0xff, 0x06, 0x00, 0x00, 0x00, 0x03, 0x00, 0xfd, 0xff, 0x05, 0x00, 0xdb, 0xff, 0x09, 0x00,
    0x00, 0x80, 0x06, 0x00, 0xf1, 0xff, 0x07, 0x00, 0xf8, 0xff, 0x06, 0x00, 0xfb, 0xff, 0x06, 0x00,
    0x0c, 0x00, 0x06, 0x00, 0x00, 0x00, 0x03, 0x00, 0x0a, 0x00, 0x06, 0x00, 0x07, 0x00, 0x06, 0x00,
    0x04, 0x00, 0x05, 0x00, 0x02, 0x00, 0x05, 0x00, 0x09, 0x00, 0x06, 0x00, 0x01, 0x00, 0x05, 0x00,
    0xde, 0xff, 0x08, 0x00, 0x00, 0x00, 0x03, 0x00, 0x03, 0x00, 0x05, 0x00, 0x06, 0x00, 0x06, 0x00,
    0xb1, 0xff, 0x0b, 0x00, 0xe4, 0xff, 0x08, 0x00, 0xe3, 0xff, 0x08, 0x00, 0x0d, 0x00, 0x07, 0x00,
    0xcf, 0xff, 0x09, 0x00, 0x00, 0x00, 0x03, 0x00, 0x13, 0x00, 0x07, 0x00, 0xe6, 0xff, 0x08, 0x00,
    0xfc, 0xff, 0x05, 0x00, 0xfe, 0xff, 0x05, 0x00, 0x12, 0x00, 0x07, 0x00, 0xff, 0xff, 0x05, 0x00,
    0x0b, 0x00, 0x06, 0x00, 0x00, 0x00, 0x03, 0x00, 0xfd, 0xff, 0x05, 0x00, 0x0e, 0x00, 0x07, 0x00,
    0x3c, 0x00, 0x0a, 0x00, 0xe5, 0xff, 0x08, 0x00, 0x08, 0x00, 0x06, 0x00, 0x05, 0x00, 0x06, 0x00,
    0xf4, 0xff, 0x06, 0x00, 0x00, 0x00, 0x03, 0x00, 0xf6, 0xff, 0x06, 0x00, 0xf9, 0xff, 0x06, 0x00,
    0x04, 0x00, 0x05, 0x00, 0x02, 0x00, 0x05, 0x00, 0xf7, 0xff, 0x06, 0x00, 0x01, 0x00, 0x05, 0x00,
    0x15, 0x00, 0x07, 0x00, 0x00, 0x00, 0x03, 0x00, 0x03, 0x00, 0x05, 0x00, 0xfa, 0xff, 0x06, 0x00,
    0x14, 0x00, 0x07, 0x00, 0x10, 0x00, 0x07, 0x00, 0x11, 0x00, 0x07, 0x00, 0xe9, 0xff, 0x08, 0x00,
    0x16, 0x00, 0x07, 0x00, 0x00, 0x00, 0x03, 0x00, 0x3b, 0x00, 0x0a, 0x00, 0xe7, 0xff, 0x08, 0x00,
    0xfc, 0xff, 0x05, 0x00, 0xfe, 0xff, 0x05, 0x00, 0x3a, 0x00, 0x0a, 0x00, 0xff, 0xff, 0x05, 0x00,
    0xf5, 0xff, 0x06, 0x00, 0x00, 0x00, 0x03, 0x00, 0xfd, 0xff, 0x05, 0x00, 0xe8, 0xff, 0x08, 0x00,
    0x00, 0x80, 0x06, 0x00, 0x0f, 0x00, 0x07, 0x00, 0xf8, 0xff, 0x06, 0x00, 0xfb, 0xff, 0x06, 0x00,
    0x0c, 0x00, 0x06, 0x00, 0x00, 0x00, 0x03, 0x00, 0x0a, 0x00, 0x06, 0x00, 0x07, 0x00, 0x06, 0x00,
    0x04, 0x00, 0x05, 0x00, 0x02, 0x00, 0x05, 0x00, 0x09, 0x00, 0x06, 0x00, 0x01, 0x00, 0x05, 0x00,
    0xdf, 0xff, 0x08, 0x00, 0x00, 0x00, 0x03, 0x00, 0x03, 0x00, 0x05, 0x00, 0x06, 0x00, 0x06, 0x00,
    0xe0, 0xff, 0x08, 0x00, 0xd8, 0xff, 0x09, 0x00, 0xd7, 0xff, 0x09, 0x00, 0xf3, 0xff, 0x07, 0x00,
    0x3f, 0x00, 0x0a, 0x00, 0x00, 0x00, 0x03, 0x00, 0xed, 0xff, 0x07, 0x00, 0xda, 0xff, 0x09, 0x00,
    0xfc, 0xff, 0x05, 0x00, 0xfe, 0xff, 0x05, 0x00, 0xee, 0xff, 0x07, 0x00, 0xff, 0xff, 0x05, 0x00,
    0x0b, 0x00, 0x06, 0x00, 0x00, 0x00, 0x03, 0x00, 0xfd, 0xff, 0x05, 0x00, 0xf2, 0xff, 0x07, 0x00,
    0xe1, 0xff, 0x08, 0x00, 0xd9, 0xff, 0x09, 0x00, 0x08, 0x00, 0x06, 0x00, 0x05, 0x00, 0x06, 0x00,
    0xf4, 0xff, 0x06, 0x00, 0x00, 0x00, 0x03, 0x00, 0xf6, 0xff, 0x06, 0x00, 0xf9, 0xff, 0x06, 0x00,
    0x04, 0x00, 0x05, 0x00, 0x02, 0x00, 0x05, 0x00, 0xf7, 0xff, 0x06, 0x00, 0x01, 0x00, 0x05, 0x00,
    0xeb, 0xff, 0x07, 0x00, 0x00, 0x00, 0x03, 0x00, 0x03, 0x00, 0x05, 0x00, 0xfa, 0xff, 0x06, 0x00,
    0xec, 0xff, 0x07, 0x00, 0xf0, 0xff, 0x07, 0x00, 0xef, 0xff, 0x07, 0x00, 0xdd, 0xff, 0x09, 0x00,
    0xea, 0xff, 0x07, 0x00, 0x00, 0x00, 0x03, 0x00, 0xe2, 0xff, 0x08, 0x00, 0x33, 0x00, 0x0a, 0x00,
    0xfc, 0xff, 0x05, 0x00, 0xfe, 0xff, 0x05, 0x00, 0xd6, 0xff, 0x09, 0x00, 0xff, 0xff, 0x05, 0x00,
    0xf5, 0xff, 0x06, 0x00, 0x00, 0x00, 0x03, 0x00, 0xfd, 0xff, 0x05, 0x00, 0xdc, 0xff, 0x09, 0x00,
    0x00, 0x80, 0x06, 0x00, 0xf1, 0xff, 0x07, 0x00, 0xf8, 0xff, 0x06, 0x00, 0xfb, 0xff, 0x06, 0x00,
    0x0c, 0x00, 0x06, 0x00, 0x00, 0x00, 0x03, 0x00, 0x0a, 0x00, 0x06, 0x00, 0x07, 0x00, 0x06, 0x00,
    0x04, 0x00, 0x05, 0x00, 0x02, 0x00, 0x05, 0x00, 0x09, 0x00, 0x06, 0x00, 0x01, 0x00, 0x05, 0x00,
    0x22, 0x00, 0x08, 0x00, 0x00, 0x00, 0x03, 0x00, 0x03, 0x00, 0x05, 0x00, 0x06, 0x00, 0x06, 0x00,
    0x2f, 0x00, 0x09, 0x00, 0x1c, 0x00, 0x08, 0x00, 0x1d, 0x00, 0x08, 0x00, 0x0d, 0x00, 0x07, 0x00,
    0xbf, 0xff, 0x0a, 0x00, 0x00, 0x00, 0x03, 0x00, 0x13, 0x00, 0x07, 0x00, 0x1a, 0x00, 0x08, 0x00,
    0xfc, 0xff, 0x05, 0x00, 0xfe, 0xff, 0x05, 0x00, 0x12, 0x00, 0x07, 0x00, 0xff, 0xff, 0x05, 0x00,
    0x0b, 0x00, 0x06, 0x00, 0x00, 0x00, 0x03, 0x00, 0xfd, 0xff, 0x05, 0x00, 0x0e, 0x00, 0x07, 0x00,
    0x2e, 0x00, 0x09, 0x00, 0x1b, 0x00, 0x08, 0x00, 0x08, 0x00, 0x06, 0x00, 0x05, 0x00, 0x06, 0x00,
    0xf4, 0xff, 0x06, 0x00, 0x00, 0x00, 0x03, 0x00, 0xf6, 0xff, 0x06, 0x00, 0xf9, 0xff, 0x06, 0x00,
    0x04, 0x00, 0x05, 0x00, 0x02, 0x00, 0x05, 0x00, 0xf7, 0xff, 0x06, 0x00, 0x01, 0x00, 0x05, 0x00,
    0x15, 0x00, 0x07, 0x00, 0x00, 0x00, 0x03, 0x00, 0x03, 0x00, 0x05, 0x00, 0xfa, 0xff, 0x06, 0x00,
    0x14, 0x00, 0x07, 0x00, 0x10, 0x00, 0x07, 0x00, 0x11, 0x00, 0x07, 0x00, 0x17, 0x00, 0x08, 0x00,
    0x16, 0x00, 0x07, 0x00, 0x00, 0x00, 0x03, 0x00, 0x2d, 0x00, 0x09, 0x00, 0x19, 0x00, 0x08, 0x00,
    0xfc, 0xff, 0x05, 0x00, 0xfe, 0xff, 0x05, 0x00, 0x2c, 0x00, 0x09, 0x00, 0xff, 0xff, 0x05, 0x00,
    0xf5, 0xff, 0x06, 0x00, 0x00, 0x00, 0x03, 0x00, 0xfd, 0xff, 0x05, 0x00, 0x18, 0x00, 0x08, 0x00,
    0x00, 0x80, 0x06, 0x00, 0x0f, 0x00, 0x07, 0x00, 0xf8, 0xff, 0x06, 0x00, 0xfb, 0xff, 0x06, 0x00,
    0x0c, 0x00, 0x06, 0x00, 0x00, 0x00, 0x03, 0x00, 0x0a, 0x00, 0x06, 0x00, 0x07, 0x00, 0x06, 0x00,
    0x04, 0x00, 0x05, 0x00, 0x02, 0x00, 0x05, 0x00, 0x09, 0x00, 0x06, 0x00, 0x01, 0x00, 0x05, 0x00,
    0x21, 0x00, 0x08, 0x00, 0x00, 0x00, 0x03, 0x00, 0x03, 0x00, 0x05, 0x00, 0x06, 0x00, 0x06, 0x00,
    0x20, 0x00, 0x08, 0x00, 0xc8, 0xff, 0x0a, 0x00, 0xc7, 0xff, 0x0a, 0x00, 0xf3, 0xff, 0x07, 0x00,
    0x30, 0x00, 0x09, 0x00, 0x00, 0x00, 0x03, 0x00, 0xed, 0xff, 0x07, 0x00, 0x56, 0x00, 0x0c, 0x00,
    0xfc, 0xff, 0x05, 0x00, 0xfe, 0xff, 0x05, 0x00, 0xee, 0xff, 0x07, 0x00, 0xff, 0xff, 0x05, 0x00,
    0x0b, 0x00, 0x06, 0x00, 0x00, 0x00, 0x03, 0x00, 0xfd, 0xff, 0x05, 0x00, 0xf2, 0xff, 0x07, 0x00,
    0x1f, 0x00, 0x08, 0x00, 0xc9, 0xff, 0x0a, 0x00, 0x08, 0x00, 0x06, 0x00, 0x05, 0x00, 0x06, 0x00,
    0xf4, 0xff, 0x06, 0x00, 0x00, 0x00, 0x03, 0x00, 0xf6, 0xff, 0x06, 0x00, 0xf9, 0xff, 0x06, 0x00,
    0x04, 0x00, 0x05, 0x00, 0x02, 0x00, 0x05, 0x00, 0xf7, 0xff, 0x06, 0x00, 0x01, 0x00, 0x05, 0x00,
    0xeb, 0xff, 0x07, 0x00, 0x00, 0x00, 0x03, 0x00, 0x03, 0x00, 0x05, 0x00, 0xfa, 0xff, 0x06, 0x00,
    0xec, 0xff, 0x07, 0x00, 0xf0, 0xff, 0x07, 0x00, 0xef, 0xff, 0x07, 0x00, 0x52, 0x00, 0x0c, 0x00,
    0xea, 0xff, 0x07, 0x00, 0x00, 0x00, 0x03, 0x00, 0x1e, 0x00, 0x08, 0x00, 0xbc, 0xff, 0x0b, 0x00,
    0xfc, 0xff, 0x05, 0x00, 0xfe, 0xff, 0x05, 0x00, 0x2b, 0x00, 0x09, 0x00, 0xff, 0xff, 0x05, 0x00,
    0xf5, 0xff, 0x06, 0x00, 0x00, 0x00, 0x03, 0x00, 0xfd, 0xff, 0x05, 0x00, 0x25, 0x00, 0x09, 0x00,
    0x00, 0x80, 0x06, 0x00, 0xf1, 0xff, 0x07, 0x00, 0xf8, 0xff, 0x06, 0x00, 0xfb, 0xff, 0x06, 0x00,
    0x0c, 0x00, 0x06, 0x00, 0x00, 0x00, 0x03, 0x00, 0x0a, 0x00, 0x06, 0x00, 0x07, 0x00, 0x06, 0x00,
    0x04, 0x00, 0x05, 0x00, 0x02, 0x00, 0x05, 0x00, 0x09, 0x00, 0x06, 0x00, 0x01, 0x00, 0x05, 0x00,
    0xde, 0xff, 0x08, 0x00, 0x00, 0x00, 0x03, 0x00, 0x03, 0x00, 0x05, 0x00, 0x06, 0x00, 0x06, 0x00,
    0xc2, 0xff, 0x0a, 0x00, 0xe4, 0xff, 0x08, 0x00, 0xe3, 0xff, 0x08, 0x00, 0x0d, 0x00, 0x07, 0x00,
    0x31, 0x00, 0x09, 0x00, 0x00, 0x00, 0x03, 0x00, 0x13, 0x00, 0x07, 0x00, 0xe6, 0xff, 0x08, 0x00,
    0xfc, 0xff, 0x05, 0x00, 0xfe, 0xff, 0x05, 0x00, 0x12, 0x00, 0x07, 0x00, 0xff, 0xff, 0x05, 0x00,
    0x0b, 0x00, 0x06, 0x00, 0x00, 0x00, 0x03, 0x00, 0xfd, 0xff, 0x05, 0x00, 0x0e, 0x00, 0x07, 0x00,
    0xc3, 0xff, 0x0a, 0x00, 0xe5, 0xff, 0x08, 0x00, 0x08, 0x00, 0x06, 0x00, 0x05, 0x00, 0x06, 0x00,
    0xf4, 0xff, 0x06, 0x00, 0x00, 0x00, 0x03, 0x00, 0xf6, 0xff, 0x06, 0x00, 0xf9, 0xff, 0x06, 0x00,
    0x04, 0x00, 0x05, 0x00, 0x02, 0x00, 0x05, 0x00, 0xf7, 0xff, 0x06, 0x00, 0x01, 0x00, 0x05, 0x00,
    0x15, 0x00, 0x07, 0x00, 0x00, 0x00, 0x03, 0x00, 0x03, 0x00, 0x05, 0x00, 0xfa, 0xff, 0x06, 0x00,
    0x14, 0x00, 0x07, 0x00, 0x10, 0x00, 0x07, 0x00, 0x11, 0x00, 0x07, 0x00, 0xe9, 0xff, 0x08, 0x00,
    0x16, 0x00, 0x07, 0x00, 0x00, 0x00, 0x03, 0x00, 0xb4, 0xff, 0x0b, 0x00, 0xe7, 0xff, 0x08, 0x00,
    0xfc, 0xff, 0x05, 0x00, 0xfe, 0xff, 0x05, 0x00, 0xb6, 0xff, 0x0b, 0x00, 0xff, 0xff, 0x05, 0x00,
    0xf5, 0xff, 0x06, 0x00, 0x00, 0x00, 0x03, 0x00, 0xfd, 0xff, 0x05, 0x00, 0xe8, 0xff, 0x08, 0x00,
    0x00, 0x80, 0x06, 0x00, 0x0f, 0x00, 0x07, 0x00, 0xf8, 0xff, 0x06, 0x00, 0xfb, 0xff, 0x06, 0x00,
    0x0c, 0x00, 0x06, 0x00, 0x00, 0x00, 0x03, 0x00, 0x0a, 0x00, 0x06, 0x00, 0x07, 0x00, 0x06, 0x00,
    0x04, 0x00, 0x05, 0x00, 0x02, 0x00, 0x05, 0x00, 0x09, 0x00, 0x06, 0x00, 0x01, 0x00, 0x05, 0x00,
    0xdf, 0xff, 0x08, 0x00, 0x00, 0x00, 0x03, 0x00, 0x03, 0x00, 0x05, 0x00, 0x06, 0x00, 0x06, 0x00,
    0xe0, 0xff, 0x08, 0x00, 0x28, 0x00, 0x09, 0x00, 0x29, 0x00, 0x09, 0x00, 0xf3, 0xff, 0x07, 0x00,
    0xb0, 0xff, 0x0b, 0x00, 0x00, 0x00, 0x03, 0x00, 0xed, 0xff, 0x07, 0x00, 0x26, 0x00, 0x09, 0x00,
    0xfc, 0xff, 0x05, 0x00, 0xfe, 0xff, 0x05, 0x00, 0xee, 0xff, 0x07, 0x00, 0xff, 0xff, 0x05, 0x00,
    0x0b, 0x00, 0x06, 0x00, 0x00, 0x00, 0x03, 0x00, 0xfd, 0xff, 0x05, 0x00, 0xf2, 0xff, 0x07, 0x00,
    0xe1, 0xff, 0x08, 0x00, 0x27, 0x00, 0x09, 0x00, 0x08, 0x00, 0x06, 0x00, 0x05, 0x00, 0x06, 0x00,
    0xf4, 0xff, 0x06, 0x00, 0x00, 0x00, 0x03, 0x00, 0xf6, 0xff, 0x06, 0x00, 0xf9, 0xff, 0x06, 0x00,
    0x04, 0x00, 0x05, 0x00, 0x02, 0x00, 0x05, 0x00, 0xf7, 0xff, 0x06, 0x00, 0x01, 0x00, 0x05, 0x00,
    0xeb, 0xff, 0x07, 0x00, 0x00, 0x00, 0x03, 0x00, 0x03, 0x00, 0x05, 0x00, 0xfa, 0xff, 0x06, 0x00,
    0xec, 0xff, 0x07, 0x00, 0xf0, 0xff, 0x07, 0x00, 0xef, 0xff, 0x07, 0x00, 0x23, 0x00, 0x09, 0x00,
    0xea, 0xff, 0x07, 0x00, 0x00, 0x00, 0x03, 0x00, 0xe2, 0xff, 0x08, 0x00, 0xbd, 0xff, 0x0b, 0x00,
    0xfc, 0xff, 0x05, 0x00, 0xfe, 0xff, 0x05, 0x00, 0x2a, 0x00, 0x09, 0x00, 0xff, 0xff, 0x05, 0x00,
    0xf5, 0xff, 0x06, 0x00, 0x00, 0x00, 0x03, 0x00, 0xfd, 0xff, 0x05, 0x00, 0x24, 0x00, 0x09, 0x00,
    0x00, 0x80, 0x06, 0x00, 0xf1, 0xff, 0x07, 0x00, 0xf8, 0xff, 0x06, 0x00, 0xfb, 0xff, 0x06, 0x00,
    0x0c, 0x00, 0x06, 0x00, 0x00, 0x00, 0x03, 0x00, 0x0a, 0x00, 0x06, 0x00, 0x07, 0x00, 0x06, 0x00,
    0x04, 0x00, 0x05, 0x00, 0x02, 0x00, 0x05, 0x00, 0x09, 0x00, 0x06, 0x00, 0x01, 0x00, 0x05, 0x00,
    0x22, 0x00, 0x08, 0x00, 0x00, 0x00, 0x03, 0x00, 0x03, 0x00, 0x05, 0x00, 0x06, 0x00, 0x06, 0x00,
    0xd1, 0xff, 0x09, 0x00, 0x1c, 0x00, 0x08, 0x00, 0x1d, 0x00, 0x08, 0x00, 0x0d, 0x00, 0x07, 0x00,
    0xc0, 0xff, 0x0a, 0x00, 0x00, 0x00, 0x03, 0x00, 0x13, 0x00, 0x07, 0x00, 0x1a, 0x00, 0x08, 0x00,
    0xfc, 0xff, 0x05, 0x00, 0xfe, 0xff, 0x05, 0x00, 0x12, 0x00, 0x07, 0x00, 0xff, 0xff, 0x05, 0x00,
    0x0b, 0x00, 0x06, 0x00, 0x00, 0x00, 0x03, 0x00, 0xfd, 0xff, 0x05, 0x00, 0x0e, 0x00, 0x07, 0x00,
    0xd2, 0xff, 0x09, 0x00, 0x1b, 0x00, 0x08, 0x00, 0x08, 0x00, 0x06, 0x00, 0x05, 0x00, 0x06, 0x00,
    0xf4, 0xff, 0x06, 0x00, 0x00, 0x00, 0x03, 0x00, 0xf6, 0xff, 0x06, 0x00, 0xf9, 0xff, 0x06, 0x00,
    0x04, 0x00, 0x05, 0x00, 0x02, 0x00, 0x05, 0x00, 0xf7, 0xff, 0x06, 0x00, 0x01, 0x00, 0x05, 0x00,
    0x15, 0x00, 0x07, 0x00, 0x00, 0x00, 0x03, 0x00, 0x03, 0x00, 0x05, 0x00, 0xfa, 0xff, 0x06, 0x00,
    0x14, 0x00, 0x07, 0x00, 0x10, 0x00, 0x07, 0x00, 0x11, 0x00, 0x07, 0x00, 0x17, 0x00, 0x08, 0x00,
    0x16, 0x00, 0x07, 0x00, 0x00, 0x00, 0x03, 0x00, 0xd3, 0xff, 0x09, 0x00, 0x19, 0x00, 0x08, 0x00,
    0xfc, 0xff, 0x05, 0x00, 0xfe, 0xff, 0x05, 0x00, 0xd4, 0xff, 0x09, 0x00, 0xff, 0xff, 0x05, 0x00,
    0xf5, 0xff, 0x06, 0x00, 0x00, 0x00, 0x03, 0x00, 0xfd, 0xff, 0x05, 0x00, 0x18, 0x00, 0x08, 0x00,
    0x00, 0x80, 0x06, 0x00, 0x0f, 0x00, 0x07, 0x00, 0xf8, 0xff, 0x06, 0x00, 0xfb, 0xff, 0x06, 0x00,
    0x0c, 0x00, 0x06, 0x00, 0x00, 0x00, 0x03, 0x00, 0x0a, 0x00, 0x06, 0x00, 0x07, 0x00, 0x06, 0x00,
    0x04, 0x00, 0x05, 0x00, 0x02, 0x00, 0x05, 0x00, 0x09, 0x00, 0x06, 0x00, 0x01, 0x00, 0x05, 0x00,
    0x21, 0x00, 0x08, 0x00, 0x00, 0x00, 0x03, 0x00, 0x03, 0x00, 0x05, 0x00, 0x06, 0x00, 0x06, 0x00,
    0x20, 0x00, 0x08, 0x00, 0xb9, 0xff, 0x0b, 0x00, 0xb8, 0xff, 0x0b, 0x00, 0xf3, 0xff, 0x07, 0x00,
    0xd0, 0xff, 0x09, 0x00, 0x00, 0x00, 0x03, 0x00, 0xed, 0xff, 0x07, 0x00, 0xcb, 0xff, 0x0a, 0x00,
    0xfc, 0xff, 0x05, 0x00, 0xfe, 0xff, 0x05, 0x00, 0xee, 0xff, 0x07, 0x00, 0xff, 0xff, 0x05, 0x00,
    0x0b, 0x00, 0x06, 0x00, 0x00, 0x00, 0x03, 0x00, 0xfd, 0xff, 0x05, 0x00, 0xf2, 0xff, 0x07, 0x00,
    0x1f, 0x00, 0x08, 0x00, 0xca, 0xff, 0x0a, 0x00, 0x08, 0x00, 0x06, 0x00, 0x05, 0x00, 0x06, 0x00,
    0xf4, 0xff, 0x06, 0x00, 0x00, 0x00, 0x03, 0x00, 0xf6, 0xff, 0x06, 0x00, 0xf9, 0xff, 0x06, 0x00,
    0x04, 0x00, 0x05, 0x00, 0x02, 0x00, 0x05, 0x00, 0xf7, 0xff, 0x06, 0x00, 0x01, 0x00, 0x05, 0x00,
    0xeb, 0xff, 0x07, 0x00, 0x00, 0x00, 0x03, 0x00, 0x03, 0x00, 0x05, 0x00, 0xfa, 0xff, 0x06, 0x00,
    0xec, 0xff, 0x07, 0x00, 0xf0, 0xff, 0x07, 0x00, 0xef, 0xff, 0x07, 0x00, 0xce, 0xff, 0x0a, 0x00,
    0xea, 0xff, 0x07, 0x00, 0x00, 0x00, 0x03, 0x00, 0x1e, 0x00, 0x08, 0x00, 0xcc, 0xff, 0x0a, 0x00,
    0xfc, 0xff, 0x05, 0x00, 0xfe, 0xff, 0x05, 0x00, 0xd5, 0xff, 0x09, 0x00, 0xff, 0xff, 0x05, 0x00,
    0xf5, 0xff, 0x06, 0x00, 0x00, 0x00, 0x03, 0x00, 0xfd, 0xff, 0x05, 0x00, 0xdb, 0xff, 0x09, 0x00,
    0x00, 0x80, 0x06, 0x00, 0xf1, 0xff, 0x07, 0x00, 0xf8, 0xff, 0x06, 0x00, 0xfb, 0xff, 0x06, 0x00,
    0x0c, 0x00, 0x06, 0x00, 0x00, 0x00, 0x03, 0x00, 0x0a, 0x00, 0x06, 0x00, 0x07, 0x00, 0x06, 0x00,
    0x04, 0x00, 0x05, 0x00, 0x02, 0x00, 0x05, 0x00, 0x09, 0x00, 0x06, 0x00, 0x01, 0x00, 0x05, 0x00,
    0xde, 0xff, 0x08, 0x00, 0x00, 0x00, 0x03, 0x00, 0x03, 0x00, 0x05, 0x00, 0x06, 0x00, 0x06, 0x00,
    0xb2, 0xff, 0x0b, 0x00, 0xe4, 0xff, 0x08, 0x00, 0xe3, 0xff, 0x08, 0x00, 0x0d, 0x00, 0x07, 0x00,
    0xcf, 0xff, 0x09, 0x00, 0x00, 0x00, 0x03, 0x00, 0x13, 0x00, 0x07, 0x00, 0xe6, 0xff, 0x08, 0x00,
    0xfc, 0xff, 0x05, 0x00, 0xfe, 0xff, 0x05, 0x00, 0x12, 0x00, 0x07, 0x00, 0xff, 0xff, 0x05, 0x00,
    0x0b, 0x00, 0x06, 0x00, 0x00, 0x00, 0x03, 0x00, 0xfd, 0xff, 0x05, 0x00, 0x0e, 0x00, 0x07, 0x00,
    0xc4, 0xff, 0x0a, 0x00, 0xe5, 0xff, 0x08, 0x00, 0x08, 0x00, 0x06, 0x00, 0x05, 0x00, 0x06, 0x00,
    0xf4, 0xff, 0x06, 0x00, 0x00, 0x00, 0x03, 0x00, 0xf6, 0xff, 0x06, 0x00, 0xf9, 0xff, 0x06, 0x00,
    0x04, 0x00, 0x05, 0x00, 0x02, 0x00, 0x05, 0x00, 0xf7, 0xff, 0x06, 0x00, 0x01, 0x00, 0x05, 0x00,
    0x15, 0x00, 0x07, 0x00, 0x00, 0x00, 0x03, 0x00, 0x03, 0x00, 0x05, 0x00, 0xfa, 0xff, 0x06, 0x00,
    0x14, 0x00, 0x07, 0x00, 0x10, 0x00, 0x07, 0x00, 0x11, 0x00, 0x07, 0x00, 0xe9, 0xff, 0x08, 0x00,
    0x16, 0x00, 0x07, 0x00, 0x00, 0x00, 0x03, 0x00, 0xc5, 0xff, 0x0a, 0x00, 0xe7, 0xff, 0x08, 0x00,
    0xfc, 0xff, 0x05, 0x00, 0xfe, 0xff, 0x05, 0x00, 0xc6, 0xff, 0x0a, 0x00, 0xff, 0xff, 0x05, 0x00,
    0xf5, 0xff, 0x06, 0x00, 0x00, 0x00, 0x03, 0x00, 0xfd, 0xff, 0x05, 0x00, 0xe8, 0xff, 0x08, 0x00,
    0x00, 0x80, 0x06, 0x00, 0x0f, 0x00, 0x07, 0x00, 0xf8, 0xff, 0x06, 0x00, 0xfb, 0xff, 0x06, 0x00,
    0x0c, 0x00, 0x06, 0x00, 0x00, 0x00, 0x03, 0x00, 0x0a, 0x00, 0x06, 0x00, 0x07, 0x00, 0x06, 0x00,
    0x04, 0x00, 0x05, 0x00, 0x02, 0x00, 0x05, 0x00, 0x09, 0x00, 0x06, 0x00, 0x01, 0x00, 0x05, 0x00,
    0xdf, 0xff, 0x08, 0x00, 0x00, 0x00, 0x03, 0x00, 0x03, 0x00, 0x05, 0x00, 0x06, 0x00, 0x06, 0x00,
    0xe0, 0xff, 0x08, 0x00, 0xd8, 0xff, 0x09, 0x00, 0xd7, 0xff, 0x09, 0x00, 0xf3, 0xff, 0x07, 0x00,
    0xc1, 0xff, 0x0a, 0x00, 0x00, 0x00, 0x03, 0x00, 0xed, 0xff, 0x07, 0x00, 0xda, 0xff, 0x09, 0x00,
    0xfc, 0xff, 0x05, 0x00, 0xfe, 0xff, 0x05, 0x00, 0xee, 0xff, 0x07, 0x00, 0xff, 0xff, 0x05, 0x00,
    0x0b, 0x00, 0x06, 0x00, 0x00, 0x00, 0x03, 0x00, 0xfd, 0xff, 0x05, 0x00, 0xf2, 0xff, 0x07, 0x00,
    0xe1, 0xff, 0x08, 0x00, 0xd9, 0xff, 0x09, 0x00, 0x08, 0x00, 0x06, 0x00, 0x05, 0x00, 0x06, 0x00,
    0xf4, 0xff, 0x06, 0x00, 0x00, 0x00, 0x03, 0x00, 0xf6, 0xff, 0x06, 0x00, 0xf9, 0xff, 0x06, 0x00,
    0x04, 0x00, 0x05, 0x00, 0x02, 0x00, 0x05, 0x00, 0xf7, 0xff, 0x06, 0x00, 0x01, 0x00, 0x05, 0x00,
    0xeb, 0xff, 0x07, 0x00, 0x00, 0x00, 0x03, 0x00, 0x03, 0x00, 0x05, 0x00, 0xfa, 0xff, 0x06, 0x00,
    0xec, 0xff, 0x07, 0x00, 0xf0, 0xff, 0x07, 0x00, 0xef, 0xff, 0x07, 0x00, 0xdd, 0xff, 0x09, 0x00,
    0xea, 0xff, 0x07, 0x00, 0x00, 0x00, 0x03, 0x00, 0xe2, 0xff, 0x08, 0x00, 0xcd, 0xff, 0x0a, 0x00,
    0xfc, 0xff, 0x05, 0x00, 0xfe, 0xff, 0x05, 0x00, 0xd6, 0xff, 0x09, 0x00, 0xff, 0xff, 0x05, 0x00,
    0xf5, 0xff, 0x06, 0x00, 0x00, 0x00, 0x03, 0x00, 0xfd, 0xff, 0x05, 0x00, 0xdc, 0xff, 0x09, 0x00,
    0x00, 0x80, 0x06, 0x00, 0xf1, 0xff, 0x07, 0x00, 0xf8, 0xff, 0x06, 0x00, 0xfb, 0xff, 0x06, 0x00,
    0x0c, 0x00, 0x06, 0x00, 0x00, 0x00, 0x03, 0x00, 0x0a, 0x00, 0x06, 0x00, 0x07, 0x00, 0x06, 0x00,
    0x04, 0x00, 0x05, 0x00, 0x02, 0x00, 0x05, 0x00, 0x09, 0x00, 0x06, 0x00, 0x01, 0x00, 0x05, 0x00,
    0x22, 0x00, 0x08, 0x00, 0x00, 0x00, 0x03, 0x00, 0x03, 0x00, 0x05, 0x00, 0x06, 0x00, 0x06, 0x00,
    0x2f, 0x00, 0x09, 0x00, 0x1c, 0x00, 0x08, 0x00, 0x1d, 0x00, 0x08, 0x00, 0x0d, 0x00, 0x07, 0x00,
    0x41, 0x00, 0x0a, 0x00, 0x00, 0x00, 0x03, 0x00, 0x13, 0x00, 0x07, 0x00, 0x1a, 0x00, 0x08, 0x00,
    0xfc, 0xff, 0x05, 0x00, 0xfe, 0xff, 0x05, 0x00, 0x12, 0x00, 0x07, 0x00, 0xff, 0xff, 0x05, 0x00,
    0x0b, 0x00, 0x06, 0x00, 0x00, 0x00, 0x03, 0x00, 0xfd, 0xff, 0x05, 0x00, 0x0e, 0x00, 0x07, 0x00,
    0x2e, 0x00, 0x09, 0x00, 0x1b, 0x00, 0x08, 0x00, 0x08, 0x00, 0x06, 0x00, 0x05, 0x00, 0x06, 0x00,
    0xf4, 0xff, 0x06, 0x00, 0x00, 0x00, 0x03, 0x00, 0xf6, 0xff, 0x06, 0x00, 0xf9, 0xff, 0x06, 0x00,
    0x04, 0x00, 0x05, 0x00, 0x02, 0x00, 0x05, 0x00, 0xf7, 0xff, 0x06, 0x00, 0x01, 0x00, 0x05, 0x00,
    0x15, 0x00, 0x07, 0x00, 0x00, 0x00, 0x03, 0x00, 0x03, 0x00, 0x05, 0x00, 0xfa, 0xff, 0x06, 0x00,
    0x14, 0x00, 0x07, 0x00, 0x10, 0x00, 0x07, 0x00, 0x11, 0x00, 0x07, 0x00, 0x17, 0x00, 0x08, 0x00,
    0x16, 0x00, 0x07, 0x00, 0x00, 0x00, 0x03, 0x00, 0x2d, 0x00, 0x09, 0x00, 0x19, 0x00, 0x08, 0x00,
    0xfc, 0xff, 0x05, 0x00, 0xfe, 0xff, 0x05, 0x00, 0x2c, 0x00, 0x09, 0x00, 0xff, 0xff, 0x05, 0x00,
    0xf5, 0xff, 0x06, 0x00, 0x00, 0x00, 0x03, 0x00, 0xfd, 0xff, 0x05, 0x00, 0x18, 0x00, 0x08, 0x00,
    0x00, 0x80, 0x06, 0x00, 0x0f, 0x00, 0x07, 0x00, 0xf8, 0xff, 0x06, 0x00, 0xfb, 0xff, 0x06, 0x00,
    0x0c, 0x00, 0x06, 0x00, 0x00, 0x00, 0x03, 0x00, 0x0a, 0x00, 0x06, 0x00, 0x07, 0x00, 0x06, 0x00,
    0x04, 0x00, 0x05, 0x00, 0x02, 0x00, 0x05, 0x00, 0x09, 0x00, 0x06, 0x00, 0x01, 0x00, 0x05, 0x00,
    0x21, 0x00, 0x08, 0x00, 0x00, 0x00, 0x03, 0x00, 0x03, 0x00, 0x05, 0x00, 0x06, 0x00, 0x06, 0x00,
    0x20, 0x00, 0x08, 0x00, 0x38, 0x00, 0x0a, 0x00, 0x39, 0x00, 0x0a, 0x00, 0xf3, 0xff, 0x07, 0x00,
    0x30, 0x00, 0x09, 0x00, 0x00, 0x00, 0x03, 0x00, 0xed, 0xff, 0x07, 0x00, 0x46, 0x00, 0x0b, 0x00,
    0xfc, 0xff, 0x05, 0x00, 0xfe, 0xff, 0x05, 0x00, 0xee, 0xff, 0x07, 0x00, 0xff, 0xff, 0x05, 0x00,
    0x0b, 0x00, 0x06, 0x00, 0x00, 0x00, 0x03, 0x00, 0xfd, 0xff, 0x05, 0x00, 0xf2, 0xff, 0x07, 0x00,
    0x1f, 0x00, 0x08, 0x00, 0x37, 0x00, 0x0a, 0x00, 0x08, 0x00, 0x06, 0x00, 0x05, 0x00, 0x06, 0x00,
    0xf4, 0xff, 0x06, 0x00, 0x00, 0x00, 0x03, 0x00, 0xf6, 0xff, 0x06, 0x00, 0xf9, 0xff, 0x06, 0x00,
    0x04, 0x00, 0x05, 0x00, 0x02, 0x00, 0x05, 0x00, 0xf7, 0xff, 0x06, 0x00, 0x01, 0x00, 0x05, 0x00,
    0xeb, 0xff, 0x07, 0x00, 0x00, 0x00, 0x03, 0x00, 0x03, 0x00, 0x05, 0x00, 0xfa, 0xff, 0x06, 0x00,
    0xec, 0xff, 0x07, 0x00, 0xf0, 0xff, 0x07, 0x00, 0xef, 0xff, 0x07, 0x00, 0x42, 0x00, 0x0b, 0x00,
    0xea, 0xff, 0x07, 0x00, 0x00, 0x00, 0x03, 0x00, 0x1e, 0x00, 0x08, 0x00, 0x45, 0x00, 0x0b, 0x00,
    0xfc, 0xff, 0x05, 0x00, 0xfe, 0xff, 0x05, 0x00, 0x2b, 0x00, 0x09, 0x00, 0xff, 0xff, 0x05, 0x00,
    0xf5, 0xff, 0x06, 0x00, 0x00, 0x00, 0x03, 0x00, 0xfd, 0xff, 0x05, 0x00, 0x25, 0x00, 0x09, 0x00,
    0x00, 0x80, 0x06, 0x00, 0xf1, 0xff, 0x07, 0x00, 0xf8, 0xff, 0x06, 0x00, 0xfb, 0xff, 0x06, 0x00,
    0x0c, 0x00, 0x06, 0x00, 0x00, 0x00, 0x03, 0x00, 0x0a, 0x00, 0x06, 0x00, 0x07, 0x00, 0x06, 0x00,
    0x04, 0x00, 0x05, 0x00, 0x02, 0x00, 0x05, 0x00, 0x09, 0x00, 0x06, 0x00, 0x01, 0x00, 0x05, 0x00,
    0xde, 0xff, 0x08, 0x00, 0x00, 0x00, 0x03, 0x00, 0x03, 0x00, 0x05, 0x00, 0x06, 0x00, 0x06, 0x00,
    0x3e, 0x00, 0x0a, 0x00, 0xe4, 0xff, 0x08, 0x00, 0xe3, 0xff, 0x08, 0x00, 0x0d, 0x00, 0x07, 0x00,
    0x31, 0x00, 0x09, 0x00, 0x00, 0x00, 0x03, 0x00, 0x13, 0x00, 0x07, 0x00, 0xe6, 0xff, 0x08, 0x00,
    0xfc, 0xff, 0x05, 0x00, 0xfe, 0xff, 0x05, 0x00, 0x12, 0x00, 0x07, 0x00, 0xff, 0xff, 0x05, 0x00,
    0x0b, 0x00, 0x06, 0x00, 0x00, 0x00, 0x03, 0x00, 0xfd, 0xff, 0x05, 0x00, 0x0e, 0x00, 0x07, 0x00,
    0x3d, 0x00, 0x0a, 0x00, 0xe5, 0xff, 0x08, 0x00, 0x08, 0x00, 0x06, 0x00, 0x05, 0x00, 0x06, 0x00,
    0xf4, 0xff, 0x06, 0x00, 0x00, 0x00, 0x03, 0x00, 0xf6, 0xff, 0x06, 0x00, 0xf9, 0xff, 0x06, 0x00,
    0x04, 0x00, 0x05, 0x00, 0x02, 0x00, 0x05, 0x00, 0xf7, 0xff, 0x06, 0x00, 0x01, 0x00, 0x05, 0x00,
    0x15, 0x00, 0x07, 0x00, 0x00, 0x00, 0x03, 0x00, 0x03, 0x00, 0x05, 0x00, 0xfa, 0xff, 0x06, 0x00,
    0x14, 0x00, 0x07, 0x00, 0x10, 0x00, 0x07, 0x00, 0x11, 0x00, 0x07, 0x00, 0xe9, 0xff, 0x08, 0x00,
    0x16, 0x00, 0x07, 0x00, 0x00, 0x00, 0x03, 0x00, 0x4d, 0x00, 0x0b, 0x00, 0xe7, 0xff, 0x08, 0x00,
    0xfc, 0xff, 0x05, 0x00, 0xfe, 0xff, 0x05, 0x00, 0x4b, 0x00, 0x0b, 0x00, 0xff, 0xff, 0x05, 0x00,
    0xf5, 0xff, 0x06, 0x00, 0x00, 0x00, 0x03, 0x00, 0xfd, 0xff, 0x05, 0x00, 0xe8, 0xff, 0x08, 0x00,
    0x00, 0x80, 0x06, 0x00, 0x0f, 0x00, 0x07, 0x00, 0xf8, 0xff, 0x06, 0x00, 0xfb, 0xff, 0x06, 0x00,
    0x0c, 0x00, 0x06, 0x00, 0x00, 0x00, 0x03, 0x00, 0x0a, 0x00, 0x06, 0x00, 0x07, 0x00, 0x06, 0x00,
    0x04, 0x00, 0x05, 0x00, 0x02, 0x00, 0x05, 0x00, 0x09, 0x00, 0x06, 0x00, 0x01, 0x00, 0x05, 0x00,
    0xdf, 0xff, 0x08, 0x00, 0x00, 0x00, 0x03, 0x00, 0x03, 0x00, 0x05, 0x00, 0x06, 0x00, 0x06, 0x00,
    0xe0, 0xff, 0x08, 0x00, 0x28, 0x00, 0x09, 0x00, 0x29, 0x00, 0x09, 0x00, 0xf3, 0xff, 0x07, 0x00,
    0x51, 0x00, 0x0b, 0x00, 0x00, 0x00, 0x03, 0x00, 0xed, 0xff, 0x07, 0x00, 0x26, 0x00, 0x09, 0x00,
    0xfc, 0xff, 0x05, 0x00, 0xfe, 0xff, 0x05, 0x00, 0xee, 0xff, 0x07, 0x00, 0xff, 0xff, 0x05, 0x00,
    0x0b, 0x00, 0x06, 0x00, 0x00, 0x00, 0x03, 0x00, 0xfd, 0xff, 0x05, 0x00, 0xf2, 0xff, 0x07, 0x00,
    0xe1, 0xff, 0x08, 0x00, 0x27, 0x00, 0x09, 0x00, 0x08, 0x00, 0x06, 0x00, 0x05, 0x00, 0x06, 0x00,
    0xf4, 0xff, 0x06, 0x00, 0x00, 0x00, 0x03, 0x00, 0xf6, 0xff, 0x06, 0x00, 0xf9, 0xff, 0x06, 0x00,
    0x04, 0x00, 0x05, 0x00, 0x02, 0x00, 0x05, 0x00, 0xf7, 0xff, 0x06, 0x00, 0x01, 0x00, 0x05, 0x00,
    0xeb, 0xff, 0x07, 0x00, 0x00, 0x00, 0x03, 0x00, 0x03, 0x00, 0x05, 0x00, 0xfa, 0xff, 0x06, 0x00,
    0xec, 0xff, 0x07, 0x00, 0xf0, 0xff, 0x07, 0x00, 0xef, 0xff, 0x07, 0x00, 0x23, 0x00, 0x09, 0x00,
    0xea, 0xff, 0x07, 0x00, 0x00, 0x00, 0x03, 0x00, 0xe2, 0xff, 0x08, 0x00, 0xab, 0xff, 0x0c, 0x00,
    0xfc, 0xff, 0x05, 0x00, 0xfe, 0xff, 0x05, 0x00, 0x2a, 0x00, 0x09, 0x00, 0xff, 0xff, 0x05, 0x00,
    0xf5, 0xff, 0x06, 0x00, 0x00, 0x00, 0x03, 0x00, 0xfd, 0xff, 0x05, 0x00, 0x24, 0x00, 0x09, 0x00,
    0x00, 0x80, 0x06, 0x00, 0xf1, 0xff, 0x07, 0x00, 0xf8, 0xff, 0x06, 0x00, 0xfb, 0xff, 0x06, 0x00,
    0x0c, 0x00, 0x06, 0x00, 0x00, 0x00, 0x03, 0x00, 0x0a, 0x00, 0x06, 0x00, 0x07, 0x00, 0x06, 0x00,
    0x04, 0x00, 0x05, 0x00, 0x02, 0x00, 0x05, 0x00, 0x09, 0x00, 0x06, 0x00, 0x01, 0x00, 0x05, 0x00,
    0x22, 0x00, 0x08, 0x00, 0x00, 0x00, 0x03, 0x00, 0x03, 0x00, 0x05, 0x00, 0x06, 0x00, 0x06, 0x00,
    0xd1, 0xff, 0x09, 0x00, 0x1c, 0x00, 0x08, 0x00, 0x1d, 0x00, 0x08, 0x00, 0x0d, 0x00, 0x07, 0x00,
    0x40, 0x00, 0x0a, 0x00, 0x00, 0x00, 0x03, 0x00, 0x13, 0x00, 0x07, 0x00, 0x1a, 0x00, 0x08, 0x00,
    0xfc, 0xff, 0x05, 0x00, 0xfe, 0xff, 0x05, 0x00, 0x12, 0x00, 0x07, 0x00, 0xff, 0xff, 0x05, 0x00,
    0x0b, 0x00, 0x06, 0x00, 0x00, 0x00, 0x03, 0x00, 0xfd, 0xff, 0x05, 0x00, 0x0e, 0x00, 0x07, 0x00,
    0xd2, 0xff, 0x09, 0x00, 0x1b, 0x00, 0x08, 0x00, 0x08, 0x00, 0x06, 0x00, 0x05, 0x00, 0x06, 0x00,
    0xf4, 0xff, 0x06, 0x00, 0x00, 0x00, 0x03, 0x00, 0xf6, 0xff, 0x06, 0x00, 0xf9, 0xff, 0x06, 0x00,
    0x04, 0x00, 0x05, 0x00, 0x02, 0x00, 0x05, 0x00, 0xf7, 0xff, 0x06, 0x00, 0x01, 0x00, 0x05, 0x00,
    0x15, 0x00, 0x07, 0x00, 0x00, 0x00, 0x03, 0x00, 0x03, 0x00, 0x05, 0x00, 0xfa, 0xff, 0x06, 0x00,
    0x14, 0x00, 0x07, 0x00, 0x10, 0x00, 0x07, 0x00, 0x11, 0x00, 0x07, 0x00, 0x17, 0x00, 0x08, 0x00,
    0x16, 0x00, 0x07, 0x00, 0x00, 0x00, 0x03, 0x00, 0xd3, 0xff, 0x09, 0x00, 0x19, 0x00, 0x08, 0x00,
    0xfc, 0xff, 0x05, 0x00, 0xfe, 0xff, 0x05, 0x00, 0xd4, 0xff, 0x09, 0x00, 0xff, 0xff, 0x05, 0x00,
    0xf5, 0xff, 0x06, 0x00, 0x00, 0x00, 0x03, 0x00, 0xfd, 0xff, 0x05, 0x00, 0x18, 0x00, 0x08, 0x00,
    0x00, 0x80, 0x06, 0x00, 0x0f, 0x00, 0x07, 0x00, 0xf8, 0xff, 0x06, 0x00, 0xfb, 0xff, 0x06, 0x00,
    0x0c, 0x00, 0x06, 0x00, 0x00, 0x00, 0x03, 0x00, 0x0a, 0x00, 0x06, 0x00, 0x07, 0x00, 0x06, 0x00,
    0x04, 0x00, 0x05, 0x00, 0x02, 0x00, 0x05, 0x00, 0x09, 0x00, 0x06, 0x00, 0x01, 0x00, 0x05, 0x00,
    0x21, 0x00, 0x08, 0x00, 0x00, 0x00, 0x03, 0x00, 0x03, 0x00, 0x05, 0x00, 0x06, 0x00, 0x06, 0x00,
    0x20, 0x00, 0x08, 0x00, 0xa7, 0xff, 0x0c, 0x00, 0x49, 0x00, 0x0b, 0x00, 0xf3, 0xff, 0x07, 0x00,
    0xd0, 0xff, 0x09, 0x00, 0x00, 0x00, 0x03, 0x00, 0xed, 0xff, 0x07, 0x00, 0x35, 0x00, 0x0a, 0x00,
    0xfc, 0xff, 0x05, 0x00, 0xfe, 0xff, 0x05, 0x00, 0xee, 0xff, 0x07, 0x00, 0xff, 0xff, 0x05, 0x00,
    0x0b, 0x00, 0x06, 0x00, 0x00, 0x00, 0x03, 0x00, 0xfd, 0xff, 0x05, 0x00, 0xf2, 0xff, 0x07, 0x00,
    0x1f, 0x00, 0x08, 0x00, 0x36, 0x00, 0x0a, 0x00, 0x08, 0x00, 0x06, 0x00, 0x05, 0x00, 0x06, 0x00,
    0xf4, 0xff, 0x06, 0x00, 0x00, 0x00, 0x03, 0x00, 0xf6, 0xff, 0x06, 0x00, 0xf9, 0xff, 0x06, 0x00,
    0x04, 0x00, 0x05, 0x00, 0x02, 0x00, 0x05, 0x00, 0xf7, 0xff, 0x06, 0x00, 0x01, 0x00, 0x05, 0x00,
    0xeb, 0xff, 0x07, 0x00, 0x00, 0x00, 0x03, 0x00, 0x03, 0x00, 0x05, 0x00, 0xfa, 0xff, 0x06, 0x00,
    0xec, 0xff, 0x07, 0x00, 0xf0, 0xff, 0x07, 0x00, 0xef, 0xff, 0x07, 0x00, 0x32, 0x00, 0x0a, 0x00,
    0xea, 0xff, 0x07, 0x00, 0x00, 0x00, 0x03, 0x00, 0x1e, 0x00, 0x08, 0x00, 0x34, 0x00, 0x0a, 0x00,
    0xfc, 0xff, 0x05, 0x00, 0xfe, 0xff, 0x05, 0x00, 0xd5, 0xff, 0x09, 0x00, 0xff, 0xff, 0x05, 0x00,
    0xf5, 0xff, 0x06, 0x00, 0x00, 0x00, 0x03, 0x00, 0xfd, 0xff, 0x05, 0x00, 0xdb, 0xff, 0x09, 0x00,
    0x00, 0x80, 0x06, 0x00, 0xf1, 0xff, 0x07, 0x00, 0xf8, 0xff, 0x06, 0x00, 0xfb, 0xff, 0x06, 0x00,
    0x0c, 0x00, 0x06, 0x00, 0x00, 0x00, 0x03, 0x00, 0x0a, 0x00, 0x06, 0x00, 0x07, 0x00, 0x06, 0x00,
    0x04, 0x00, 0x05, 0x00, 0x02, 0x00, 0x05, 0x00, 0x09, 0x00, 0x06, 0x00, 0x01, 0x00, 0x05, 0x00,
    0xde, 0xff, 0x08, 0x00, 0x00, 0x00, 0x03, 0x00, 0x03, 0x00, 0x05, 0x00, 0x06, 0x00, 0x06, 0x00,
    0x4f, 0x00, 0x0b, 0x00, 0xe4, 0xff, 0x08, 0x00, 0xe3, 0xff, 0x08, 0x00, 0x0d, 0x00, 0x07, 0x00,
    0xcf, 0xff, 0x09, 0x00, 0x00, 0x00, 0x03, 0x00, 0x13, 0x00, 0x07, 0x00, 0xe6, 0xff, 0x08, 0x00,
    0xfc, 0xff, 0x05, 0x00, 0xfe, 0xff, 0x05, 0x00, 0x12, 0x00, 0x07, 0x00, 0xff, 0xff, 0x05, 0x00,
    0x0b, 0x00, 0x06, 0x00, 0x00, 0x00, 0x03, 0x00, 0xfd, 0xff, 0x05, 0x00, 0x0e, 0x00, 0x07, 0x00,
    0x3c, 0x00, 0x0a, 0x00, 0xe5, 0xff, 0x08, 0x00, 0x08, 0x00, 0x06, 0x00, 0x05, 0x00, 0x06, 0x00,
    0xf4, 0xff, 0x06, 0x00, 0x00, 0x00, 0x03, 0x00, 0xf6, 0xff, 0x06, 0x00, 0xf9, 0xff, 0x06, 0x00,
    0x04, 0x00, 0x05, 0x00, 0x02, 0x00, 0x05, 0x00, 0xf7, 0xff, 0x06, 0x00, 0x01, 0x00, 0x05, 0x00,
    0x15, 0x00, 0x07, 0x00, 0x00, 0x00, 0x03, 0x00, 0x03, 0x00, 0x05, 0x00, 0xfa, 0xff, 0x06, 0x00,
    0x14, 0x00, 0x07, 0x00, 0x10, 0x00, 0x07, 0x00, 0x11, 0x00, 0x07, 0x00, 0xe9, 0xff, 0x08, 0x00,
    0x16, 0x00, 0x07, 0x00, 0x00, 0x00, 0x03, 0x00, 0x3b, 0x00, 0x0a, 0x00, 0xe7, 0xff, 0x08, 0x00,
    0xfc, 0xff, 0x05, 0x00, 0xfe, 0xff, 0x05, 0x00, 0x3a, 0x00, 0x0a, 0x00, 0xff, 0xff, 0x05, 0x00,
    0xf5, 0xff, 0x06, 0x00, 0x00, 0x00, 0x03, 0x00, 0xfd, 0xff, 0x05, 0x00, 0xe8, 0xff, 0x08, 0x00,
    0x00, 0x80, 0x06, 0x00, 0x0f, 0x00, 0x07, 0x00, 0xf8, 0xff, 0x06, 0x00, 0xfb, 0xff, 0x06, 0x00,
    0x0c, 0x00, 0x06, 0x00, 0x00, 0x00, 0x03, 0x00, 0x0a, 0x00, 0x06, 0x00, 0x07, 0x00, 0x06, 0x00,
    0x04, 0x00, 0x05, 0x00, 0x02, 0x00, 0x05, 0x00, 0x09, 0x00, 0x06, 0x00, 0x01, 0x00, 0x05, 0x00,
    0xdf, 0xff, 0x08, 0x00, 0x00, 0x00, 0x03, 0x00, 0x03, 0x00, 0x05, 0x00, 0x06, 0x00, 0x06, 0x00,
    0xe0, 0xff, 0x08, 0x00, 0xd8, 0xff, 0x09, 0x00, 0xd7, 0xff, 0x09, 0x00, 0xf3, 0xff, 0x07, 0x00,
    0x3f, 0x00, 0x0a, 0x00, 0x00, 0x00, 0x03, 0x00, 0xed, 0xff, 0x07, 0x00, 0xda, 0xff, 0x09, 0x00,
    0xfc, 0xff, 0x05, 0x00, 0xfe, 0xff, 0x05, 0x00, 0xee, 0xff, 0x07, 0x00, 0xff, 0xff, 0x05, 0x00,
    0x0b, 0x00, 0x06, 0x00, 0x00, 0x00, 0x03, 0x00, 0xfd, 0xff, 0x05, 0x00, 0xf2, 0xff, 0x07, 0x00,
    0xe1, 0xff, 0x08, 0x00, 0xd9, 0xff, 0x09, 0x00, 0x08, 0x00, 0x06, 0x00, 0x05, 0x00, 0x06, 0x00,
    0xf4, 0xff, 0x06, 0x00, 0x00, 0x00, 0x03, 0x00, 0xf6, 0xff, 0x06, 0x00, 0xf9, 0xff, 0x06, 0x00,
    0x04, 0x00, 0x05, 0x00, 0x02, 0x00, 0x05, 0x00, 0xf7, 0xff, 0x06, 0x00, 0x01, 0x00, 0x05, 0x00,
    0xeb, 0xff, 0x07, 0x00, 0x00, 0x00, 0x03, 0x00, 0x03, 0x00, 0x05, 0x00, 0xfa, 0xff, 0x06, 0x00,
    0xec, 0xff, 0x07, 0x00, 0xf0, 0xff, 0x07, 0x00, 0xef, 0xff, 0x07, 0x00, 0xdd, 0xff, 0x09, 0x00,
    0xea, 0xff, 0x07, 0x00, 0x00, 0x00, 0x03, 0x00, 0xe2, 0xff, 0x08, 0x00, 0x33, 0x00, 0x0a, 0x00,
    0xfc, 0xff, 0x05, 0x00, 0xfe, 0xff, 0x05, 0x00, 0xd6, 0xff, 0x09, 0x00, 0xff, 0xff, 0x05, 0x00,
    0xf5, 0xff, 0x06, 0x00, 0x00, 0x00, 0x03, 0x00, 0xfd, 0xff, 0x05, 0x00, 0xdc, 0xff, 0x09, 0x00,
    0x00, 0x80, 0x06, 0x00, 0xf1, 0xff, 0x07, 0x00, 0xf8, 0xff, 0x06, 0x00, 0xfb, 0xff, 0x06, 0x00,
    0x0c, 0x00, 0x06, 0x00, 0x00, 0x00, 0x03, 0x00, 0x0a, 0x00, 0x06, 0x00, 0x07, 0x00, 0x06, 0x00,
    0x04, 0x00, 0x05, 0x00, 0x02, 0x00, 0x05, 0x00, 0x09, 0x00, 0x06, 0x00, 0x01, 0x00, 0x05, 0x00,
    0x22, 0x00, 0x08, 0x00, 0x00, 0x00, 0x03, 0x00, 0x03, 0x00, 0x05, 0x00, 0x06, 0x00, 0x06, 0x00,
    0x2f, 0x00, 0x09, 0x00, 0x1c, 0x00, 0x08, 0x00, 0x1d, 0x00, 0x08, 0x00, 0x0d, 0x00, 0x07, 0x00,
    0xbf, 0xff, 0x0a, 0x00, 0x00, 0x00, 0x03, 0x00, 0x13, 0x00, 0x07, 0x00, 0x1a, 0x00, 0x08, 0x00,
    0xfc, 0xff, 0x05, 0x00, 0xfe, 0xff, 0x05, 0x00, 0x12, 0x00, 0x07, 0x00, 0xff, 0xff, 0x05, 0x00,
    0x0b, 0x00, 0x06, 0x00, 0x00, 0x00, 0x03, 0x00, 0xfd, 0xff, 0x05, 0x00, 0x0e, 0x00, 0x07, 0x00,
    0x2e, 0x00, 0x09, 0x00, 0x1b, 0x00, 0x08, 0x00, 0x08, 0x00, 0x06, 0x00, 0x05, 0x00, 0x06, 0x00,
    0xf4, 0xff, 0x06, 0x00, 0x00, 0x00, 0x03, 0x00, 0xf6, 0xff, 0x06, 0x00, 0xf9, 0xff, 0x06, 0x00,
    0x04, 0x00, 0x05, 0x00, 0x02, 0x00, 0x05, 0x00, 0xf7, 0xff, 0x06, 0x00, 0x01, 0x00, 0x05, 0x00,
    0x15, 0x00, 0x07, 0x00, 0x00, 0x00, 0x03, 0x00, 0x03, 0x00, 0x05, 0x00, 0xfa, 0xff, 0x06, 0x00,
    0x14, 0x00, 0x07, 0x00, 0x10, 0x00, 0x07, 0x00, 0x11, 0x00, 0x07, 0x00, 0x17, 0x00, 0x08, 0x00,
    0x16, 0x00, 0x07, 0x00, 0x00, 0x00, 0x03, 0x00, 0x2d, 0x00, 0x09, 0x00, 0x19, 0x00, 0x08, 0x00,
    0xfc, 0xff, 0x05, 0x00, 0xfe, 0xff, 0x05, 0x00, 0x2c, 0x00, 0x09, 0x00, 0xff, 0xff, 0x05, 0x00,
    0xf5, 0xff, 0x06, 0x00, 0x00, 0x00, 0x03, 0x00, 0xfd, 0xff, 0x05, 0x00, 0x18, 0x00, 0x08, 0x00,
    0x00, 0x80, 0x06, 0x00, 0x0f, 0x00, 0x07, 0x00, 0xf8, 0xff, 0x06, 0x00, 0xfb, 0xff, 0x06, 0x00,
    0x0c, 0x00, 0x06, 0x00, 0x00, 0x00, 0x03, 0x00, 0x0a, 0x00, 0x06, 0x00, 0x07, 0x00, 0x06, 0x00,
    0x04, 0x00, 0x05, 0x00, 0x02, 0x00, 0x05, 0x00, 0x09, 0x00, 0x06, 0x00, 0x01, 0x00, 0x05, 0x00,
    0x21, 0x00, 0x08, 0x00, 0x00, 0x00, 0x03, 0x00, 0x03, 0x00, 0x05, 0x00, 0x06, 0x00, 0x06, 0x00,
    0x20, 0x00, 0x08, 0x00, 0xc8, 0xff, 0x0a, 0x00, 0xc7, 0xff, 0x0a, 0x00, 0xf3, 0xff, 0x07, 0x00,
    0x30, 0x00, 0x09, 0x00, 0x00, 0x00, 0x03, 0x00, 0xed, 0xff, 0x07, 0x00, 0xa9, 0xff, 0x0c, 0x00,
    0xfc, 0xff, 0x05, 0x00, 0xfe, 0xff, 0x05, 0x00, 0xee, 0xff, 0x07, 0x00, 0xff, 0xff, 0x05, 0x00,
    0x0b, 0x00, 0x06, 0x00, 0x00, 0x00, 0x03, 0x00, 0xfd, 0xff, 0x05, 0x00, 0xf2, 0xff, 0x07, 0x00,
    0x1f, 0x00, 0x08, 0x00, 0xc9, 0xff, 0x0a, 0x00, 0x08, 0x00, 0x06, 0x00, 0x05, 0x00, 0x06, 0x00,
    0xf4, 0xff, 0x06, 0x00, 0x00, 0x00, 0x03, 0x00, 0xf6, 0xff, 0x06, 0x00, 0xf9, 0xff, 0x06, 0x00,
    0x04, 0x00, 0x05, 0x00, 0x02, 0x00, 0x05, 0x00, 0xf7, 0xff, 0x06, 0x00, 0x01, 0x00, 0x05, 0x00,
    0xeb, 0xff, 0x07, 0x00, 0x00, 0x00, 0x03, 0x00, 0x03, 0x00, 0x05, 0x00, 0xfa, 0xff, 0x06, 0x00,
    0xec, 0xff, 0x07, 0x00, 0xf0, 0xff, 0x07, 0x00, 0xef, 0xff, 0x07, 0x00, 0xad, 0xff, 0x0c, 0x00,
    0xea, 0xff, 0x07, 0x00, 0x00, 0x00, 0x03, 0x00, 0x1e, 0x00, 0x08, 0x00, 0x44, 0x00, 0x0b, 0x00,
    0xfc, 0xff, 0x05, 0x00, 0xfe, 0xff, 0x05, 0x00, 0x2b, 0x00, 0x09, 0x00, 0xff, 0xff, 0x05, 0x00,
    0xf5, 0xff, 0x06, 0x00, 0x00, 0x00, 0x03, 0x00, 0xfd, 0xff, 0x05, 0x00, 0x25, 0x00, 0x09, 0x00,
    0x00, 0x80, 0x06, 0x00, 0xf1, 0xff, 0x07, 0x00, 0xf8, 0xff, 0x06, 0x00, 0xfb, 0xff, 0x06, 0x00,
    0x0c, 0x00, 0x06, 0x00, 0x00, 0x00, 0x03, 0x00, 0x0a, 0x00, 0x06, 0x00, 0x07, 0x00, 0x06, 0x00,
    0x04, 0x00, 0x05, 0x00, 0x02, 0x00, 0x05, 0x00, 0x09, 0x00, 0x06, 0x00, 0x01, 0x00, 0x05, 0x00,
    0xde, 0xff, 0x08, 0x00, 0x00, 0x00, 0x03, 0x00, 0x03, 0x00, 0x05, 0x00, 0x06, 0x00, 0x06, 0x00,
    0xc2, 0xff, 0x0a, 0x00, 0xe4, 0xff, 0x08, 0x00, 0xe3, 0xff, 0x08, 0x00, 0x0d, 0x00, 0x07, 0x00,
    0x31, 0x00, 0x09, 0x00, 0x00, 0x00, 0x03, 0x00, 0x13, 0x00, 0x07, 0x00, 0xe6, 0xff, 0x08, 0x00,
    0xfc, 0xff, 0x05, 0x00, 0xfe, 0xff, 0x05, 0x00, 0x12, 0x00, 0x07, 0x00, 0xff, 0xff, 0x05, 0x00,
    0x0b, 0x00, 0x06, 0x00, 0x00, 0x00, 0x03, 0x00, 0xfd, 0xff, 0x05, 0x00, 0x0e, 0x00, 0x07, 0x00,
    0xc3, 0xff, 0x0a, 0x00, 0xe5, 0xff, 0x08, 0x00, 0x08, 0x00, 0x06, 0x00, 0x05, 0x00, 0x06, 0x00,
    0xf4, 0xff, 0x06, 0x00, 0x00, 0x00, 0x03, 0x00, 0xf6, 0xff, 0x06, 0x00, 0xf9, 0xff, 0x06, 0x00,
    0x04, 0x00, 0x05, 0x00, 0x02, 0x00, 0x05, 0x00, 0xf7, 0xff, 0x06, 0x00, 0x01, 0x00, 0x05, 0x00,
    0x15, 0x00, 0x07, 0x00, 0x00, 0x00, 0x03, 0x00, 0x03, 0x00, 0x05, 0x00, 0xfa, 0xff, 0x06, 0x00,
    0x14, 0x00, 0x07, 0x00, 0x10, 0x00, 0x07, 0x00, 0x11, 0x00, 0x07, 0x00, 0xe9, 0xff, 0x08, 0x00,
    0x16, 0x00, 0x07, 0x00, 0x00, 0x00, 0x03, 0x00, 0x4c, 0x00, 0x0b, 0x00, 0xe7, 0xff, 0x08, 0x00,
    0xfc, 0xff, 0x05, 0x00, 0xfe, 0xff, 0x05, 0x00, 0x4a, 0x00, 0x0b, 0x00, 0xff, 0xff, 0x05, 0x00,
    0xf5, 0xff, 0x06, 0x00, 0x00, 0x00, 0x03, 0x00, 0xfd, 0xff, 0x05, 0x00, 0xe8, 0xff, 0x08, 0x00,
    0x00, 0x80, 0x06, 0x00, 0x0f, 0x00, 0x07, 0x00, 0xf8, 0xff, 0x06, 0x00, 0xfb, 0xff, 0x06, 0x00,
    0x0c, 0x00, 0x06, 0x00, 0x00, 0x00, 0x03, 0x00, 0x0a, 0x00, 0x06, 0x00, 0x07, 0x00, 0x06, 0x00,
    0x04, 0x00, 0x05, 0x00, 0x02, 0x00, 0x05, 0x00, 0x09, 0x00, 0x06, 0x00, 0x01, 0x00, 0x05, 0x00,
    0xdf, 0xff, 0x08, 0x00, 0x00, 0x00, 0x03, 0x00, 0x03, 0x00, 0x05, 0x00, 0x06, 0x00, 0x06, 0x00,
    0xe0, 0xff, 0x08, 0x00, 0x28, 0x00, 0x09, 0x00, 0x29, 0x00, 0x09, 0x00, 0xf3, 0xff, 0x07, 0x00,
    0x50, 0x00, 0x0b, 0x00, 0x00, 0x00, 0x03, 0x00, 0xed, 0xff, 0x07, 0x00, 0x26, 0x00, 0x09, 0x00,
    0xfc, 0xff, 0x05, 0x00, 0xfe, 0xff, 0x05, 0x00, 0xee, 0xff, 0x07, 0x00, 0xff, 0xff, 0x05, 0x00,
    0x0b, 0x00, 0x06, 0x00, 0x00, 0x00, 0x03, 0x00, 0xfd, 0xff, 0x05, 0x00, 0xf2, 0xff, 0x07, 0x00,
    0xe1, 0xff, 0x08, 0x00, 0x27, 0x00, 0x09, 0x00, 0x08, 0x00, 0x06, 0x00, 0x05, 0x00, 0x06, 0x00,
    0xf4, 0xff, 0x06, 0x00, 0x00, 0x00, 0x03, 0x00, 0xf6, 0xff, 0x06, 0x00, 0xf9, 0xff, 0x06, 0x00,
    0x04, 0x00, 0x05, 0x00, 0x02, 0x00, 0x05, 0x00, 0xf7, 0xff, 0x06, 0x00, 0x01, 0x00, 0x05, 0x00,
    0xeb, 0xff, 0x07, 0x00, 0x00, 0x00, 0x03, 0x00, 0x03, 0x00, 0x05, 0x00, 0xfa, 0xff, 0x06, 0x00,
    0xec, 0xff, 0x07, 0x00, 0xf0, 0xff, 0x07, 0x00, 0xef, 0xff, 0x07, 0x00, 0x23, 0x00, 0x09, 0x00,
    0xea, 0xff, 0x07, 0x00, 0x00, 0x00, 0x03, 0x00, 0xe2, 0xff, 0x08, 0x00, 0x43, 0x00, 0x0b, 0x00,
    0xfc, 0xff, 0x05, 0x00, 0xfe, 0xff, 0x05, 0x00, 0x2a, 0x00, 0x09, 0x00, 0xff, 0xff, 0x05, 0x00,
    0xf5, 0xff, 0x06, 0x00, 0x00, 0x00, 0x03, 0x00, 0xfd, 0xff, 0x05, 0x00, 0x24, 0x00, 0x09, 0x00,
    0x00, 0x80, 0x06, 0x00, 0xf1, 0xff, 0x07, 0x00, 0xf8, 0xff, 0x06, 0x00, 0xfb, 0xff, 0x06, 0x00,
    0x0c, 0x00, 0x06, 0x00, 0x00, 0x00, 0x03, 0x00, 0x0a, 0x00, 0x06, 0x00, 0x07, 0x00, 0x06, 0x00,
    0x04, 0x00, 0x05, 0x00, 0x02, 0x00, 0x05, 0x00, 0x09, 0x00, 0x06, 0x00, 0x01, 0x00, 0x05, 0x00,
    0x22, 0x00, 0x08, 0x00, 0x00, 0x00, 0x03, 0x00, 0x03, 0x00, 0x05, 0x00, 0x06, 0x00, 0x06, 0x00,
    0xd1, 0xff, 0x09, 0x00, 0x1c, 0x00, 0x08, 0x00, 0x1d, 0x00, 0x08, 0x00, 0x0d, 0x00, 0x07, 0x00,
    0xc0, 0xff, 0x0a, 0x00, 0x00, 0x00, 0x03, 0x00, 0x13, 0x00, 0x07, 0x00, 0x1a, 0x00, 0x08, 0x00,
    0xfc, 0xff, 0x05, 0x00, 0xfe, 0xff, 0x05, 0x00, 0x12, 0x00, 0x07, 0x00, 0xff, 0xff, 0x05, 0x00,
    0x0b, 0x00, 0x06, 0x00, 0x00, 0x00, 0x03, 0x00, 0xfd, 0xff, 0x05, 0x00, 0x0e, 0x00, 0x07, 0x00,
    0xd2, 0xff, 0x09, 0x00, 0x1b, 0x00, 0x08, 0x00, 0x08, 0x00, 0x06, 0x00, 0x05, 0x00, 0x06, 0x00,
    0xf4, 0xff, 0x06, 0x00, 0x00, 0x00, 0x03, 0x00, 0xf6, 0xff, 0x06, 0x00, 0xf9, 0xff, 0x06, 0x00,
    0x04, 0x00, 0x05, 0x00, 0x02, 0x00, 0x05, 0x00, 0xf7, 0xff, 0x06, 0x00, 0x01, 0x00, 0x05, 0x00,
    0x15, 0x00, 0x07, 0x00, 0x00, 0x00, 0x03, 0x00, 0x03, 0x00, 0x05, 0x00, 0xfa, 0xff, 0x06, 0x00,
    0x14, 0x00, 0x07, 0x00, 0x10, 0x00, 0x07, 0x00, 0x11, 0x00, 0x07, 0x00, 0x17, 0x00, 0x08, 0x00,
    0x16, 0x00, 0x07, 0x00, 0x00, 0x00, 0x03, 0x00, 0xd3, 0xff, 0x09, 0x00, 0x19, 0x00, 0x08, 0x00,
    0xfc, 0xff, 0x05, 0x00, 0xfe, 0xff, 0x05, 0x00, 0xd4, 0xff, 0x09, 0x00, 0xff, 0xff, 0x05, 0x00,
    0xf5, 0xff, 0x06, 0x00, 0x00, 0x00, 0x03, 0x00, 0xfd, 0xff, 0x05, 0x00, 0x18, 0x00, 0x08, 0x00,
    0x00, 0x80, 0x06, 0x00, 0x0f, 0x00, 0x07, 0x00, 0xf8, 0xff, 0x06, 0x00, 0xfb, 0xff, 0x06, 0x00,
    0x0c, 0x00, 0x06, 0x00, 0x00, 0x00, 0x03, 0x00, 0x0a, 0x00, 0x06, 0x00, 0x07, 0x00, 0x06, 0x00,
    0x04, 0x00, 0x05, 0x00, 0x02, 0x00, 0x05, 0x00, 0x09, 0x00, 0x06, 0x00, 0x01, 0x00, 0x05, 0x00,
    0x21, 0x00, 0x08, 0x00, 0x00, 0x00, 0x03, 0x00, 0x03, 0x00, 0x05, 0x00, 0x06, 0x00, 0x06, 0x00,
    0x20, 0x00, 0x08, 0x00, 0x47, 0x00, 0x0b, 0x00, 0x48, 0x00, 0x0b, 0x00, 0xf3, 0xff, 0x07, 0x00,
    0xd0, 0xff, 0x09, 0x00, 0x00, 0x00, 0x03, 0x00, 0xed, 0xff, 0x07, 0x00, 0xcb, 0xff, 0x0a, 0x00,
    0xfc, 0xff, 0x05, 0x00, 0xfe, 0xff, 0x05, 0x00, 0xee, 0xff, 0x07, 0x00, 0xff, 0xff, 0x05, 0x00,
    0x0b, 0x00, 0x06, 0x00, 0x00, 0x00, 0x03, 0x00, 0xfd, 0xff, 0x05, 0x00, 0xf2, 0xff, 0x07, 0x00,
    0x1f, 0x00, 0x08, 0x00, 0xca, 0xff, 0x0a, 0x00, 0x08, 0x00, 0x06, 0x00, 0x05, 0x00, 0x06, 0x00,
    0xf4, 0xff, 0x06, 0x00, 0x00, 0x00, 0x03, 0x00, 0xf6, 0xff, 0x06, 0x00, 0xf9, 0xff, 0x06, 0x00,
    0x04, 0x00, 0x05, 0x00, 0x02, 0x00, 0x05, 0x00, 0xf7, 0xff, 0x06, 0x00, 0x01, 0x00, 0x05, 0x00,
    0xeb, 0xff, 0x07, 0x00, 0x00, 0x00, 0x03, 0x00, 0x03, 0x00, 0x05, 0x00, 0xfa, 0xff, 0x06, 0x00,
    0xec, 0xff, 0x07, 0x00, 0xf0, 0xff, 0x07, 0x00, 0xef, 0xff, 0x07, 0x00, 0xce, 0xff, 0x0a, 0x00,
    0xea, 0xff, 0x07, 0x00, 0x00, 0x00, 0x03, 0x00, 0x1e, 0x00, 0x08, 0x00, 0xcc, 0xff, 0x0a, 0x00,
    0xfc, 0xff, 0x05, 0x00, 0xfe, 0xff, 0x05, 0x00, 0xd5, 0xff, 0x09, 0x00, 0xff, 0xff, 0x05, 0x00,
    0xf5, 0xff, 0x06, 0x00, 0x00, 0x00, 0x03, 0x00, 0xfd, 0xff, 0x05, 0x00, 0xdb, 0xff, 0x09, 0x00,
    0x00, 0x80, 0x06, 0x00, 0xf1, 0xff, 0x07, 0x00, 0xf8, 0xff, 0x06, 0x00, 0xfb, 0xff, 0x06, 0x00,
    0x0c, 0x00, 0x06, 0x00, 0x00, 0x00, 0x03, 0x00, 0x0a, 0x00, 0x06, 0x00, 0x07, 0x00, 0x06, 0x00,
    0x04, 0x00, 0x05, 0x00, 0x02, 0x00, 0x05, 0x00, 0x09, 0x00, 0x06, 0x00, 0x01, 0x00, 0x05, 0x00,
    0xde, 0xff, 0x08, 0x00, 0x00, 0x00, 0x03, 0x00, 0x03, 0x00, 0x05, 0x00, 0x06, 0x00, 0x06, 0x00,
    0x4e, 0x00, 0x0b, 0x00, 0xe4, 0xff, 0x08, 0x00, 0xe3, 0xff, 0x08, 0x00, 0x0d, 0x00, 0x07, 0x00,
    0xcf, 0xff, 0x09, 0x00, 0x00, 0x00, 0x03, 0x00, 0x13, 0x00, 0x07, 0x00, 0xe6, 0xff, 0x08, 0x00,
    0xfc, 0xff, 0x05, 0x00, 0xfe, 0xff, 0x05, 0x00, 0x12, 0x00, 0x07, 0x00, 0xff, 0xff, 0x05, 0x00,
    0x0b, 0x00, 0x06, 0x00, 0x00, 0x00, 0x03, 0x00, 0xfd, 0xff, 0x05, 0x00, 0x0e, 0x00, 0x07, 0x00,
    0xc4, 0xff, 0x0a, 0x00, 0xe5, 0xff, 0x08, 0x00, 0x08, 0x00, 0x06, 0x00, 0x05, 0x00, 0x06, 0x00,
    0xf4, 0xff, 0x06, 0x00, 0x00, 0x00, 0x03, 0x00, 0xf6, 0xff, 0x06, 0x00, 0xf9, 0xff, 0x06, 0x00,
    0x04, 0x00, 0x05, 0x00, 0x02, 0x00, 0x05, 0x00, 0xf7, 0xff, 0x06, 0x00, 0x01, 0x00, 0x05, 0x00,
    0x15, 0x00, 0x07, 0x00, 0x00, 0x00, 0x03, 0x00, 0x03, 0x00, 0x05, 0x00, 0xfa, 0xff, 0x06, 0x00,
    0x14, 0x00, 0x07, 0x00, 0x10, 0x00, 0x07, 0x00, 0x11, 0x00, 0x07, 0x00, 0xe9, 0xff, 0x08, 0x00,
    0x16, 0x00, 0x07, 0x00, 0x00, 0x00, 0x03, 0x00, 0xc5, 0xff, 0x0a, 0x00, 0xe7, 0xff, 0x08, 0x00,
    0xfc, 0xff, 0x05, 0x00, 0xfe, 0xff, 0x05, 0x00, 0xc6, 0xff, 0x0a, 0x00, 0xff, 0xff, 0x05, 0x00,
    0xf5, 0xff, 0x06, 0x00, 0x00, 0x00, 0x03, 0x00, 0xfd, 0xff, 0x05, 0x00, 0xe8, 0xff, 0x08, 0x00,
    0x00, 0x80, 0x06, 0x00, 0x0f, 0x00, 0x07, 0x00, 0xf8, 0xff, 0x06, 0x00, 0xfb, 0xff, 0x06, 0x00,
    0x0c, 0x00, 0x06, 0x00, 0x00, 0x00, 0x03, 0x00, 0x0a, 0x00, 0x06, 0x00, 0x07, 0x00, 0x06, 0x00,
    0x04, 0x00, 0x05, 0x00, 0x02, 0x00, 0x05, 0x00, 0x09, 0x00, 0x06, 0x00, 0x01, 0x00, 0x05, 0x00,
    0xdf, 0xff, 0x08, 0x00, 0x00, 0x00, 0x03, 0x00, 0x03, 0x00, 0x05, 0x00, 0x06, 0x00, 0x06, 0x00,
    0xe0, 0xff, 0x08, 0x00, 0xd8, 0xff, 0x09, 0x00, 0xd7, 0xff, 0x09, 0x00, 0xf3, 0xff, 0x07, 0x00,
    0xc1, 0xff, 0x0a, 0x00, 0x00, 0x00, 0x03, 0x00, 0xed, 0xff, 0x07, 0x00, 0xda, 0xff, 0x09, 0x00,
    0xfc, 0xff, 0x05, 0x00, 0xfe, 0xff, 0x05, 0x00, 0xee, 0xff, 0x07, 0x00, 0xff, 0xff, 0x05, 0x00,
    0x0b, 0x00, 0x06, 0x00, 0x00, 0x00, 0x03, 0x00, 0xfd, 0xff, 0x05, 0x00, 0xf2, 0xff, 0x07, 0x00,
    0xe1, 0xff, 0x08, 0x00, 0xd9, 0xff, 0x09, 0x00, 0x08, 0x00, 0x06, 0x00, 0x05, 0x00, 0x06, 0x00,
    0xf4, 0xff, 0x06, 0x00, 0x00, 0x00, 0x03, 0x00, 0xf6, 0xff, 0x06, 0x00, 0xf9, 0xff, 0x06, 0x00,
    0x04, 0x00, 0x05, 0x00, 0x02, 0x00, 0x05, 0x00, 0xf7, 0xff, 0x06, 0x00, 0x01, 0x00, 0x05, 0x00,
    0xeb, 0xff, 0x07, 0x00, 0x00, 0x00, 0x03, 0x00, 0x03, 0x00, 0x05, 0x00, 0xfa, 0xff, 0x06, 0x00,
    0xec, 0xff, 0x07, 0x00, 0xf0, 0xff, 0x07, 0x00, 0xef, 0xff, 0x07, 0x00, 0xdd, 0xff, 0x09, 0x00,
    0xea, 0xff, 0x07, 0x00, 0x00, 0x00, 0x03, 0x00, 0xe2, 0xff, 0x08, 0x00, 0xcd, 0xff, 0x0a, 0x00,
    0xfc, 0xff, 0x05, 0x00, 0xfe, 0xff, 0x05, 0x00, 0xd6, 0xff, 0x09, 0x00, 0xff, 0xff, 0x05, 0x00,
    0xf5, 0xff, 0x06, 0x00, 0x00, 0x00, 0x03, 0x00, 0xfd, 0xff, 0x05, 0x00, 0xdc, 0xff, 0x09, 0x00,
    0x00, 0x80, 0x06, 0x00, 0xf1, 0xff, 0x07, 0x00, 0xf8, 0xff, 0x06, 0x00, 0xfb, 0xff, 0x06, 0x00,
    0x0c, 0x00, 0x06, 0x00, 0x00, 0x00, 0x03, 0x00, 0x0a, 0x00, 0x06, 0x00, 0x07, 0x00, 0x06, 0x00,
    0x04, 0x00, 0x05, 0x00, 0x02, 0x00, 0x05, 0x00, 0x09, 0x00, 0x06, 0x00, 0x01, 0x00, 0x05, 0x00,
    0x22, 0x00, 0x08, 0x00, 0x00, 0x00, 0x03, 0x00, 0x03, 0x00, 0x05, 0x00, 0x06, 0x00, 0x06, 0x00,
    0x2f, 0x00, 0x09, 0x00, 0x1c, 0x00, 0x08, 0x00, 0x1d, 0x00, 0x08, 0x00, 0x0d, 0x00, 0x07, 0x00,
    0x41, 0x00, 0x0a, 0x00, 0x00, 0x00, 0x03, 0x00, 0x13, 0x00, 0x07, 0x00, 0x1a, 0x00, 0x08, 0x00,
    0xfc, 0xff, 0x05, 0x00, 0xfe, 0xff, 0x05, 0x00, 0x12, 0x00, 0x07, 0x00, 0xff, 0xff, 0x05, 0x00,
    0x0b, 0x00, 0x06, 0x00, 0x00, 0x00, 0x03, 0x00, 0xfd, 0xff, 0x05, 0x00, 0x0e, 0x00, 0x07, 0x00,
    0x2e, 0x00, 0x09, 0x00, 0x1b, 0x00, 0x08, 0x00, 0x08, 0x00, 0x06, 0x00, 0x05, 0x00, 0x06, 0x00,
    0xf4, 0xff, 0x06, 0x00, 0x00, 0x00, 0x03, 0x00, 0xf6, 0xff, 0x06, 0x00, 0xf9, 0xff, 0x06, 0x00,
    0x04, 0x00, 0x05, 0x00, 0x02, 0x00, 0x05, 0x00, 0xf7, 0xff, 0x06, 0x00, 0x01, 0x00, 0x05, 0x00,
    0x15, 0x00, 0x07, 0x00, 0x00, 0x00, 0x03, 0x00, 0x03, 0x00, 0x05, 0x00, 0xfa, 0xff, 0x06, 0x00,
    0x14, 0x00, 0x07, 0x00, 0x10, 0x00, 0x07, 0x00, 0x11, 0x00, 0x07, 0x00, 0x17, 0x00, 0x08, 0x00,
    0x16, 0x00, 0x07, 0x00, 0x00, 0x00, 0x03, 0x00, 0x2d, 0x00, 0x09, 0x00, 0x19, 0x00, 0x08, 0x00,
    0xfc, 0xff, 0x05, 0x00, 0xfe, 0xff, 0x05, 0x00, 0x2c, 0x00, 0x09, 0x00, 0xff, 0xff, 0x05, 0x00,
    0xf5, 0xff, 0x06, 0x00, 0x00, 0x00, 0x03, 0x00, 0xfd, 0xff, 0x05, 0x00, 0x18, 0x00, 0x08, 0x00,
    0x00, 0x80, 0x06, 0x00, 0x0f, 0x00, 0x07, 0x00, 0xf8, 0xff, 0x06, 0x00, 0xfb, 0xff, 0x06, 0x00,
    0x0c, 0x00, 0x06, 0x00, 0x00, 0x00, 0x03, 0x00, 0x0a, 0x00, 0x06, 0x00, 0x07, 0x00, 0x06, 0x00,
    0x04, 0x00, 0x05, 0x00, 0x02, 0x00, 0x05, 0x00, 0x09, 0x00, 0x06, 0x00, 0x01, 0x00, 0x05, 0x00,
    0x21, 0x00, 0x08, 0x00, 0x00, 0x00, 0x03, 0x00, 0x03, 0x00, 0x05, 0x00, 0x06, 0x00, 0x06, 0x00,
    0x20, 0x00, 0x08, 0x00, 0x38, 0x00, 0x0a, 0x00, 0x39, 0x00, 0x0a, 0x00, 0xf3, 0xff, 0x07, 0x00,
    0x30, 0x00, 0x09, 0x00, 0x00, 0x00, 0x03, 0x00, 0xed, 0xff, 0x07, 0x00, 0xba, 0xff, 0x0b, 0x00,
    0xfc, 0xff, 0x05, 0x00, 0xfe, 0xff, 0x05, 0x00, 0xee, 0xff, 0x07, 0x00, 0xff, 0xff, 0x05, 0x00,
    0x0b, 0x00, 0x06, 0x00, 0x00, 0x00, 0x03, 0x00, 0xfd, 0xff, 0x05, 0x00, 0xf2, 0xff, 0x07, 0x00,
    0x1f, 0x00, 0x08, 0x00, 0x37, 0x00, 0x0a, 0x00, 0x08, 0x00, 0x06, 0x00, 0x05, 0x00, 0x06, 0x00,
    0xf4, 0xff, 0x06, 0x00, 0x00, 0x00, 0x03, 0x00, 0xf6, 0xff, 0x06, 0x00, 0xf9, 0xff, 0x06, 0x00,
    0x04, 0x00, 0x05, 0x00, 0x02, 0x00, 0x05, 0x00, 0xf7, 0xff, 0x06, 0x00, 0x01, 0x00, 0x05, 0x00,
    0xeb, 0xff, 0x07, 0x00, 0x00, 0x00, 0x03, 0x00, 0x03, 0x00, 0x05, 0x00, 0xfa, 0xff, 0x06, 0x00,
    0xec, 0xff, 0x07, 0x00, 0xf0, 0xff, 0x07, 0x00, 0xef, 0xff, 0x07, 0x00, 0xbe, 0xff, 0x0b, 0x00,
    0xea, 0xff, 0x07, 0x00, 0x00, 0x00, 0x03, 0x00, 0x1e, 0x00, 0x08, 0x00, 0xbb, 0xff, 0x0b, 0x00,
    0xfc, 0xff, 0x05, 0x00, 0xfe, 0xff, 0x05, 0x00, 0x2b, 0x00, 0x09, 0x00, 0xff, 0xff, 0x05, 0x00,
    0xf5, 0xff, 0x06, 0x00, 0x00, 0x00, 0x03, 0x00, 0xfd, 0xff, 0x05, 0x00, 0x25, 0x00, 0x09, 0x00,
    0x00, 0x80, 0x06, 0x00, 0xf1, 0xff, 0x07, 0x00, 0xf8, 0xff, 0x06, 0x00, 0xfb, 0xff, 0x06, 0x00,
    0x0c, 0x00, 0x06, 0x00, 0x00, 0x00, 0x03, 0x00, 0x0a, 0x00, 0x06, 0x00, 0x07, 0x00, 0x06, 0x00,
    0x04, 0x00, 0x05, 0x00, 0x02, 0x00, 0x05, 0x00, 0x09, 0x00, 0x06, 0x00, 0x01, 0x00, 0x05, 0x00,
    0xde, 0xff, 0x08, 0x00, 0x00, 0x00, 0x03, 0x00, 0x03, 0x00, 0x05, 0x00, 0x06, 0x00, 0x06, 0x00,
    0x3e, 0x00, 0x0a, 0x00, 0xe4, 0xff, 0x08, 0x00, 0xe3, 0xff, 0x08, 0x00, 0x0d, 0x00, 0x07, 0x00,
    0x31, 0x00, 0x09, 0x00, 0x00, 0x00, 0x03, 0x00, 0x13, 0x00, 0x07, 0x00, 0xe6, 0xff, 0x08, 0x00,
    0xfc, 0xff, 0x05, 0x00, 0xfe, 0xff, 0x05, 0x00, 0x12, 0x00, 0x07, 0x00, 0xff, 0xff, 0x05, 0x00,
    0x0b, 0x00, 0x06, 0x00, 0x00, 0x00, 0x03, 0x00, 0xfd, 0xff, 0x05, 0x00, 0x0e, 0x00, 0x07, 0x00,
    0x3d, 0x00, 0x0a, 0x00, 0xe5, 0xff, 0x08, 0x00, 0x08, 0x00, 0x06, 0x00, 0x05, 0x00, 0x06, 0x00,
    0xf4, 0xff, 0x06, 0x00, 0x00, 0x00, 0x03, 0x00, 0xf6, 0xff, 0x06, 0x00, 0xf9, 0xff, 0x06, 0x00,
    0x04, 0x00, 0x05, 0x00, 0x02, 0x00, 0x05, 0x00, 0xf7, 0xff, 0x06, 0x00, 0x01, 0x00, 0x05, 0x00,
    0x15, 0x00, 0x07, 0x00, 0x00, 0x00, 0x03, 0x00, 0x03, 0x00, 0x05, 0x00, 0xfa, 0xff, 0x06, 0x00,
    0x14, 0x00, 0x07, 0x00, 0x10, 0x00, 0x07, 0x00, 0x11, 0x00, 0x07, 0x00, 0xe9, 0xff, 0x08, 0x00,
    0x16, 0x00, 0x07, 0x00, 0x00, 0x00, 0x03, 0x00, 0xb3, 0xff, 0x0b, 0x00, 0xe7, 0xff, 0x08, 0x00,
    0xfc, 0xff, 0x05, 0x00, 0xfe, 0xff, 0x05, 0x00, 0xb5, 0xff, 0x0b, 0x00, 0xff, 0xff, 0x05, 0x00,
    0xf5, 0xff, 0x06, 0x00, 0x00, 0x00, 0x03, 0x00, 0xfd, 0xff, 0x05, 0x00, 0xe8, 0xff, 0x08, 0x00,
    0x00, 0x80, 0x06, 0x00, 0x0f, 0x00, 0x07, 0x00, 0xf8, 0xff, 0x06, 0x00, 0xfb, 0xff, 0x06, 0x00,
    0x0c, 0x00, 0x06, 0x00, 0x00, 0x00, 0x03, 0x00, 0x0a, 0x00, 0x06, 0x00, 0x07, 0x00, 0x06, 0x00,
    0x04, 0x00, 0x05, 0x00, 0x02, 0x00, 0x05, 0x00, 0x09, 0x00, 0x06, 0x00, 0x01, 0x00, 0x05, 0x00,
    0xdf, 0xff, 0x08, 0x00, 0x00, 0x00, 0x03, 0x00, 0x03, 0x00, 0x05, 0x00, 0x06, 0x00, 0x06, 0x00,
    0xe0, 0xff, 0x08, 0x00, 0x28, 0x00, 0x09, 0x00, 0x29, 0x00, 0x09, 0x00, 0xf3, 0xff, 0x07, 0x00,
    0xaf, 0xff, 0x0b, 0x00, 0x00, 0x00, 0x03, 0x00, 0xed, 0xff, 0x07, 0x00, 0x26, 0x00, 0x09, 0x00,
    0xfc, 0xff, 0x05, 0x00, 0xfe, 0xff, 0x05, 0x00, 0xee, 0xff, 0x07, 0x00, 0xff, 0xff, 0x05, 0x00,
    0x0b, 0x00, 0x06, 0x00, 0x00, 0x00, 0x03, 0x00, 0xfd, 0xff, 0x05, 0x00, 0xf2, 0xff, 0x07, 0x00,
    0xe1, 0xff, 0x08, 0x00, 0x27, 0x00, 0x09, 0x00, 0x08, 0x00, 0x06, 0x00, 0x05, 0x00, 0x06, 0x00,
    0xf4, 0xff, 0x06, 0x00, 0x00, 0x00, 0x03, 0x00, 0xf6, 0xff, 0x06, 0x00, 0xf9, 0xff, 0x06, 0x00,
    0x04, 0x00, 0x05, 0x00, 0x02, 0x00, 0x05, 0x00, 0xf7, 0xff, 0x06, 0x00, 0x01, 0x00, 0x05, 0x00,
    0xeb, 0xff, 0x07, 0x00, 0x00, 0x00, 0x03, 0x00, 0x03, 0x00, 0x05, 0x00, 0xfa, 0xff, 0x06, 0x00,
    0xec, 0xff, 0x07, 0x00, 0xf0, 0xff, 0x07, 0x00, 0xef, 0xff, 0x07, 0x00, 0x23, 0x00, 0x09, 0x00,
    0xea, 0xff, 0x07, 0x00, 0x00, 0x00, 0x03, 0x00, 0xe2, 0xff, 0x08, 0x00, 0xac, 0xff, 0x0c, 0x00,
    0xfc, 0xff, 0x05, 0x00, 0xfe, 0xff, 0x05, 0x00, 0x2a, 0x00, 0x09, 0x00, 0xff, 0xff, 0x05, 0x00,
    0xf5, 0xff, 0x06, 0x00, 0x00, 0x00, 0x03, 0x00, 0xfd, 0xff, 0x05, 0x00, 0x24, 0x00, 0x09, 0x00,
    0x00, 0x80, 0x06, 0x00, 0xf1, 0xff, 0x07, 0x00, 0xf8, 0xff, 0x06, 0x00, 0xfb, 0xff, 0x06, 0x00,
    0x0c, 0x00, 0x06, 0x00, 0x00, 0x00, 0x03, 0x00, 0x0a, 0x00, 0x06, 0x00, 0x07, 0x00, 0x06, 0x00,
    0x04, 0x00, 0x05, 0x00, 0x02, 0x00, 0x05, 0x00, 0x09, 0x00, 0x06, 0x00, 0x01, 0x00, 0x05, 0x00,
    0x22, 0x00, 0x08, 0x00, 0x00, 0x00, 0x03, 0x00, 0x03, 0x00, 0x05, 0x00, 0x06, 0x00, 0x06, 0x00,
    0xd1, 0xff, 0x09, 0x00, 0x1c, 0x00, 0x08, 0x00, 0x1d, 0x00, 0x08, 0x00, 0x0d, 0x00, 0x07, 0x00,
    0x40, 0x00, 0x0a, 0x00, 0x00, 0x00, 0x03, 0x00, 0x13, 0x00, 0x07, 0x00, 0x1a, 0x00, 0x08, 0x00,
    0xfc, 0xff, 0x05, 0x00, 0xfe, 0xff, 0x05, 0x00, 0x12, 0x00, 0x07, 0x00, 0xff, 0xff, 0x05, 0x00,
    0x0b, 0x00, 0x06, 0x00, 0x00, 0x00, 0x03, 0x00, 0xfd, 0xff, 0x05, 0x00, 0x0e, 0x00, 0x07, 0x00,
    0xd2, 0xff, 0x09, 0x00, 0x1b, 0x00, 0x08, 0x00, 0x08, 0x00, 0x06, 0x00, 0x05, 0x00, 0x06, 0x00,
    0xf4, 0xff, 0x06, 0x00, 0x00, 0x00, 0x03, 0x00, 0xf6, 0xff, 0x06, 0x00, 0xf9, 0xff, 0x06, 0x00,
    0x04, 0x00, 0x05, 0x00, 0x02, 0x00, 0x05, 0x00, 0xf7, 0xff, 0x06, 0x00, 0x01, 0x00, 0x05, 0x00,
    0x15, 0x00, 0x07, 0x00, 0x00, 0x00, 0x03, 0x00, 0x03, 0x00, 0x05, 0x00, 0xfa, 0xff, 0x06, 0x00,
    0x14, 0x00, 0x07, 0x00, 0x10, 0x00, 0x07, 0x00, 0x11, 0x00, 0x07, 0x00, 0x17, 0x00, 0x08, 0x00,
    0x16, 0x00, 0x07, 0x00, 0x00, 0x00, 0x03, 0x00, 0xd3, 0xff, 0x09, 0x00, 0x19, 0x00, 0x08, 0x00,
    0xfc, 0xff, 0x05, 0x00, 0xfe, 0xff, 0x05, 0x00, 0xd4, 0xff, 0x09, 0x00, 0xff, 0xff, 0x05, 0x00,
    0xf5, 0xff, 0x06, 0x00, 0x00, 0x00, 0x03, 0x00, 0xfd, 0xff, 0x05, 0x00, 0x18, 0x00, 0x08, 0x00,
    0x00, 0x80, 0x06, 0x00, 0x0f, 0x00, 0x07, 0x00, 0xf8, 0xff, 0x06, 0x00, 0xfb, 0xff, 0x06, 0x00,
    0x0c, 0x00, 0x06, 0x00, 0x00, 0x00, 0x03, 0x00, 0x0a, 0x00, 0x06, 0x00, 0x07, 0x00, 0x06, 0x00,
    0x04, 0x00, 0x05, 0x00, 0x02, 0x00, 0x05, 0x00, 0x09, 0x00, 0x06, 0x00, 0x01, 0x00, 0x05, 0x00,
    0x21, 0x00, 0x08, 0x00, 0x00, 0x00, 0x03, 0x00, 0x03, 0x00, 0x05, 0x00, 0x06, 0x00, 0x06, 0x00,
    0x20, 0x00, 0x08, 0x00, 0xa8, 0xff, 0x0c, 0x00, 0xb7, 0xff, 0x0b, 0x00, 0xf3, 0xff, 0x07, 0x00,
    0xd0, 0xff, 0x09, 0x00, 0x00, 0x00, 0x03, 0x00, 0xed, 0xff, 0x07, 0x00, 0x35, 0x00, 0x0a, 0x00,
    0xfc, 0xff, 0x05, 0x00, 0xfe, 0xff, 0x05, 0x00, 0xee, 0xff, 0x07, 0x00, 0xff, 0xff, 0x05, 0x00,
    0x0b, 0x00, 0x06, 0x00, 0x00, 0x00, 0x03, 0x00, 0xfd, 0xff, 0x05, 0x00, 0xf2, 0xff, 0x07, 0x00,
    0x1f, 0x00, 0x08, 0x00, 0x36, 0x00, 0x0a, 0x00, 0x08, 0x00, 0x06, 0x00, 0x05, 0x00, 0x06, 0x00,
    0xf4, 0xff, 0x06, 0x00, 0x00, 0x00, 0x03, 0x00, 0xf6, 0xff, 0x06, 0x00, 0xf9, 0xff, 0x06, 0x00,
    0x04, 0x00, 0x05, 0x00, 0x02, 0x00, 0x05, 0x00, 0xf7, 0xff, 0x06, 0x00, 0x01, 0x00, 0x05, 0x00,
    0xeb, 0xff, 0x07, 0x00, 0x00, 0x00, 0x03, 0x00, 0x03, 0x00, 0x05, 0x00, 0xfa, 0xff, 0x06, 0x00,
    0xec, 0xff, 0x07, 0x00, 0xf0, 0xff, 0x07, 0x00, 0xef, 0xff, 0x07, 0x00, 0x32, 0x00, 0x0a, 0x00,
    0xea, 0xff, 0x07, 0x00, 0x00, 0x00, 0x03, 0x00, 0x1e, 0x00, 0x08, 0x00, 0x34, 0x00, 0x0a, 0x00,
    0xfc, 0xff, 0x05, 0x00, 0xfe, 0xff, 0x05, 0x00, 0xd5, 0xff, 0x09, 0x00, 0xff, 0xff, 0x05, 0x00,
    0xf5, 0xff, 0x06, 0x00, 0x00, 0x00, 0x03, 0x00, 0xfd, 0xff, 0x05, 0x00, 0xdb, 0xff, 0x09, 0x00,
    0x00, 0x80, 0x06, 0x00, 0xf1, 0xff, 0x07, 0x00, 0xf8, 0xff, 0x06, 0x00, 0xfb, 0xff, 0x06, 0x00,
    0x0c, 0x00, 0x06, 0x00, 0x00, 0x00, 0x03, 0x00, 0x0a, 0x00, 0x06, 0x00, 0x07, 0x00, 0x06, 0x00,
    0x04, 0x00, 0x05, 0x00, 0x02, 0x00, 0x05, 0x00, 0x09, 0x00, 0x06, 0x00, 0x01, 0x00, 0x05, 0x00,
    0xde, 0xff, 0x08, 0x00, 0x00, 0x00, 0x03, 0x00, 0x03, 0x00, 0x05, 0x00, 0x06, 0x00, 0x06, 0x00,
    0xb1, 0xff, 0x0b, 0x00, 0xe4, 0xff, 0x08, 0x00, 0xe3, 0xff, 0x08, 0x00, 0x0d, 0x00, 0x07, 0x00,
    0xcf, 0xff, 0x09, 0x00, 0x00, 0x00, 0x03, 0x00, 0x13, 0x00, 0x07, 0x00, 0xe6, 0xff, 0x08, 0x00,
    0xfc, 0xff, 0x05, 0x00, 0xfe, 0xff, 0x05, 0x00, 0x12, 0x00, 0x07, 0x00, 0xff, 0xff, 0x05, 0x00,
    0x0b, 0x00, 0x06, 0x00, 0x00, 0x00, 0x03, 0x00, 0xfd, 0xff, 0x05, 0x00, 0x0e, 0x00, 0x07, 0x00,
    0x3c, 0x00, 0x0a, 0x00, 0xe5, 0xff, 0x08, 0x00, 0x08, 0x00, 0x06, 0x00, 0x05, 0x00, 0x06, 0x00,
    0xf4, 0xff, 0x06, 0x00, 0x00, 0x00, 0x03, 0x00, 0xf6, 0xff, 0x06, 0x00, 0xf9, 0xff, 0x06, 0x00,
    0x04, 0x00, 0x05, 0x00, 0x02, 0x00, 0x05, 0x00, 0xf7, 0xff, 0x06, 0x00, 0x01, 0x00, 0x05, 0x00,
    0x15, 0x00, 0x07, 0x00, 0x00, 0x00, 0x03, 0x00, 0x03, 0x00, 0x05, 0x00, 0xfa, 0xff, 0x06, 0x00,
    0x14, 0x00, 0x07, 0x00, 0x10, 0x00, 0x07, 0x00, 0x11, 0x00, 0x07, 0x00, 0xe9, 0xff, 0x08, 0x00,
    0x16, 0x00, 0x07, 0x00, 0x00, 0x00, 0x03, 0x00, 0x3b, 0x00, 0x0a, 0x00, 0xe7, 0xff, 0x08, 0x00,
    0xfc, 0xff, 0x05, 0x00, 0xfe, 0xff, 0x05, 0x00, 0x3a, 0x00, 0x0a, 0x00, 0xff, 0xff, 0x05, 0x00,
    0xf5, 0xff, 0x06, 0x00, 0x00, 0x00, 0x03, 0x00, 0xfd, 0xff, 0x05, 0x00, 0xe8, 0xff, 0x08, 0x00,
    0x00, 0x80, 0x06, 0x00, 0x0f, 0x00, 0x07, 0x00, 0xf8, 0xff, 0x06, 0x00, 0xfb, 0xff, 0x06, 0x00,
    0x0c, 0x00, 0x06, 0x00, 0x00, 0x00, 0x03, 0x00, 0x0a, 0x00, 0x06, 0x00, 0x07, 0x00, 0x06, 0x00,
    0x04, 0x00, 0x05, 0x00, 0x02, 0x00, 0x05, 0x00, 0x09, 0x00, 0x06, 0x00, 0x01, 0x00, 0x05, 0x00,
    0xdf, 0xff, 0x08, 0x00, 0x00, 0x00, 0x03, 0x00, 0x03, 0x00, 0x05, 0x00, 0x06, 0x00, 0x06, 0x00,
    0xe0, 0xff, 0x08, 0x00, 0xd8, 0xff, 0x09, 0x00, 0xd7, 0xff, 0x09, 0x00, 0xf3, 0xff, 0x07, 0x00,
    0x3f, 0x00, 0x0a, 0x00, 0x00, 0x00, 0x03, 0x00, 0xed, 0xff, 0x07, 0x00, 0xda, 0xff, 0x09, 0x00,
    0xfc, 0xff, 0x05, 0x00, 0xfe, 0xff, 0x05, 0x00, 0xee, 0xff, 0x07, 0x00, 0xff, 0xff, 0x05, 0x00,
    0x0b, 0x00, 0x06, 0x00, 0x00, 0x00, 0x03, 0x00, 0xfd, 0xff, 0x05, 0x00, 0xf2, 0xff, 0x07, 0x00,
    0xe1, 0xff, 0x08, 0x00, 0xd9, 0xff, 0x09, 0x00, 0x08, 0x00, 0x06, 0x00, 0x05, 0x00, 0x06, 0x00,
    0xf4, 0xff, 0x06, 0x00, 0x00, 0x00, 0x03, 0x00, 0xf6, 0xff, 0x06, 0x00, 0xf9, 0xff, 0x06, 0x00,
    0x04, 0x00, 0x05, 0x00, 0x02, 0x00, 0x05, 0x00, 0xf7, 0xff, 0x06, 0x00, 0x01, 0x00, 0x05, 0x00,
    0xeb, 0xff, 0x07, 0x00, 0x00, 0x00, 0x03, 0x00, 0x03, 0x00, 0x05, 0x00, 0xfa, 0xff, 0x06, 0x00,
    0xec, 0xff, 0x07, 0x00, 0xf0, 0xff, 0x07, 0x00, 0xef, 0xff, 0x07, 0x00, 0xdd, 0xff, 0x09, 0x00,
    0xea, 0xff, 0x07, 0x00, 0x00, 0x00, 0x03, 0x00, 0xe2, 0xff, 0x08, 0x00, 0x33, 0x00, 0x0a, 0x00,
    0xfc, 0xff, 0x05, 0x00, 0xfe, 0xff, 0x05, 0x00, 0xd6, 0xff, 0x09, 0x00, 0xff, 0xff, 0x05, 0x00,
    0xf5, 0xff, 0x06, 0x00, 0x00, 0x00, 0x03, 0x00, 0xfd, 0xff, 0x05, 0x00, 0xdc, 0xff, 0x09, 0x00,
    0x00, 0x80, 0x06, 0x00, 0xf1, 0xff, 0x07, 0x00, 0xf8, 0xff, 0x06, 0x00, 0xfb, 0xff, 0x06, 0x00,
    0x0c, 0x00, 0x06, 0x00, 0x00, 0x00, 0x03, 0x00, 0x0a, 0x00, 0x06, 0x00, 0x07, 0x00, 0x06, 0x00,
    0x04, 0x00, 0x05, 0x00, 0x02, 0x00, 0x05, 0x00, 0x09, 0x00, 0x06, 0x00, 0x01, 0x00, 0x05, 0x00,
    0x22, 0x00, 0x08, 0x00, 0x00, 0x00, 0x03, 0x00, 0x03, 0x00, 0x05, 0x00, 0x06, 0x00, 0x06, 0x00,
    0x2f, 0x00, 0x09, 0x00, 0x1c, 0x00, 0x08, 0x00, 0x1d, 0x00, 0x08, 0x00, 0x0d, 0x00, 0x07, 0x00,
    0xbf, 0xff, 0x0a, 0x00, 0x00, 0x00, 0x03, 0x00, 0x13, 0x00, 0x07, 0x00, 0x1a, 0x00, 0x08, 0x00,
    0xfc, 0xff, 0x05, 0x00, 0xfe, 0xff, 0x05, 0x00, 0x12, 0x00, 0x07, 0x00, 0xff, 0xff, 0x05, 0x00,
    0x0b, 0x00, 0x06, 0x00, 0x00, 0x00, 0x03, 0x00, 0xfd, 0xff, 0x05, 0x00, 0x0e, 0x00, 0x07, 0x00,
    0x2e, 0x00, 0x09, 0x00, 0x1b, 0x00, 0x08, 0x00, 0x08, 0x00, 0x06, 0x00, 0x05, 0x00, 0x06, 0x00,
    0xf4, 0xff, 0x06, 0x00, 0x00, 0x00, 0x03, 0x00, 0xf6, 0xff, 0x06, 0x00, 0xf9, 0xff, 0x06, 0x00,
    0x04, 0x00, 0x05, 0x00, 0x02, 0x00, 0x05, 0x00, 0xf7, 0xff, 0x06, 0x00, 0x01, 0x00, 0x05, 0x00,
    0x15, 0x00, 0x07, 0x00, 0x00, 0x00, 0x03, 0x00, 0x03, 0x00, 0x05, 0x00, 0xfa, 0xff, 0x06, 0x00,
    0x14, 0x00, 0x07, 0x00, 0x10, 0x00, 0x07, 0x00, 0x11, 0x00, 0x07, 0x00, 0x17, 0x00, 0x08, 0x00,
    0x16, 0x00, 0x07, 0x00, 0x00, 0x00, 0x03, 0x00, 0x2d, 0x00, 0x09, 0x00, 0x19, 0x00, 0x08, 0x00,
    0xfc, 0xff, 0x05, 0x00, 0xfe, 0xff, 0x05, 0x00, 0x2c, 0x00, 0x09, 0x00, 0xff, 0xff, 0x05, 0x00,
    0xf5, 0xff, 0x06, 0x00, 0x00, 0x00, 0x03, 0x00, 0xfd, 0xff, 0x05, 0x00, 0x18, 0x00, 0x08, 0x00,
    0x00, 0x80, 0x06, 0x00, 0x0f, 0x00, 0x07, 0x00, 0xf8, 0xff, 0x06, 0x00, 0xfb, 0xff, 0x06, 0x00,
    0x0c, 0x00, 0x06, 0x00, 0x00, 0x00, 0x03, 0x00, 0x0a, 0x00, 0x06, 0x00, 0x07, 0x00, 0x06, 0x00,
    0x04, 0x00, 0x05, 0x00, 0x02, 0x00, 0x05, 0x00, 0x09, 0x00, 0x06, 0x00, 0x01, 0x00, 0x05, 0x00,
    0x21, 0x00, 0x08, 0x00, 0x00, 0x00, 0x03, 0x00, 0x03, 0x00, 0x05, 0x00, 0x06, 0x00, 0x06, 0x00,
    0x20, 0x00, 0x08, 0x00, 0xc8, 0xff, 0x0a, 0x00, 0xc7, 0xff, 0x0a, 0x00, 0xf3, 0xff, 0x07, 0x00,
    0x30, 0x00, 0x09, 0x00, 0x00, 0x00, 0x03, 0x00, 0xed, 0xff, 0x07, 0x00, 0xaa, 0xff, 0x0c, 0x00,
    0xfc, 0xff, 0x05, 0x00, 0xfe, 0xff, 0x05, 0x00, 0xee, 0xff, 0x07, 0x00, 0xff, 0xff, 0x05, 0x00,
    0x0b, 0x00, 0x06, 0x00, 0x00, 0x00, 0x03, 0x00, 0xfd, 0xff, 0x05, 0x00, 0xf2, 0xff, 0x07, 0x00,
    0x1f, 0x00, 0x08, 0x00, 0xc9, 0xff, 0x0a, 0x00, 0x08, 0x00, 0x06, 0x00, 0x05, 0x00, 0x06, 0x00,
    0xf4, 0xff, 0x06, 0x00, 0x00, 0x00, 0x03, 0x00, 0xf6, 0xff, 0x06, 0x00, 0xf9, 0xff, 0x06, 0x00,
    0x04, 0x00, 0x05, 0x00, 0x02, 0x00, 0x05, 0x00, 0xf7, 0xff, 0x06, 0x00, 0x01, 0x00, 0x05, 0x00,
    0xeb, 0xff, 0x07, 0x00, 0x00, 0x00, 0x03, 0x00, 0x03, 0x00, 0x05, 0x00, 0xfa, 0xff, 0x06, 0x00,
    0xec, 0xff, 0x07, 0x00, 0xf0, 0xff, 0x07, 0x00, 0xef, 0xff, 0x07, 0x00, 0xae, 0xff, 0x0c, 0x00,
    0xea, 0xff, 0x07, 0x00, 0x00, 0x00, 0x03, 0x00, 0x1e, 0x00, 0x08, 0x00, 0xbc, 0xff, 0x0b, 0x00,
    0xfc, 0xff, 0x05, 0x00, 0xfe, 0xff, 0x05, 0x00, 0x2b, 0x00, 0x09, 0x00, 0xff, 0xff, 0x05, 0x00,
    0xf5, 0xff, 0x06, 0x00, 0x00, 0x00, 0x03, 0x00, 0xfd, 0xff, 0x05, 0x00, 0x25, 0x00, 0x09, 0x00,
    0x00, 0x80, 0x06, 0x00, 0xf1, 0xff, 0x07, 0x00, 0xf8, 0xff, 0x06, 0x00, 0xfb, 0xff, 0x06, 0x00,
    0x0c, 0x00, 0x06, 0x00, 0x00, 0x00, 0x03, 0x00, 0x0a, 0x00, 0x06, 0x00, 0x07, 0x00, 0x06, 0x00,
    0x04, 0x00, 0x05, 0x00, 0x02, 0x00, 0x05, 0x00, 0x09, 0x00, 0x06, 0x00, 0x01, 0x00, 0x05, 0x00,
    0xde, 0xff, 0x08, 0x00, 0x00, 0x00, 0x03, 0x00, 0x03, 0x00, 0x05, 0x00, 0x06, 0x00, 0x06, 0x00,
    0xc2, 0xff, 0x0a, 0x00, 0xe4, 0xff, 0x08, 0x00, 0xe3, 0xff, 0x08, 0x00, 0x0d, 0x00, 0x07, 0x00,
    0x31, 0x00, 0x09, 0x00, 0x00, 0x00, 0x03, 0x00, 0x13, 0x00, 0x07, 0x00, 0xe6, 0xff, 0x08, 0x00,
    0xfc, 0xff, 0x05, 0x00, 0xfe, 0xff, 0x05, 0x00, 0x12, 0x00, 0x07, 0x00, 0xff, 0xff, 0x05, 0x00,
    0x0b, 0x00, 0x06, 0x00, 0x00, 0x00, 0x03, 0x00, 0xfd, 0xff, 0x05, 0x00, 0x0e, 0x00, 0x07, 0x00,
    0xc3, 0xff, 0x0a, 0x00, 0xe5, 0xff, 0x08, 0x00, 0x08, 0x00, 0x06, 0x00, 0x05, 0x00, 0x06, 0x00,
    0xf4, 0xff, 0x06, 0x00, 0x00, 0x00, 0x03, 0x00, 0xf6, 0xff, 0x06, 0x00, 0xf9, 0xff, 0x06, 0x00,
    0x04, 0x00, 0x05, 0x00, 0x02, 0x00, 0x05, 0x00, 0xf7, 0xff, 0x06, 0x00, 0x01, 0x00, 0x05, 0x00,
    0x15, 0x00, 0x07, 0x00, 0x00, 0x00, 0x03, 0x00, 0x03, 0x00, 0x05, 0x00, 0xfa, 0xff, 0x06, 0x00,
    0x14, 0x00, 0x07, 0x00, 0x10, 0x00, 0x07, 0x00, 0x11, 0x00, 0x07, 0x00, 0xe9, 0xff, 0x08, 0x00,
    0x16, 0x00, 0x07, 0x00, 0x00, 0x00, 0x03, 0x00, 0xb4, 0xff, 0x0b, 0x00, 0xe7, 0xff, 0x08, 0x00,
    0xfc, 0xff, 0x05, 0x00, 0xfe, 0xff, 0x05, 0x00, 0xb6, 0xff, 0x0b, 0x00, 0xff, 0xff, 0x05, 0x00,
    0xf5, 0xff, 0x06, 0x00, 0x00, 0x00, 0x03, 0x00, 0xfd, 0xff, 0x05, 0x00, 0xe8, 0xff, 0x08, 0x00,
    0x00, 0x80, 0x06, 0x00, 0x0f, 0x00, 0x07, 0x00, 0xf8, 0xff, 0x06, 0x00, 0xfb, 0xff, 0x06, 0x00,
    0x0c, 0x00, 0x06, 0x00, 0x00, 0x00, 0x03, 0x00, 0x0a, 0x00, 0x06, 0x00, 0x07, 0x00, 0x06, 0x00,
    0x04, 0x00, 0x05, 0x00, 0x02, 0x00, 0x05, 0x00, 0x09, 0x00, 0x06, 0x00, 0x01, 0x00, 0x05, 0x00,
    0xdf, 0xff, 0x08, 0x00, 0x00, 0x00, 0x03, 0x00, 0x03, 0x00, 0x05, 0x00, 0x06, 0x00, 0x06, 0x00,
    0xe0, 0xff, 0x08, 0x00, 0x28, 0x00, 0x09, 0x00, 0x29, 0x00, 0x09, 0x00, 0xf3, 0xff, 0x07, 0x00,
    0xb0, 0xff, 0x0b, 0x00, 0x00, 0x00, 0x03, 0x00, 0xed, 0xff, 0x07, 0x00, 0x26, 0x00, 0x09, 0x00,
    0xfc, 0xff, 0x05, 0x00, 0xfe, 0xff, 0x05, 0x00, 0xee, 0xff, 0x07, 0x00, 0xff, 0xff, 0x05, 0x00,
    0x0b, 0x00, 0x06, 0x00, 0x00, 0x00, 0x03, 0x00, 0xfd, 0xff, 0x05, 0x00, 0xf2, 0xff, 0x07, 0x00,
    0xe1, 0xff, 0x08, 0x00, 0x27, 0x00, 0x09, 0x00, 0x08, 0x00, 0x06, 0x00, 0x05, 0x00, 0x06, 0x00,
    0xf4, 0xff, 0x06, 0x00, 0x00, 0x00, 0x03, 0x00, 0xf6, 0xff, 0x06, 0x00, 0xf9, 0xff, 0x06, 0x00,
    0x04, 0x00, 0x05, 0x00, 0x02, 0x00, 0x05, 0x00, 0xf7, 0xff, 0x06, 0x00, 0x01, 0x00, 0x05, 0x00,
    0xeb, 0xff, 0x07, 0x00, 0x00, 0x00, 0x03, 0x00, 0x03, 0x00, 0x05, 0x00, 0xfa, 0xff, 0x06, 0x00,
    0xec, 0xff, 0x07, 0x00, 0xf0, 0xff, 0x07, 0x00, 0xef, 0xff, 0x07, 0x00, 0x23, 0x00, 0x09, 0x00,
    0xea, 0xff, 0x07, 0x00, 0x00, 0x00, 0x03, 0x00, 0xe2, 0xff, 0x08, 0x00, 0xbd, 0xff, 0x0b, 0x00,
    0xfc, 0xff, 0x05, 0x00, 0xfe, 0xff, 0x05, 0x00, 0x2a, 0x00, 0x09, 0x00, 0xff, 0xff, 0x05, 0x00,
    0xf5, 0xff, 0x06, 0x00, 0x00, 0x00, 0x03, 0x00, 0xfd, 0xff, 0x05, 0x00, 0x24, 0x00, 0x09, 0x00,
    0x00, 0x80, 0x06, 0x00, 0xf1, 0xff, 0x07, 0x00, 0xf8, 0xff, 0x06, 0x00, 0xfb, 0xff, 0x06, 0x00,
    0x0c, 0x00, 0x06, 0x00, 0x00, 0x00, 0x03, 0x00, 0x0a, 0x00, 0x06, 0x00, 0x07, 0x00, 0x06, 0x00,
    0x04, 0x00, 0x05, 0x00, 0x02, 0x00, 0x05, 0x00, 0x09, 0x00, 0x06, 0x00, 0x01, 0x00, 0x05, 0x00,
    0x22, 0x00, 0x08, 0x00, 0x00, 0x00, 0x03, 0x00, 0x03, 0x00, 0x05, 0x00, 0x06, 0x00, 0x06, 0x00,
    0xd1, 0xff, 0x09, 0x00, 0x1c, 0x00, 0x08, 0x00, 0x1d, 0x00, 0x08, 0x00, 0x0d, 0x00, 0x07, 0x00,
    0xc0, 0xff, 0x0a, 0x00, 0x00, 0x00, 0x03, 0x00, 0x13, 0x00, 0x07, 0x00, 0x1a, 0x00, 0x08, 0x00,
    0xfc, 0xff, 0x05, 0x00, 0xfe, 0xff, 0x05, 0x00, 0x12, 0x00, 0x07, 0x00, 0xff, 0xff, 0x05, 0x00,
    0x0b, 0x00, 0x06, 0x00, 0x00, 0x00, 0x03, 0x00, 0xfd, 0xff, 0x05, 0x00, 0x0e, 0x00, 0x07, 0x00,
    0xd2, 0xff, 0x09, 0x00, 0x1b, 0x00, 0x08, 0x00, 0x08, 0x00, 0x06, 0x00, 0x05, 0x00, 0x06, 0x00,
    0xf4, 0xff, 0x06, 0x00, 0x00, 0x00, 0x03, 0x00, 0xf6, 0xff, 0x06, 0x00, 0xf9, 0xff, 0x06, 0x00,
    0x04, 0x00, 0x05, 0x00, 0x02, 0x00, 0x05, 0x00, 0xf7, 0xff, 0x06, 0x00, 0x01, 0x00, 0x05, 0x00,
    0x15, 0x00, 0x07, 0x00, 0x00, 0x00, 0x03, 0x00, 0x03, 0x00, 0x05, 0x00, 0xfa, 0xff, 0x06, 0x00,
    0x14, 0x00, 0x07, 0x00, 0x10, 0x00, 0x07, 0x00, 0x11, 0x00, 0x07, 0x00, 0x17, 0x00, 0x08, 0x00,
    0x16, 0x00, 0x07, 0x00, 0x00, 0x00, 0x03, 0x00, 0xd3, 0xff, 0x09, 0x00, 0x19, 0x00, 0x08, 0x00,
    0xfc, 0xff, 0x05, 0x00, 0xfe, 0xff, 0x05, 0x00, 0xd4, 0xff, 0x09, 0x00, 0xff, 0xff, 0x05, 0x00,
    0xf5, 0xff, 0x06, 0x00, 0x00, 0x00, 0x03, 0x00, 0xfd, 0xff, 0x05, 0x00, 0x18, 0x00, 0x08, 0x00,
    0x00, 0x80, 0x06, 0x00, 0x0f, 0x00, 0x07, 0x00, 0xf8, 0xff, 0x06, 0x00, 0xfb, 0xff, 0x06, 0x00,
    0x0c, 0x00, 0x06, 0x00, 0x00, 0x00, 0x03, 0x00, 0x0a, 0x00, 0x06, 0x00, 0x07, 0x00, 0x06, 0x00,
    0x04, 0x00, 0x05, 0x00, 0x02, 0x00, 0x05, 0x00, 0x09, 0x00, 0x06, 0x00, 0x01, 0x00, 0x05, 0x00,
    0x21, 0x00, 0x08, 0x00, 0x00, 0x00, 0x03, 0x00, 0x03, 0x00, 0x05, 0x00, 0x06, 0x00, 0x06, 0x00,
    0x20, 0x00, 0x08, 0x00, 0xb9, 0xff, 0x0b, 0x00, 0xb8, 0xff, 0x0b, 0x00, 0xf3, 0xff, 0x07, 0x00,
    0xd0, 0xff, 0x09, 0x00, 0x00, 0x00, 0x03, 0x00, 0xed, 0xff, 0x07, 0x00, 0xcb, 0xff, 0x0a, 0x00,
    0xfc, 0xff, 0x05, 0x00, 0xfe, 0xff, 0x05, 0x00, 0xee, 0xff, 0x07, 0x00, 0xff, 0xff, 0x05, 0x00,
    0x0b, 0x00, 0x06, 0x00, 0x00, 0x00, 0x03, 0x00, 0xfd, 0xff, 0x05, 0x00, 0xf2, 0xff, 0x07, 0x00,
    0x1f, 0x00, 0x08, 0x00, 0xca, 0xff, 0x0a, 0x00, 0x08, 0x00, 0x06, 0x00, 0x05, 0x00, 0x06, 0x00,
    0xf4, 0xff, 0x06, 0x00, 0x00, 0x00, 0x03, 0x00, 0xf6, 0xff, 0x06, 0x00, 0xf9, 0xff, 0x06, 0x00,
    0x04, 0x00, 0x05, 0x00, 0x02, 0x00, 0x05, 0x00, 0xf7, 0xff, 0x06, 0x00, 0x01, 0x00, 0x05, 0x00,
    0xeb, 0xff, 0x07, 0x00, 0x00, 0x00, 0x03, 0x00, 0x03, 0x00, 0x05, 0x00, 0xfa, 0xff, 0x06, 0x00,
    0xec, 0xff, 0x07, 0x00, 0xf0, 0xff, 0x07, 0x00, 0xef, 0xff, 0x07, 0x00, 0xce, 0xff, 0x0a, 0x00,
    0xea, 0xff, 0x07, 0x00, 0x00, 0x00, 0x03, 0x00, 0x1e, 0x00, 0x08, 0x00, 0xcc, 0xff, 0x0a, 0x00,
    0xfc, 0xff, 0x05, 0x00, 0xfe, 0xff, 0x05, 0x00, 0xd5, 0xff, 0x09, 0x00, 0xff, 0xff, 0x05, 0x00,
    0xf5, 0xff, 0x06, 0x00, 0x00, 0x00, 0x03, 0x00, 0xfd, 0xff, 0x05, 0x00, 0xdb, 0xff, 0x09, 0x00,
    0x00, 0x80, 0x06, 0x00, 0xf1, 0xff, 0x07, 0x00, 0xf8, 0xff, 0x06, 0x00, 0xfb, 0xff, 0x06, 0x00,
    0x0c, 0x00, 0x06, 0x00, 0x00, 0x00, 0x03, 0x00, 0x0a, 0x00, 0x06, 0x00, 0x07, 0x00, 0x06, 0x00,
    0x04, 0x00, 0x05, 0x00, 0x02, 0x00, 0x05, 0x00, 0x09, 0x00, 0x06, 0x00, 0x01, 0x00, 0x05, 0x00,
    0xde, 0xff, 0x08, 0x00, 0x00, 0x00, 0x03, 0x00, 0x03, 0x00, 0x05, 0x00, 0x06, 0x00, 0x06, 0x00,
    0xb2, 0xff, 0x0b, 0x00, 0xe4, 0xff, 0x08, 0x00, 0xe3, 0xff, 0x08, 0x00, 0x0d, 0x00, 0x07, 0x00,
    0xcf, 0xff, 0x09, 0x00, 0x00, 0x00, 0x03, 0x00, 0x13, 0x00, 0x07, 0x00, 0xe6, 0xff, 0x08, 0x00,
    0xfc, 0xff, 0x05, 0x00, 0xfe, 0xff, 0x05, 0x00, 0x12, 0x00, 0x07, 0x00, 0xff, 0xff, 0x05, 0x00,
    0x0b, 0x00, 0x06, 0x00, 0x00, 0x00, 0x03, 0x00, 0xfd, 0xff, 0x05, 0x00, 0x0e, 0x00, 0x07, 0x00,
    0xc4, 0xff, 0x0a, 0x00, 0xe5, 0xff, 0x08, 0x00, 0x08, 0x00, 0x06, 0x00, 0x05, 0x00, 0x06, 0x00,
    0xf4, 0xff, 0x06, 0x00, 0x00, 0x00, 0x03, 0x00, 0xf6, 0xff, 0x06, 0x00, 0xf9, 0xff, 0x06, 0x00,
    0x04, 0x00, 0x05, 0x00, 0x02, 0x00, 0x05, 0x00, 0xf7, 0xff, 0x06, 0x00, 0x01, 0x00, 0x05, 0x00,
    0x15, 0x00, 0x07, 0x00, 0x00, 0x00, 0x03, 0x00, 0x03, 0x00, 0x05, 0x00, 0xfa, 0xff, 0x06, 0x00,
    0x14, 0x00, 0x07, 0x00, 0x10, 0x00, 0x07, 0x00, 0x11, 0x00, 0x07, 0x00, 0xe9, 0xff, 0x08, 0x00,
    0x16, 0x00, 0x07, 0x00, 0x00, 0x00, 0x03, 0x00, 0xc5, 0xff, 0x0a, 0x00, 0xe7, 0xff, 0x08, 0x00,
    0xfc, 0xff, 0x05, 0x00, 0xfe, 0xff, 0x05, 0x00, 0xc6, 0xff, 0x0a, 0x00, 0xff, 0xff, 0x05, 0x00,
    0xf5, 0xff, 0x06, 0x00, 0x00, 0x00, 0x03, 0x00, 0xfd, 0xff, 0x05, 0x00, 0xe8, 0xff, 0x08, 0x00,
    0x00, 0x80, 0x06, 0x00, 0x0f, 0x00, 0x07, 0x00, 0xf8, 0xff, 0x06, 0x00, 0xfb, 0xff, 0x06, 0x00,
    0x0c, 0x00, 0x06, 0x00, 0x00, 0x00, 0x03, 0x00, 0x0a, 0x00, 0x06, 0x00, 0x07, 0x00, 0x06, 0x00,
    0x04, 0x00, 0x05, 0x00, 0x02, 0x00, 0x05, 0x00, 0x09, 0x00, 0x06, 0x00, 0x01, 0x00, 0x05, 0x00,
    0xdf, 0xff, 0x08, 0x00, 0x00, 0x00, 0x03, 0x00, 0x03, 0x00, 0x05, 0x00, 0x06, 0x00, 0x06, 0x00,
    0xe0, 0xff, 0x08, 0x00, 0xd8, 0xff, 0x09, 0x00, 0xd7, 0xff, 0x09, 0x00, 0xf3, 0xff, 0x07, 0x00,
    0xc1, 0xff, 0x0a, 0x00, 0x00, 0x00, 0x03, 0x00, 0xed, 0xff, 0x07, 0x00, 0xda, 0xff, 0x09, 0x00,
    0xfc, 0xff, 0x05, 0x00, 0xfe, 0xff, 0x05, 0x00, 0xee, 0xff, 0x07, 0x00, 0xff, 0xff, 0x05, 0x00,
    0x0b, 0x00, 0x06, 0x00, 0x00, 0x00, 0x03, 0x00, 0xfd, 0xff, 0x05, 0x00, 0xf2, 0xff, 0x07, 0x00,
    0xe1, 0xff, 0x08, 0x00, 0xd9, 0xff, 0x09, 0x00, 0x08, 0x00, 0x06, 0x00, 0x05, 0x00, 0x06, 0x00,
    0xf4, 0xff, 0x06, 0x00, 0x00, 0x00, 0x03, 0x00, 0xf6, 0xff, 0x06, 0x00, 0xf9, 0xff, 0x06, 0x00,
    0x04, 0x00, 0x05, 0x00, 0x02, 0x00, 0x05, 0x00, 0xf7, 0xff, 0x06, 0x00, 0x01, 0x00, 0x05, 0x00,
    0xeb, 0xff, 0x07, 0x00, 0x00, 0x00, 0x03, 0x00, 0x03, 0x00, 0x05, 0x00, 0xfa, 0xff, 0x06, 0x00,
    0xec, 0xff, 0x07, 0x00, 0xf0, 0xff, 0x07, 0x00, 0xef, 0xff, 0x07, 0x00, 0xdd, 0xff, 0x09, 0x00,
    0xea, 0xff, 0x07, 0x00, 0x00, 0x00, 0x03, 0x00, 0xe2, 0xff, 0x08, 0x00, 0xcd, 0xff, 0x0a, 0x00,
    0xfc, 0xff, 0x05, 0x00, 0xfe, 0xff, 0x05, 0x00, 0xd6, 0xff, 0x09, 0x00, 0xff, 0xff, 0x05, 0x00,
    0xf5, 0xff, 0x06, 0x00, 0x00, 0x00, 0x03, 0x00, 0xfd, 0xff, 0x05, 0x00, 0xdc, 0xff, 0x09, 0x00,
    0x00, 0x80, 0x06, 0x00, 0xf1, 0xff, 0x07, 0x00, 0xf8, 0xff, 0x06, 0x00, 0xfb, 0xff, 0x06, 0x00
};
