#include "common_types.h"

static char NXArgc[4] = {0};

static char NXArgv[4] = {0};

static char environ[4] = {0};

unsigned char ___progname[20] = {
    0xb8, 0x57, 0x21, 0x00, 0x00, 0x00, 0x00, 0x00, 0x00, 0x00, 0x00, 0x00, 0x00, 0x00, 0x00, 0x00,
    0x00, 0x00, 0x00, 0x00
};

char g_InhibitOpenGLErrors[32] = {0};

unsigned char sEnableSwap[4] = {
    0x01, 0x00, 0x00, 0x00
};

const char *kDisplayRectKey = "mac.display.rect";

const char *kDisplayIndexKey = "mac.display.index";

unsigned char kFirstTimeKey[20] = {
     0x00, 0x00, 0x00, 0x00, 0x00, 0x00, 0x00, 0x00, 0x00, 0x00, 0x00, 0x00, 0x00, 0x00, 0x00, 0x00,
    0x00, 0x00, 0x00, 0x00
};

static char sResult[32] = {0};

unsigned char sSystemCursorVisible[32] = {
    0x01, 0x00, 0x00, 0x00, 0x00, 0x00, 0x00, 0x00, 0x00, 0x00, 0x00, 0x00, 0x00, 0x00, 0x00, 0x00,
    0x00, 0x00, 0x00, 0x00, 0x00, 0x00, 0x00, 0x00, 0x00, 0x00, 0x00, 0x00, 0x00, 0x00, 0x00, 0x00
};

unsigned char sVisibleCursor[4] = {
    0x01, 0x00, 0x00, 0x00
};

unsigned char sCurrentWinCursor[4] = {
    0xff, 0xff, 0xff, 0xff
};

unsigned char __ZZN7WinIconC4EvE7sNextID[4] = {
    0x01, 0x00, 0x00, 0x00
};

unsigned char __ZZN9WinCursorC4EvE11sNextHandle[20] = {
    0x01, 0x00, 0x00, 0x00, 0x00, 0x00, 0x00, 0x00, 0x00, 0x00, 0x00, 0x00, 0x00, 0x00, 0x00, 0x00,
    0x00, 0x00, 0x00, 0x00
};

unsigned char sGerman_ISO_VK_Map[128] = {
    0x41, 0x53, 0x44, 0x46, 0x48, 0x47, 0x59, 0x58, 0x43, 0x56, 0x00, 0x42, 0x51, 0x57, 0x45, 0x52,
    0x5a, 0x54, 0x31, 0x32, 0x33, 0x34, 0x36, 0x35, 0xbb, 0x39, 0x37, 0xbd, 0x38, 0x30, 0xdd, 0x4f,
    0x55, 0xdb, 0x49, 0x50, 0x0d, 0x4c, 0x4a, 0xde, 0x4b, 0xba, 0xdc, 0xbc, 0xbf, 0x4e, 0x4d, 0xbe,
    0x09, 0x20, 0xc0, 0x08, 0x0d, 0x1b, 0x00, 0x13, 0x10, 0x14, 0x12, 0x11, 0x00, 0x00, 0x00, 0x00,
    0x00, 0x6e, 0x00, 0x6a, 0x00, 0x6b, 0x00, 0x90, 0x00, 0x00, 0x00, 0x6f,  0x00, 0x00, 0x00, 0x00,
    0x00, 0x92, 0x60, 0x61, 0x62, 0x63, 0x64, 0x65, 0x66, 0x67, 0x00, 0x68, 0x69, 0x00, 0x00, 0x00,
    0x74, 0x75, 0x76, 0x72, 0x77, 0x78, 0x00, 0x7a, 0x00, 0x7c, 0x7f, 0x7d, 0x00, 0x79, 0x00, 0x7b,
    0x00, 0x7e, 0x2d, 0x24, 0x21, 0x2e, 0x73, 0x23, 0x71, 0x22, 0x70, 0x25,  0x00, 0x00, 0x00, 0x00
};

unsigned char sFrench_ISO_VK_Map[128] = {
    0x51, 0x53, 0x44, 0x46, 0x48, 0x47, 0x57, 0x58, 0x43, 0x56, 0x00, 0x42, 0x41, 0x5a, 0x45, 0x52,
    0x59, 0x54, 0x31, 0x32, 0x33, 0x34, 0x36, 0x35, 0xbb, 0x39, 0x37, 0xbd, 0x38, 0x30, 0xdd, 0x4f,
    0x55, 0xdb, 0x49, 0x50, 0x0d, 0x4c, 0x4a, 0xde, 0x4b, 0x4d, 0xdc, 0xba, 0xbf, 0x4e, 0xbc, 0xbe,
    0x09, 0x20, 0xc0, 0x08, 0x0d, 0x1b, 0x00, 0x13, 0x10, 0x14, 0x12, 0x11, 0x00, 0x00, 0x00, 0x00,
    0x00, 0x6e, 0x00, 0x6a, 0x00, 0x6b, 0x00, 0x90, 0x00, 0x00, 0x00, 0x6f,  0x00, 0x00, 0x00, 0x00,
    0x00, 0x92, 0x60, 0x61, 0x62, 0x63, 0x64, 0x65, 0x66, 0x67, 0x00, 0x68, 0x69, 0x00, 0x00, 0x00,
    0x74, 0x75, 0x76, 0x72, 0x77, 0x78, 0x00, 0x7a, 0x00, 0x7c, 0x00, 0x7d, 0x00, 0x79, 0x00, 0x7b,
    0x00, 0x7e, 0x2d, 0x24, 0x21, 0x2e, 0x73, 0x23, 0x71, 0x22, 0x70, 0x25,  0x00, 0x00, 0x00, 0x00
};

unsigned char sANSI_VK_Map[128] = {
    0x41, 0x53, 0x44, 0x46, 0x48, 0x47, 0x5a, 0x58, 0x43, 0x56, 0x00, 0x42, 0x51, 0x57, 0x45, 0x52,
    0x59, 0x54, 0x31, 0x32, 0x33, 0x34, 0x36, 0x35, 0xbb, 0x39, 0x37, 0xbd, 0x38, 0x30, 0xdd, 0x4f,
    0x55, 0xdb, 0x49, 0x50, 0x0d, 0x4c, 0x4a, 0xde, 0x4b, 0xba, 0xdc, 0xbc, 0xbf, 0x4e, 0x4d, 0xbe,
    0x09, 0x20, 0xc0, 0x08, 0x0d, 0x1b, 0x00, 0x13, 0x10, 0x14, 0x12, 0x11, 0x00, 0x00, 0x00, 0x00,
    0x00, 0x6e, 0x00, 0x6a, 0x00, 0x6b, 0x00, 0x90, 0x00, 0x00, 0x00, 0x6f,  0x00, 0x00, 0x00, 0x00,
    0x00, 0x92, 0x60, 0x61, 0x62, 0x63, 0x64, 0x65, 0x66, 0x67, 0x00, 0x68, 0x69, 0x00, 0x00, 0x00,
    0x74, 0x75, 0x76, 0x72, 0x77, 0x78, 0x00, 0x7a, 0x00, 0x7c, 0x00, 0x7d, 0x00, 0x79, 0x00, 0x7b,
    0x00, 0x7e, 0x2d, 0x24, 0x21, 0x2e, 0x73, 0x23, 0x71, 0x22, 0x70, 0x25,  0x00, 0x00, 0x00, 0x00
};

char g_CurrentGenericPacket[12] = {0};

unsigned char D3DToOpenGLPrimitive[52] = {
    0x00, 0x00, 0x00, 0x00, 0x00, 0x00, 0x00, 0x00, 0x01, 0x00, 0x00, 0x00, 0x03, 0x00, 0x00, 0x00,
    0x04, 0x00, 0x00, 0x00, 0x05, 0x00, 0x00, 0x00, 0x06, 0x00, 0x00, 0x00, 0x00, 0x00, 0x00, 0x00,
    0x00, 0x00, 0x00, 0x00, 0x00, 0x00, 0x00, 0x00, 0x00, 0x00, 0x00, 0x00, 0x00, 0x00, 0x00, 0x00,
    0x00, 0x00, 0x00, 0x00
};

char g_InhibitCopy[4] = {0};

unsigned char g_scale2[4] = {
    0x00, 0x00, 0x80, 0x4b
};

unsigned char g_scale1[4] = {
    0x00, 0x00, 0x80, 0x3f
};

static char g_showtexid[4] = {0};

char g_RenderToShadowCookie[4] = {0};

char g_NumBlurShadowPasses[4] = {0};

char g_ShowShadowCookies[1] = {0};

unsigned char __ZN15CDirect3DDevice29mNeedsRasterizationValidationE[1] = {
    0x01
};

unsigned char __ZN15CDirect3DDevice30mNeedsTransformationValidationE[1] = {
    0x01
};

unsigned char __ZN15CDirect3DDevice28mNeedsVertexShaderValidationE[5] = {
    0x01, 0x00, 0x00, 0x00, 0x00
};

static char __ZN13CMemoryBuffer31sMemoryDesignatedForDelayedFreeE[4] = {0};

unsigned char g_VAOID[4] = {
    0xff, 0xff, 0xff, 0xff
};

char __ZN7COpenGL14sShowTextureIDE[4] = {0};

unsigned char __ZN7COpenGL9sDrawFlagE[4] = {
    0x01, 0x00, 0x00, 0x00
};

char __ZN7COpenGL11sFrameCountE[24] = {0};

static char g_NumShadowCookies[24] = {0};

unsigned char __ZN13COpenGLMatrix9sIdentityE[64] = {
    0x00, 0x00, 0x80, 0x3f, 0x00, 0x00, 0x00, 0x00, 0x00, 0x00, 0x00, 0x00, 0x00, 0x00, 0x00, 0x00,
    0x00, 0x00, 0x00, 0x00, 0x00, 0x00, 0x80, 0x3f, 0x00, 0x00, 0x00, 0x00, 0x00, 0x00, 0x00, 0x00,
    0x00, 0x00, 0x00, 0x00, 0x00, 0x00, 0x00, 0x00, 0x00, 0x00, 0x80, 0x3f, 0x00, 0x00, 0x00, 0x00,
    0x00, 0x00, 0x00, 0x00, 0x00, 0x00, 0x00, 0x00, 0x00, 0x00, 0x00, 0x00, 0x00, 0x00, 0x80, 0x3f
};

unsigned char sDeclarationTable[32] = {
    0x40, 0x60, 0x40, 0x11, 0x40, 0x60, 0x40, 0x21, 0x40, 0x60, 0x40, 0x31, 0x40, 0x60, 0x40, 0x41,
    0x11, 0x10, 0x40, 0x41, 0x10, 0x10, 0x40, 0x41, 0x20, 0x20, 0x40, 0x21, 0x20, 0x20, 0x40, 0x41
};

unsigned char FastTranslateTbl[32] = {
     0x00, 0x00, 0x00, 0x00, 0x30, 0x12, 0x12, 0x40, 0x00, 0x00, 0x00, 0x00, 0x00, 0x00, 0x00, 0x00,
    0x00, 0x00, 0x00, 0x00, 0x00, 0x00, 0x00, 0x00, 0x00, 0x00, 0x00, 0x00, 0x00, 0x00, 0x00, 0x00
};

unsigned char sD3DTextureOpToOpenGL[64] = {
     0x00, 0x00, 0x00, 0x00,  0x00, 0x00, 0x00, 0x00,  0x00, 0x00, 0x00, 0x00,  0x00, 0x00, 0x00, 0x00,
    0x00, 0x00, 0x00, 0x00, 0x00, 0x00, 0x00, 0x00, 0x00, 0x00, 0x00, 0x00, 0x00, 0x00, 0x00, 0x00,
    0x00, 0x00, 0x00, 0x00, 0x00, 0x00, 0x00, 0x00, 0x00, 0x00, 0x00, 0x00, 0x00, 0x00, 0x00, 0x00,
    0x00, 0x00, 0x00, 0x00, 0x00, 0x00, 0x00, 0x00, 0x00, 0x00, 0x00, 0x00, 0x00, 0x00, 0x00, 0x00
};

const char *kBuildTag = "Posted-04/18/06";

unsigned char kProductTag[28] = {
     0x00, 0x00, 0x00, 0x00, 0x00, 0x00, 0x00, 0x00, 0x00, 0x00, 0x00, 0x00, 0x00, 0x00, 0x00, 0x00,
    0x00, 0x00, 0x00, 0x00, 0x00, 0x00, 0x00, 0x00, 0x00, 0x00, 0x00, 0x00
};

unsigned char bytedirs[1944] = {
    0x4f, 0x96, 0x06, 0xbf, 0x00, 0x00, 0x00, 0x00, 0x44, 0xc4, 0x59, 0x3f, 0xf0, 0xbe, 0xe2, 0xbe,
    0xab, 0x96, 0x74, 0x3e, 0x6d, 0x3b, 0x5d, 0x3f, 0xf6, 0x29, 0x97, 0xbe, 0x00, 0x00, 0x00, 0x00,
    0x9a, 0x96, 0x74, 0x3f, 0x7a, 0x37, 0x9e, 0xbe, 0x00, 0x00, 0x00, 0x3f, 0xbd, 0x1b, 0x4f, 0x3f,
    0xea, 0x5b, 0x26, 0xbe, 0x5f, 0x96, 0x86, 0x3e, 0x68, 0x78, 0x73, 0x3f, 0x00, 0x00, 0x00, 0x00,
    0x00, 0x00, 0x00, 0x00, 0x00, 0x00, 0x80, 0x3f, 0x00, 0x00, 0x00, 0x00, 0x44, 0xc4, 0x59, 0x3f,
    0x4f, 0x96, 0x06, 0x3f, 0xf6, 0x29, 0x17, 0xbe, 0xef, 0x70, 0x37, 0x3f, 0x12, 0x85, 0x2e, 0x3f,
    0xf6, 0x29, 0x17, 0x3e, 0xef, 0x70, 0x37, 0x3f, 0x12, 0x85, 0x2e, 0x3f, 0x00, 0x00, 0x00, 0x00,
    0x4f, 0x96, 0x06, 0x3f, 0x44, 0xc4, 0x59, 0x3f, 0x7a, 0x37, 0x9e, 0x3e, 0x00, 0x00, 0x00, 0x3f,
    0xbd, 0x1b, 0x4f, 0x3f, 0x4f, 0x96, 0x06, 0x3f, 0x00, 0x00, 0x00, 0x00, 0x44, 0xc4, 0x59, 0x3f,
    0xf6, 0x29, 0x97, 0x3e, 0x00, 0x00, 0x00, 0x00, 0x9a, 0x96, 0x74, 0x3f, 0xf0, 0xbe, 0xe2, 0x3e,
    0xab, 0x96, 0x74, 0x3e, 0x6d, 0x3b, 0x5d, 0x3f, 0xea, 0x5b, 0x26, 0x3e, 0x5f, 0x96, 0x86, 0x3e,
    0x68, 0x78, 0x73, 0x3f, 0x12, 0x85, 0x2e, 0xbf, 0xf6, 0x29, 0x17, 0x3e, 0xef, 0x70, 0x37, 0x3f,
    0xbd, 0x1b, 0x4f, 0xbf, 0x7a, 0x37, 0x9e, 0x3e, 0x00, 0x00, 0x00, 0x3f, 0x14, 0x79, 0x16, 0xbf,
    0x33, 0xc4, 0xd9, 0x3e, 0x49, 0x2d, 0x30, 0x3f, 0x44, 0xc4, 0x59, 0xbf, 0x4f, 0x96, 0x06, 0x3f,
    0x00, 0x00, 0x00, 0x00, 0x6d, 0x3b, 0x5d, 0xbf, 0xf0, 0xbe, 0xe2, 0x3e, 0xab, 0x96, 0x74, 0x3e,
    0xef, 0x70, 0x37, 0xbf, 0x12, 0x85, 0x2e, 0x3f, 0xf6, 0x29, 0x17, 0x3e, 0x49, 0x2d, 0x30, 0xbf,
    0x14, 0x79, 0x16, 0x3f, 0x33, 0xc4, 0xd9, 0x3e, 0x00, 0x00, 0x00, 0xbf, 0xbd, 0x1b, 0x4f, 0x3f,
    0x7a, 0x37, 0x9e, 0x3e, 0xab, 0x96, 0x74, 0xbe, 0x6d, 0x3b, 0x5d, 0x3f, 0xf0, 0xbe, 0xe2, 0x3e,
    0x33, 0xc4, 0xd9, 0xbe, 0x49, 0x2d, 0x30, 0x3f, 0x14, 0x79, 0x16, 0x3f, 0xef, 0x70, 0x37, 0xbf,
    0x12, 0x85, 0x2e, 0x3f, 0xf6, 0x29, 0x17, 0xbe, 0x00, 0x00, 0x00, 0xbf, 0xbd, 0x1b, 0x4f, 0x3f,
    0x7a, 0x37, 0x9e, 0xbe, 0x4f, 0x96, 0x06, 0xbf, 0x44, 0xc4, 0x59, 0x3f, 0x00, 0x00, 0x00, 0x00,
    0x00, 0x00, 0x00, 0x00, 0x44, 0xc4, 0x59, 0x3f, 0x4f, 0x96, 0x06, 0xbf, 0xab, 0x96, 0x74, 0xbe,
    0x6d, 0x3b, 0x5d, 0x3f, 0xf0, 0xbe, 0xe2, 0xbe, 0x00, 0x00, 0x00, 0x00, 0x9a, 0x96, 0x74, 0x3f,
    0xf6, 0x29, 0x97, 0xbe, 0x5f, 0x96, 0x86, 0xbe, 0x68, 0x78, 0x73, 0x3f, 0xea, 0x5b, 0x26, 0xbe,
    0x00, 0x00, 0x00, 0x00, 0x00, 0x00, 0x80, 0x3f, 0x00, 0x00, 0x00, 0x00, 0x00, 0x00, 0x00, 0x00,
    0x9a, 0x96, 0x74, 0x3f, 0xf6, 0x29, 0x97, 0x3e, 0x5f, 0x96, 0x86, 0xbe, 0x68, 0x78, 0x73, 0x3f,
    0xea, 0x5b, 0x26, 0x3e, 0xab, 0x96, 0x74, 0x3e, 0x6d, 0x3b, 0x5d, 0x3f, 0xf0, 0xbe, 0xe2, 0x3e,
    0x5f, 0x96, 0x86, 0x3e, 0x68, 0x78, 0x73, 0x3f, 0xea, 0x5b, 0x26, 0x3e, 0x00, 0x00, 0x00, 0x3f,
    0xbd, 0x1b, 0x4f, 0x3f, 0x7a, 0x37, 0x9e, 0x3e, 0xab, 0x96, 0x74, 0x3e, 0x6d, 0x3b, 0x5d, 0x3f,
    0xf0, 0xbe, 0xe2, 0xbe, 0x5f, 0x96, 0x86, 0x3e, 0x68, 0x78, 0x73, 0x3f, 0xea, 0x5b, 0x26, 0xbe,
    0x00, 0x00, 0x00, 0x3f, 0xbd, 0x1b, 0x4f, 0x3f, 0x7a, 0x37, 0x9e, 0xbe, 0x44, 0xc4, 0x59, 0x3f,
    0x4f, 0x96, 0x06, 0x3f, 0x00, 0x00, 0x00, 0x00, 0xef, 0x70, 0x37, 0x3f, 0x12, 0x85, 0x2e, 0x3f,
    0xf6, 0x29, 0x17, 0x3e, 0xef, 0x70, 0x37, 0x3f, 0x12, 0x85, 0x2e, 0x3f, 0xf6, 0x29, 0x17, 0xbe,
    0x4f, 0x96, 0x06, 0x3f, 0x44, 0xc4, 0x59, 0x3f, 0x00, 0x00, 0x00, 0x00, 0x33, 0xc4, 0xd9, 0x3e,
    0x49, 0x2d, 0x30, 0x3f, 0x14, 0x79, 0x16, 0x3f, 0x6d, 0x3b, 0x5d, 0x3f, 0xf0, 0xbe, 0xe2, 0x3e,
    0xab, 0x96, 0x74, 0x3e, 0x49, 0x2d, 0x30, 0x3f, 0x14, 0x79, 0x16, 0x3f, 0x33, 0xc4, 0xd9, 0x3e,
    0xbd, 0x1b, 0x4f, 0x3f, 0x7a, 0x37, 0x9e, 0x3e, 0x00, 0x00, 0x00, 0x3f, 0x12, 0x85, 0x2e, 0x3f,
    0xf6, 0x29, 0x17, 0x3e, 0xef, 0x70, 0x37, 0x3f, 0x14, 0x79, 0x16, 0x3f, 0x33, 0xc4, 0xd9, 0x3e,
    0x49, 0x2d, 0x30, 0x3f, 0x9a, 0x96, 0x74, 0x3f, 0xf6, 0x29, 0x97, 0x3e, 0x00, 0x00, 0x00, 0x00,
    0x00, 0x00, 0x80, 0x3f, 0x00, 0x00, 0x00, 0x00, 0x00, 0x00, 0x00, 0x00, 0x68, 0x78, 0x73, 0x3f,
    0xea, 0x5b, 0x26, 0x3e, 0x5f, 0x96, 0x86, 0x3e, 0x44, 0xc4, 0x59, 0x3f, 0x4f, 0x96, 0x06, 0xbf,
    0x00, 0x00, 0x00, 0x00, 0x9a, 0x96, 0x74, 0x3f, 0xf6, 0x29, 0x97, 0xbe, 0x00, 0x00, 0x00, 0x00,
    0x6d, 0x3b, 0x5d, 0x3f, 0xf0, 0xbe, 0xe2, 0xbe, 0xab, 0x96, 0x74, 0x3e, 0x68, 0x78, 0x73, 0x3f,
    0xea, 0x5b, 0x26, 0xbe, 0x5f, 0x96, 0x86, 0x3e, 0xbd, 0x1b, 0x4f, 0x3f, 0x7a, 0x37, 0x9e, 0xbe,
    0x00, 0x00, 0x00, 0x3f, 0x12, 0x85, 0x2e, 0x3f, 0xf6, 0x29, 0x17, 0xbe, 0xef, 0x70, 0x37, 0x3f,
    0x44, 0xc4, 0x59, 0x3f, 0x00, 0x00, 0x00, 0x00, 0x4f, 0x96, 0x06, 0x3f, 0x6d, 0x3b, 0x5d, 0x3f,
    0xf0, 0xbe, 0xe2, 0x3e, 0xab, 0x96, 0x74, 0xbe, 0xbd, 0x1b, 0x4f, 0x3f, 0x7a, 0x37, 0x9e, 0x3e,
    0x00, 0x00, 0x00, 0xbf, 0x68, 0x78, 0x73, 0x3f, 0xea, 0x5b, 0x26, 0x3e, 0x5f, 0x96, 0x86, 0xbe,
    0x4f, 0x96, 0x06, 0x3f, 0x00, 0x00, 0x00, 0x00, 0x44, 0xc4, 0x59, 0xbf, 0x12, 0x85, 0x2e, 0x3f,
    0xf6, 0x29, 0x17, 0x3e, 0xef, 0x70, 0x37, 0xbf, 0x12, 0x85, 0x2e, 0x3f, 0xf6, 0x29, 0x17, 0xbe,
    0xef, 0x70, 0x37, 0xbf, 0x44, 0xc4, 0x59, 0x3f, 0x00, 0x00, 0x00, 0x00, 0x4f, 0x96, 0x06, 0xbf,
    0xbd, 0x1b, 0x4f, 0x3f, 0x7a, 0x37, 0x9e, 0xbe, 0x00, 0x00, 0x00, 0xbf, 0x6d, 0x3b, 0x5d, 0x3f,
    0xf0, 0xbe, 0xe2, 0xbe, 0xab, 0x96, 0x74, 0xbe, 0x68, 0x78, 0x73, 0x3f, 0xea, 0x5b, 0x26, 0xbe,
    0x5f, 0x96, 0x86, 0xbe, 0xf6, 0x29, 0x17, 0x3e, 0xef, 0x70, 0x37, 0x3f, 0x12, 0x85, 0x2e, 0xbf,
    0x7a, 0x37, 0x9e, 0x3e, 0x00, 0x00, 0x00, 0x3f, 0xbd, 0x1b, 0x4f, 0xbf, 0x33, 0xc4, 0xd9, 0x3e,
    0x49, 0x2d, 0x30, 0x3f, 0x14, 0x79, 0x16, 0xbf, 0xf0, 0xbe, 0xe2, 0x3e, 0xab, 0x96, 0x74, 0x3e,
    0x6d, 0x3b, 0x5d, 0xbf, 0x14, 0x79, 0x16, 0x3f, 0x33, 0xc4, 0xd9, 0x3e, 0x49, 0x2d, 0x30, 0xbf,
    0x49, 0x2d, 0x30, 0x3f, 0x14, 0x79, 0x16, 0x3f, 0x33, 0xc4, 0xd9, 0xbe, 0xf6, 0x29, 0x17, 0xbe,
    0xef, 0x70, 0x37, 0x3f, 0x12, 0x85, 0x2e, 0xbf, 0x7a, 0x37, 0x9e, 0xbe, 0x00, 0x00, 0x00, 0x3f,
    0xbd, 0x1b, 0x4f, 0xbf, 0x00, 0x00, 0x00, 0x00, 0x4f, 0x96, 0x06, 0x3f, 0x44, 0xc4, 0x59, 0xbf,
    0x4f, 0x96, 0x06, 0xbf, 0x00, 0x00, 0x00, 0x00, 0x44, 0xc4, 0x59, 0xbf, 0xf0, 0xbe, 0xe2, 0xbe,
    0xab, 0x96, 0x74, 0x3e, 0x6d, 0x3b, 0x5d, 0xbf, 0xf6, 0x29, 0x97, 0xbe, 0x00, 0x00, 0x00, 0x00,
    0x9a, 0x96, 0x74, 0xbf, 0xea, 0x5b, 0x26, 0xbe, 0x5f, 0x96, 0x86, 0x3e, 0x68, 0x78, 0x73, 0xbf,
    0x00, 0x00, 0x00, 0x00, 0x00, 0x00, 0x00, 0x00, 0x00, 0x00, 0x80, 0xbf, 0xf6, 0x29, 0x97, 0x3e,
    0x00, 0x00, 0x00, 0x00, 0x9a, 0x96, 0x74, 0xbf, 0xea, 0x5b, 0x26, 0x3e, 0x5f, 0x96, 0x86, 0x3e,
    0x68, 0x78, 0x73, 0xbf, 0xf0, 0xbe, 0xe2, 0xbe, 0xab, 0x96, 0x74, 0xbe, 0x6d, 0x3b, 0x5d, 0xbf,
    0x7a, 0x37, 0x9e, 0xbe, 0x00, 0x00, 0x00, 0xbf, 0xbd, 0x1b, 0x4f, 0xbf, 0xea, 0x5b, 0x26, 0xbe,
    0x5f, 0x96, 0x86, 0xbe, 0x68, 0x78, 0x73, 0xbf, 0x00, 0x00, 0x00, 0x00, 0x44, 0xc4, 0x59, 0xbf,
    0x4f, 0x96, 0x06, 0xbf, 0xf6, 0x29, 0x17, 0xbe, 0xef, 0x70, 0x37, 0xbf, 0x12, 0x85, 0x2e, 0xbf,
    0xf6, 0x29, 0x17, 0x3e, 0xef, 0x70, 0x37, 0xbf, 0x12, 0x85, 0x2e, 0xbf, 0x00, 0x00, 0x00, 0x00,
    0x4f, 0x96, 0x06, 0xbf, 0x44, 0xc4, 0x59, 0xbf, 0x7a, 0x37, 0x9e, 0x3e, 0x00, 0x00, 0x00, 0xbf,
    0xbd, 0x1b, 0x4f, 0xbf, 0xf0, 0xbe, 0xe2, 0x3e, 0xab, 0x96, 0x74, 0xbe, 0x6d, 0x3b, 0x5d, 0xbf,
    0xea, 0x5b, 0x26, 0x3e, 0x5f, 0x96, 0x86, 0xbe, 0x68, 0x78, 0x73, 0xbf, 0xab, 0x96, 0x74, 0x3e,
    0x6d, 0x3b, 0x5d, 0xbf, 0xf0, 0xbe, 0xe2, 0xbe, 0x00, 0x00, 0x00, 0x3f, 0xbd, 0x1b, 0x4f, 0xbf,
    0x7a, 0x37, 0x9e, 0xbe, 0x33, 0xc4, 0xd9, 0x3e, 0x49, 0x2d, 0x30, 0xbf, 0x14, 0x79, 0x16, 0xbf,
    0xef, 0x70, 0x37, 0x3f, 0x12, 0x85, 0x2e, 0xbf, 0xf6, 0x29, 0x17, 0xbe, 0x49, 0x2d, 0x30, 0x3f,
    0x14, 0x79, 0x16, 0xbf, 0x33, 0xc4, 0xd9, 0xbe, 0x14, 0x79, 0x16, 0x3f, 0x33, 0xc4, 0xd9, 0xbe,
    0x49, 0x2d, 0x30, 0xbf, 0x00, 0x00, 0x00, 0x00, 0x9a, 0x96, 0x74, 0xbf, 0xf6, 0x29, 0x97, 0xbe,
    0x00, 0x00, 0x00, 0x00, 0x00, 0x00, 0x80, 0xbf, 0x00, 0x00, 0x00, 0x00, 0x5f, 0x96, 0x86, 0x3e,
    0x68, 0x78, 0x73, 0xbf, 0xea, 0x5b, 0x26, 0xbe, 0x00, 0x00, 0x00, 0x00, 0x44, 0xc4, 0x59, 0xbf,
    0x4f, 0x96, 0x06, 0x3f, 0x00, 0x00, 0x00, 0x00, 0x9a, 0x96, 0x74, 0xbf, 0xf6, 0x29, 0x97, 0x3e,
    0xab, 0x96, 0x74, 0x3e, 0x6d, 0x3b, 0x5d, 0xbf, 0xf0, 0xbe, 0xe2, 0x3e, 0x5f, 0x96, 0x86, 0x3e,
    0x68, 0x78, 0x73, 0xbf, 0xea, 0x5b, 0x26, 0x3e, 0x00, 0x00, 0x00, 0x3f, 0xbd, 0x1b, 0x4f, 0xbf,
    0x7a, 0x37, 0x9e, 0x3e, 0xef, 0x70, 0x37, 0x3f, 0x12, 0x85, 0x2e, 0xbf, 0xf6, 0x29, 0x17, 0x3e,
    0x4f, 0x96, 0x06, 0x3f, 0x44, 0xc4, 0x59, 0xbf, 0x00, 0x00, 0x00, 0x00, 0xab, 0x96, 0x74, 0xbe,
    0x6d, 0x3b, 0x5d, 0xbf, 0xf0, 0xbe, 0xe2, 0xbe, 0x00, 0x00, 0x00, 0xbf, 0xbd, 0x1b, 0x4f, 0xbf,
    0x7a, 0x37, 0x9e, 0xbe, 0x5f, 0x96, 0x86, 0xbe, 0x68, 0x78, 0x73, 0xbf, 0xea, 0x5b, 0x26, 0xbe,
    0x44, 0xc4, 0x59, 0xbf, 0x4f, 0x96, 0x06, 0xbf, 0x00, 0x00, 0x00, 0x00, 0xef, 0x70, 0x37, 0xbf,
    0x12, 0x85, 0x2e, 0xbf, 0xf6, 0x29, 0x17, 0xbe, 0xef, 0x70, 0x37, 0xbf, 0x12, 0x85, 0x2e, 0xbf,
    0xf6, 0x29, 0x17, 0x3e, 0x4f, 0x96, 0x06, 0xbf, 0x44, 0xc4, 0x59, 0xbf, 0x00, 0x00, 0x00, 0x00,
    0x00, 0x00, 0x00, 0xbf, 0xbd, 0x1b, 0x4f, 0xbf, 0x7a, 0x37, 0x9e, 0x3e, 0xab, 0x96, 0x74, 0xbe,
    0x6d, 0x3b, 0x5d, 0xbf, 0xf0, 0xbe, 0xe2, 0x3e, 0x5f, 0x96, 0x86, 0xbe, 0x68, 0x78, 0x73, 0xbf,
    0xea, 0x5b, 0x26, 0x3e, 0x6d, 0x3b, 0x5d, 0xbf, 0xf0, 0xbe, 0xe2, 0xbe, 0xab, 0x96, 0x74, 0x3e,
    0xbd, 0x1b, 0x4f, 0xbf, 0x7a, 0x37, 0x9e, 0xbe, 0x00, 0x00, 0x00, 0x3f, 0x49, 0x2d, 0x30, 0xbf,
    0x14, 0x79, 0x16, 0xbf, 0x33, 0xc4, 0xd9, 0x3e, 0x12, 0x85, 0x2e, 0xbf, 0xf6, 0x29, 0x17, 0xbe,
    0xef, 0x70, 0x37, 0x3f, 0xf0, 0xbe, 0xe2, 0xbe, 0xab, 0x96, 0x74, 0xbe, 0x6d, 0x3b, 0x5d, 0x3f,
    0x14, 0x79, 0x16, 0xbf, 0x33, 0xc4, 0xd9, 0xbe, 0x49, 0x2d, 0x30, 0x3f, 0x7a, 0x37, 0x9e, 0xbe,
    0x00, 0x00, 0x00, 0xbf, 0xbd, 0x1b, 0x4f, 0x3f, 0xf6, 0x29, 0x17, 0xbe, 0xef, 0x70, 0x37, 0xbf,
    0x12, 0x85, 0x2e, 0x3f, 0x33, 0xc4, 0xd9, 0xbe, 0x49, 0x2d, 0x30, 0xbf, 0x14, 0x79, 0x16, 0x3f,
    0xea, 0x5b, 0x26, 0xbe, 0x5f, 0x96, 0x86, 0xbe, 0x68, 0x78, 0x73, 0x3f, 0xf0, 0xbe, 0xe2, 0x3e,
    0xab, 0x96, 0x74, 0xbe, 0x6d, 0x3b, 0x5d, 0x3f, 0xea, 0x5b, 0x26, 0x3e, 0x5f, 0x96, 0x86, 0xbe,
    0x68, 0x78, 0x73, 0x3f, 0x7a, 0x37, 0x9e, 0x3e, 0x00, 0x00, 0x00, 0xbf, 0xbd, 0x1b, 0x4f, 0x3f,
    0xf6, 0x29, 0x17, 0x3e, 0xef, 0x70, 0x37, 0xbf, 0x12, 0x85, 0x2e, 0x3f, 0x00, 0x00, 0x00, 0x00,
    0x4f, 0x96, 0x06, 0xbf, 0x44, 0xc4, 0x59, 0x3f, 0x33, 0xc4, 0xd9, 0x3e, 0x49, 0x2d, 0x30, 0xbf,
    0x14, 0x79, 0x16, 0x3f, 0x14, 0x79, 0x16, 0x3f, 0x33, 0xc4, 0xd9, 0xbe, 0x49, 0x2d, 0x30, 0x3f,
    0x49, 0x2d, 0x30, 0x3f, 0x14, 0x79, 0x16, 0xbf, 0x33, 0xc4, 0xd9, 0x3e, 0x9a, 0x96, 0x74, 0xbf,
    0xf6, 0x29, 0x97, 0x3e, 0x00, 0x00, 0x00, 0x00, 0x68, 0x78, 0x73, 0xbf, 0xea, 0x5b, 0x26, 0x3e,
    0x5f, 0x96, 0x86, 0x3e, 0x00, 0x00, 0x80, 0xbf, 0x00, 0x00, 0x00, 0x00, 0x00, 0x00, 0x00, 0x00,
    0x44, 0xc4, 0x59, 0xbf, 0x00, 0x00, 0x00, 0x00, 0x4f, 0x96, 0x06, 0x3f, 0x9a, 0x96, 0x74, 0xbf,
    0xf6, 0x29, 0x97, 0xbe, 0x00, 0x00, 0x00, 0x00, 0x68, 0x78, 0x73, 0xbf, 0xea, 0x5b, 0x26, 0xbe,
    0x5f, 0x96, 0x86, 0x3e, 0x6d, 0x3b, 0x5d, 0xbf, 0xf0, 0xbe, 0xe2, 0x3e, 0xab, 0x96, 0x74, 0xbe,
    0x68, 0x78, 0x73, 0xbf, 0xea, 0x5b, 0x26, 0x3e, 0x5f, 0x96, 0x86, 0xbe, 0xbd, 0x1b, 0x4f, 0xbf,
    0x7a, 0x37, 0x9e, 0x3e, 0x00, 0x00, 0x00, 0xbf, 0x6d, 0x3b, 0x5d, 0xbf, 0xf0, 0xbe, 0xe2, 0xbe,
    0xab, 0x96, 0x74, 0xbe, 0x68, 0x78, 0x73, 0xbf, 0xea, 0x5b, 0x26, 0xbe, 0x5f, 0x96, 0x86, 0xbe,
    0xbd, 0x1b, 0x4f, 0xbf, 0x7a, 0x37, 0x9e, 0xbe, 0x00, 0x00, 0x00, 0xbf, 0x12, 0x85, 0x2e, 0xbf,
    0xf6, 0x29, 0x17, 0x3e, 0xef, 0x70, 0x37, 0xbf, 0x12, 0x85, 0x2e, 0xbf, 0xf6, 0x29, 0x17, 0xbe,
    0xef, 0x70, 0x37, 0xbf, 0x44, 0xc4, 0x59, 0xbf, 0x00, 0x00, 0x00, 0x00, 0x4f, 0x96, 0x06, 0xbf,
    0x49, 0x2d, 0x30, 0xbf, 0x14, 0x79, 0x16, 0x3f, 0x33, 0xc4, 0xd9, 0xbe, 0x14, 0x79, 0x16, 0xbf,
    0x33, 0xc4, 0xd9, 0x3e, 0x49, 0x2d, 0x30, 0xbf, 0x33, 0xc4, 0xd9, 0xbe, 0x49, 0x2d, 0x30, 0x3f,
    0x14, 0x79, 0x16, 0xbf, 0x33, 0xc4, 0xd9, 0xbe, 0x49, 0x2d, 0x30, 0xbf, 0x14, 0x79, 0x16, 0xbf,
    0x14, 0x79, 0x16, 0xbf, 0x33, 0xc4, 0xd9, 0xbe, 0x49, 0x2d, 0x30, 0xbf, 0x49, 0x2d, 0x30, 0xbf,
    0x14, 0x79, 0x16, 0xbf, 0x33, 0xc4, 0xd9, 0xbe
};

unsigned char holdrand[8] = {
    0xef, 0xcd, 0xab, 0x89, 0x00, 0x00, 0x00, 0x00
};

unsigned char cl_cdkeychecksum[12] = {
    0x20, 0x20, 0x20, 0x20, 0x00, 0x00, 0x00, 0x00, 0x00, 0x00, 0x00, 0x00
};

unsigned char cl_cdkey[52] = {
    0x20, 0x20, 0x20, 0x20, 0x20, 0x20, 0x20, 0x20, 0x20, 0x20, 0x20, 0x20, 0x20, 0x20, 0x20, 0x20,
    0x20, 0x20, 0x20, 0x20, 0x20, 0x20, 0x20, 0x20, 0x20, 0x20, 0x20, 0x20, 0x20, 0x20, 0x20, 0x20,
    0x00, 0x00, 0x00, 0x00, 0x00, 0x00, 0x00, 0x00, 0x00, 0x00, 0x00, 0x00, 0x00, 0x00, 0x00, 0x00,
    0x00, 0x00, 0x00, 0x00
};

const char *noticeErrors[] = {
    "EXE_SERVER_DISCONNECTED",
    "EXE_DISCONNECTED",
    "EXE_SERVERISFULL",
    "XBOXLIVE_SIGNEDOUTOFLIVE",
    "XBOXLIVE_CANTJOINSESSION",
    "XBOXLIVE_MPNOTALLOWED",
    "XBOXLIVE_MUSTLOGIN"
};

unsigned char g_languages[128] = {
     0x00, 0x00, 0x00, 0x00, 0x00, 0x00, 0x00, 0x00,  0x00, 0x00, 0x00, 0x00, 0x00, 0x00, 0x00, 0x00,
     0x00, 0x00, 0x00, 0x00, 0x00, 0x00, 0x00, 0x00,  0x00, 0x00, 0x00, 0x00, 0x00, 0x00, 0x00, 0x00,
     0x00, 0x00, 0x00, 0x00, 0x00, 0x00, 0x00, 0x00,  0x00, 0x00, 0x00, 0x00, 0x00, 0x00, 0x00, 0x00,
     0x00, 0x00, 0x00, 0x00, 0x00, 0x00, 0x00, 0x00,  0x00, 0x00, 0x00, 0x00, 0x00, 0x00, 0x00, 0x00,
     0x00, 0x00, 0x00, 0x00, 0x00, 0x00, 0x00, 0x00,  0x00, 0x00, 0x00, 0x00, 0x00, 0x00, 0x00, 0x00,
     0x00, 0x00, 0x00, 0x00, 0x00, 0x00, 0x00, 0x00,  0x00, 0x00, 0x00, 0x00, 0x00, 0x00, 0x00, 0x00,
     0x00, 0x00, 0x00, 0x00, 0x00, 0x00, 0x00, 0x00,  0x00, 0x00, 0x00, 0x00, 0x00, 0x00, 0x00, 0x00,
    0x00, 0x00, 0x00, 0x00, 0x00, 0x00, 0x00, 0x00, 0x00, 0x00, 0x00, 0x00, 0x00, 0x00, 0x00, 0x00
};

char fs_numServerIwds[4] = {0};

char fs_packFiles[4] = {0};

char fs_searchpaths[24] = {0};

static char TheStringPackage[32] = {0};

unsigned char bg_itemlist[5824] = {
    0x00, 0x00, 0x00, 0x00, 0x00, 0x00, 0x00, 0x00, 0x00, 0x00, 0x00, 0x00, 0x00, 0x00, 0x00, 0x00,
    0x00, 0x00, 0x00, 0x00, 0x00, 0x00, 0x00, 0x00, 0x00, 0x00, 0x00, 0x00, 0x00, 0x00, 0x00, 0x00,
    0x00, 0x00, 0x00, 0x00, 0x00, 0x00, 0x00, 0x00, 0x00, 0x00, 0x00, 0x00, 0x00, 0x00, 0x00, 0x00,
    0xb8, 0x57, 0x21, 0x00, 0xb8, 0x57, 0x21, 0x00, 0xb8, 0x57, 0x21, 0x00, 0xb8, 0x57, 0x21, 0x00,
    0xb8, 0x57, 0x21, 0x00, 0x00, 0x00, 0x00, 0x00, 0x00, 0x00, 0x00, 0x00, 0x00, 0x00, 0x00, 0x00,
    0x00, 0x00, 0x00, 0x00, 0x00, 0x00, 0x00, 0x00, 0x00, 0x00, 0x00, 0x00, 0xb8, 0x57, 0x21, 0x00,
    0xb8, 0x57, 0x21, 0x00, 0xb8, 0x57, 0x21, 0x00, 0xb8, 0x57, 0x21, 0x00, 0xb8, 0x57, 0x21, 0x00,
    0x00, 0x00, 0x00, 0x00, 0x00, 0x00, 0x00, 0x00, 0x00, 0x00, 0x00, 0x00, 0x00, 0x00, 0x00, 0x00,
    0x00, 0x00, 0x00, 0x00, 0x00, 0x00, 0x00, 0x00, 0xb8, 0x57, 0x21, 0x00, 0xb8, 0x57, 0x21, 0x00,
    0xb8, 0x57, 0x21, 0x00, 0xb8, 0x57, 0x21, 0x00, 0xb8, 0x57, 0x21, 0x00, 0x00, 0x00, 0x00, 0x00,
    0x00, 0x00, 0x00, 0x00, 0x00, 0x00, 0x00, 0x00, 0x00, 0x00, 0x00, 0x00, 0x00, 0x00, 0x00, 0x00,
    0x00, 0x00, 0x00, 0x00, 0xb8, 0x57, 0x21, 0x00, 0xb8, 0x57, 0x21, 0x00, 0xb8, 0x57, 0x21, 0x00,
    0xb8, 0x57, 0x21, 0x00, 0xb8, 0x57, 0x21, 0x00, 0x00, 0x00, 0x00, 0x00, 0x00, 0x00, 0x00, 0x00,
    0x00, 0x00, 0x00, 0x00, 0x00, 0x00, 0x00, 0x00, 0x00, 0x00, 0x00, 0x00, 0x00, 0x00, 0x00, 0x00,
    0xb8, 0x57, 0x21, 0x00, 0xb8, 0x57, 0x21, 0x00, 0xb8, 0x57, 0x21, 0x00, 0xb8, 0x57, 0x21, 0x00,
    0xb8, 0x57, 0x21, 0x00, 0x00, 0x00, 0x00, 0x00, 0x00, 0x00, 0x00, 0x00, 0x00, 0x00, 0x00, 0x00,
    0x00, 0x00, 0x00, 0x00, 0x00, 0x00, 0x00, 0x00, 0x00, 0x00, 0x00, 0x00, 0xb8, 0x57, 0x21, 0x00,
    0xb8, 0x57, 0x21, 0x00, 0xb8, 0x57, 0x21, 0x00, 0xb8, 0x57, 0x21, 0x00, 0xb8, 0x57, 0x21, 0x00,
    0x00, 0x00, 0x00, 0x00, 0x00, 0x00, 0x00, 0x00, 0x00, 0x00, 0x00, 0x00, 0x00, 0x00, 0x00, 0x00,
    0x00, 0x00, 0x00, 0x00, 0x00, 0x00, 0x00, 0x00, 0xb8, 0x57, 0x21, 0x00, 0xb8, 0x57, 0x21, 0x00,
    0xb8, 0x57, 0x21, 0x00, 0xb8, 0x57, 0x21, 0x00, 0xb8, 0x57, 0x21, 0x00, 0x00, 0x00, 0x00, 0x00,
    0x00, 0x00, 0x00, 0x00, 0x00, 0x00, 0x00, 0x00, 0x00, 0x00, 0x00, 0x00, 0x00, 0x00, 0x00, 0x00,
    0x00, 0x00, 0x00, 0x00, 0xb8, 0x57, 0x21, 0x00, 0xb8, 0x57, 0x21, 0x00, 0xb8, 0x57, 0x21, 0x00,
    0xb8, 0x57, 0x21, 0x00, 0xb8, 0x57, 0x21, 0x00, 0x00, 0x00, 0x00, 0x00, 0x00, 0x00, 0x00, 0x00,
    0x00, 0x00, 0x00, 0x00, 0x00, 0x00, 0x00, 0x00, 0x00, 0x00, 0x00, 0x00, 0x00, 0x00, 0x00, 0x00,
    0xb8, 0x57, 0x21, 0x00, 0xb8, 0x57, 0x21, 0x00, 0xb8, 0x57, 0x21, 0x00, 0xb8, 0x57, 0x21, 0x00,
    0xb8, 0x57, 0x21, 0x00, 0x00, 0x00, 0x00, 0x00, 0x00, 0x00, 0x00, 0x00, 0x00, 0x00, 0x00, 0x00,
    0x00, 0x00, 0x00, 0x00, 0x00, 0x00, 0x00, 0x00, 0x00, 0x00, 0x00, 0x00, 0xb8, 0x57, 0x21, 0x00,
    0xb8, 0x57, 0x21, 0x00, 0xb8, 0x57, 0x21, 0x00, 0xb8, 0x57, 0x21, 0x00, 0xb8, 0x57, 0x21, 0x00,
    0x00, 0x00, 0x00, 0x00, 0x00, 0x00, 0x00, 0x00, 0x00, 0x00, 0x00, 0x00, 0x00, 0x00, 0x00, 0x00,
    0x00, 0x00, 0x00, 0x00, 0x00, 0x00, 0x00, 0x00, 0xb8, 0x57, 0x21, 0x00, 0xb8, 0x57, 0x21, 0x00,
    0xb8, 0x57, 0x21, 0x00, 0xb8, 0x57, 0x21, 0x00, 0xb8, 0x57, 0x21, 0x00, 0x00, 0x00, 0x00, 0x00,
    0x00, 0x00, 0x00, 0x00, 0x00, 0x00, 0x00, 0x00, 0x00, 0x00, 0x00, 0x00, 0x00, 0x00, 0x00, 0x00,
    0x00, 0x00, 0x00, 0x00, 0xb8, 0x57, 0x21, 0x00, 0xb8, 0x57, 0x21, 0x00, 0xb8, 0x57, 0x21, 0x00,
    0xb8, 0x57, 0x21, 0x00, 0xb8, 0x57, 0x21, 0x00, 0x00, 0x00, 0x00, 0x00, 0x00, 0x00, 0x00, 0x00,
    0x00, 0x00, 0x00, 0x00, 0x00, 0x00, 0x00, 0x00, 0x00, 0x00, 0x00, 0x00, 0x00, 0x00, 0x00, 0x00,
    0xb8, 0x57, 0x21, 0x00, 0xb8, 0x57, 0x21, 0x00, 0xb8, 0x57, 0x21, 0x00, 0xb8, 0x57, 0x21, 0x00,
    0xb8, 0x57, 0x21, 0x00, 0x00, 0x00, 0x00, 0x00, 0x00, 0x00, 0x00, 0x00, 0x00, 0x00, 0x00, 0x00,
    0x00, 0x00, 0x00, 0x00, 0x00, 0x00, 0x00, 0x00, 0x00, 0x00, 0x00, 0x00, 0xb8, 0x57, 0x21, 0x00,
    0xb8, 0x57, 0x21, 0x00, 0xb8, 0x57, 0x21, 0x00, 0xb8, 0x57, 0x21, 0x00, 0xb8, 0x57, 0x21, 0x00,
    0x00, 0x00, 0x00, 0x00, 0x00, 0x00, 0x00, 0x00, 0x00, 0x00, 0x00, 0x00, 0x00, 0x00, 0x00, 0x00,
    0x00, 0x00, 0x00, 0x00, 0x00, 0x00, 0x00, 0x00, 0xb8, 0x57, 0x21, 0x00, 0xb8, 0x57, 0x21, 0x00,
    0xb8, 0x57, 0x21, 0x00, 0xb8, 0x57, 0x21, 0x00, 0xb8, 0x57, 0x21, 0x00, 0x00, 0x00, 0x00, 0x00,
    0x00, 0x00, 0x00, 0x00, 0x00, 0x00, 0x00, 0x00, 0x00, 0x00, 0x00, 0x00, 0x00, 0x00, 0x00, 0x00,
    0x00, 0x00, 0x00, 0x00, 0xb8, 0x57, 0x21, 0x00, 0xb8, 0x57, 0x21, 0x00, 0xb8, 0x57, 0x21, 0x00,
    0xb8, 0x57, 0x21, 0x00, 0xb8, 0x57, 0x21, 0x00, 0x00, 0x00, 0x00, 0x00, 0x00, 0x00, 0x00, 0x00,
    0x00, 0x00, 0x00, 0x00, 0x00, 0x00, 0x00, 0x00, 0x00, 0x00, 0x00, 0x00, 0x00, 0x00, 0x00, 0x00,
    0xb8, 0x57, 0x21, 0x00, 0xb8, 0x57, 0x21, 0x00, 0xb8, 0x57, 0x21, 0x00, 0xb8, 0x57, 0x21, 0x00,
    0xb8, 0x57, 0x21, 0x00, 0x00, 0x00, 0x00, 0x00, 0x00, 0x00, 0x00, 0x00, 0x00, 0x00, 0x00, 0x00,
    0x00, 0x00, 0x00, 0x00, 0x00, 0x00, 0x00, 0x00, 0x00, 0x00, 0x00, 0x00, 0xb8, 0x57, 0x21, 0x00,
    0xb8, 0x57, 0x21, 0x00, 0xb8, 0x57, 0x21, 0x00, 0xb8, 0x57, 0x21, 0x00, 0xb8, 0x57, 0x21, 0x00,
    0x00, 0x00, 0x00, 0x00, 0x00, 0x00, 0x00, 0x00, 0x00, 0x00, 0x00, 0x00, 0x00, 0x00, 0x00, 0x00,
    0x00, 0x00, 0x00, 0x00, 0x00, 0x00, 0x00, 0x00, 0xb8, 0x57, 0x21, 0x00, 0xb8, 0x57, 0x21, 0x00,
    0xb8, 0x57, 0x21, 0x00, 0xb8, 0x57, 0x21, 0x00, 0xb8, 0x57, 0x21, 0x00, 0x00, 0x00, 0x00, 0x00,
    0x00, 0x00, 0x00, 0x00, 0x00, 0x00, 0x00, 0x00, 0x00, 0x00, 0x00, 0x00, 0x00, 0x00, 0x00, 0x00,
    0x00, 0x00, 0x00, 0x00, 0xb8, 0x57, 0x21, 0x00, 0xb8, 0x57, 0x21, 0x00, 0xb8, 0x57, 0x21, 0x00,
    0xb8, 0x57, 0x21, 0x00, 0xb8, 0x57, 0x21, 0x00, 0x00, 0x00, 0x00, 0x00, 0x00, 0x00, 0x00, 0x00,
    0x00, 0x00, 0x00, 0x00, 0x00, 0x00, 0x00, 0x00, 0x00, 0x00, 0x00, 0x00, 0x00, 0x00, 0x00, 0x00,
    0xb8, 0x57, 0x21, 0x00, 0xb8, 0x57, 0x21, 0x00, 0xb8, 0x57, 0x21, 0x00, 0xb8, 0x57, 0x21, 0x00,
    0xb8, 0x57, 0x21, 0x00, 0x00, 0x00, 0x00, 0x00, 0x00, 0x00, 0x00, 0x00, 0x00, 0x00, 0x00, 0x00,
    0x00, 0x00, 0x00, 0x00, 0x00, 0x00, 0x00, 0x00, 0x00, 0x00, 0x00, 0x00, 0xb8, 0x57, 0x21, 0x00,
    0xb8, 0x57, 0x21, 0x00, 0xb8, 0x57, 0x21, 0x00, 0xb8, 0x57, 0x21, 0x00, 0xb8, 0x57, 0x21, 0x00,
    0x00, 0x00, 0x00, 0x00, 0x00, 0x00, 0x00, 0x00, 0x00, 0x00, 0x00, 0x00, 0x00, 0x00, 0x00, 0x00,
    0x00, 0x00, 0x00, 0x00, 0x00, 0x00, 0x00, 0x00, 0xb8, 0x57, 0x21, 0x00, 0xb8, 0x57, 0x21, 0x00,
    0xb8, 0x57, 0x21, 0x00, 0xb8, 0x57, 0x21, 0x00, 0xb8, 0x57, 0x21, 0x00, 0x00, 0x00, 0x00, 0x00,
    0x00, 0x00, 0x00, 0x00, 0x00, 0x00, 0x00, 0x00, 0x00, 0x00, 0x00, 0x00, 0x00, 0x00, 0x00, 0x00,
    0x00, 0x00, 0x00, 0x00, 0xb8, 0x57, 0x21, 0x00, 0xb8, 0x57, 0x21, 0x00, 0xb8, 0x57, 0x21, 0x00,
    0xb8, 0x57, 0x21, 0x00, 0xb8, 0x57, 0x21, 0x00, 0x00, 0x00, 0x00, 0x00, 0x00, 0x00, 0x00, 0x00,
    0x00, 0x00, 0x00, 0x00, 0x00, 0x00, 0x00, 0x00, 0x00, 0x00, 0x00, 0x00, 0x00, 0x00, 0x00, 0x00,
    0xb8, 0x57, 0x21, 0x00, 0xb8, 0x57, 0x21, 0x00, 0xb8, 0x57, 0x21, 0x00, 0xb8, 0x57, 0x21, 0x00,
    0xb8, 0x57, 0x21, 0x00, 0x00, 0x00, 0x00, 0x00, 0x00, 0x00, 0x00, 0x00, 0x00, 0x00, 0x00, 0x00,
    0x00, 0x00, 0x00, 0x00, 0x00, 0x00, 0x00, 0x00, 0x00, 0x00, 0x00, 0x00, 0xb8, 0x57, 0x21, 0x00,
    0xb8, 0x57, 0x21, 0x00, 0xb8, 0x57, 0x21, 0x00, 0xb8, 0x57, 0x21, 0x00, 0xb8, 0x57, 0x21, 0x00,
    0x00, 0x00, 0x00, 0x00, 0x00, 0x00, 0x00, 0x00, 0x00, 0x00, 0x00, 0x00, 0x00, 0x00, 0x00, 0x00,
    0x00, 0x00, 0x00, 0x00, 0x00, 0x00, 0x00, 0x00, 0xb8, 0x57, 0x21, 0x00, 0xb8, 0x57, 0x21, 0x00,
    0xb8, 0x57, 0x21, 0x00, 0xb8, 0x57, 0x21, 0x00, 0xb8, 0x57, 0x21, 0x00, 0x00, 0x00, 0x00, 0x00,
    0x00, 0x00, 0x00, 0x00, 0x00, 0x00, 0x00, 0x00, 0x00, 0x00, 0x00, 0x00, 0x00, 0x00, 0x00, 0x00,
    0x00, 0x00, 0x00, 0x00, 0xb8, 0x57, 0x21, 0x00, 0xb8, 0x57, 0x21, 0x00, 0xb8, 0x57, 0x21, 0x00,
    0xb8, 0x57, 0x21, 0x00, 0xb8, 0x57, 0x21, 0x00, 0x00, 0x00, 0x00, 0x00, 0x00, 0x00, 0x00, 0x00,
    0x00, 0x00, 0x00, 0x00, 0x00, 0x00, 0x00, 0x00, 0x00, 0x00, 0x00, 0x00, 0x00, 0x00, 0x00, 0x00,
    0xb8, 0x57, 0x21, 0x00, 0xb8, 0x57, 0x21, 0x00, 0xb8, 0x57, 0x21, 0x00, 0xb8, 0x57, 0x21, 0x00,
    0xb8, 0x57, 0x21, 0x00, 0x00, 0x00, 0x00, 0x00, 0x00, 0x00, 0x00, 0x00, 0x00, 0x00, 0x00, 0x00,
    0x00, 0x00, 0x00, 0x00, 0x00, 0x00, 0x00, 0x00, 0x00, 0x00, 0x00, 0x00, 0xb8, 0x57, 0x21, 0x00,
    0xb8, 0x57, 0x21, 0x00, 0xb8, 0x57, 0x21, 0x00, 0xb8, 0x57, 0x21, 0x00, 0xb8, 0x57, 0x21, 0x00,
    0x00, 0x00, 0x00, 0x00, 0x00, 0x00, 0x00, 0x00, 0x00, 0x00, 0x00, 0x00, 0x00, 0x00, 0x00, 0x00,
    0x00, 0x00, 0x00, 0x00, 0x00, 0x00, 0x00, 0x00, 0xb8, 0x57, 0x21, 0x00, 0xb8, 0x57, 0x21, 0x00,
    0xb8, 0x57, 0x21, 0x00, 0xb8, 0x57, 0x21, 0x00, 0xb8, 0x57, 0x21, 0x00, 0x00, 0x00, 0x00, 0x00,
    0x00, 0x00, 0x00, 0x00, 0x00, 0x00, 0x00, 0x00, 0x00, 0x00, 0x00, 0x00, 0x00, 0x00, 0x00, 0x00,
    0x00, 0x00, 0x00, 0x00, 0xb8, 0x57, 0x21, 0x00, 0xb8, 0x57, 0x21, 0x00, 0xb8, 0x57, 0x21, 0x00,
    0xb8, 0x57, 0x21, 0x00, 0xb8, 0x57, 0x21, 0x00, 0x00, 0x00, 0x00, 0x00, 0x00, 0x00, 0x00, 0x00,
    0x00, 0x00, 0x00, 0x00, 0x00, 0x00, 0x00, 0x00, 0x00, 0x00, 0x00, 0x00, 0x00, 0x00, 0x00, 0x00,
    0xb8, 0x57, 0x21, 0x00, 0xb8, 0x57, 0x21, 0x00, 0xb8, 0x57, 0x21, 0x00, 0xb8, 0x57, 0x21, 0x00,
    0xb8, 0x57, 0x21, 0x00, 0x00, 0x00, 0x00, 0x00, 0x00, 0x00, 0x00, 0x00, 0x00, 0x00, 0x00, 0x00,
    0x00, 0x00, 0x00, 0x00, 0x00, 0x00, 0x00, 0x00, 0x00, 0x00, 0x00, 0x00, 0xb8, 0x57, 0x21, 0x00,
    0xb8, 0x57, 0x21, 0x00, 0xb8, 0x57, 0x21, 0x00, 0xb8, 0x57, 0x21, 0x00, 0xb8, 0x57, 0x21, 0x00,
    0x00, 0x00, 0x00, 0x00, 0x00, 0x00, 0x00, 0x00, 0x00, 0x00, 0x00, 0x00, 0x00, 0x00, 0x00, 0x00,
    0x00, 0x00, 0x00, 0x00, 0x00, 0x00, 0x00, 0x00, 0xb8, 0x57, 0x21, 0x00, 0xb8, 0x57, 0x21, 0x00,
    0xb8, 0x57, 0x21, 0x00, 0xb8, 0x57, 0x21, 0x00, 0xb8, 0x57, 0x21, 0x00, 0x00, 0x00, 0x00, 0x00,
    0x00, 0x00, 0x00, 0x00, 0x00, 0x00, 0x00, 0x00, 0x00, 0x00, 0x00, 0x00, 0x00, 0x00, 0x00, 0x00,
    0x00, 0x00, 0x00, 0x00, 0xb8, 0x57, 0x21, 0x00, 0xb8, 0x57, 0x21, 0x00, 0xb8, 0x57, 0x21, 0x00,
    0xb8, 0x57, 0x21, 0x00, 0xb8, 0x57, 0x21, 0x00, 0x00, 0x00, 0x00, 0x00, 0x00, 0x00, 0x00, 0x00,
    0x00, 0x00, 0x00, 0x00, 0x00, 0x00, 0x00, 0x00, 0x00, 0x00, 0x00, 0x00, 0x00, 0x00, 0x00, 0x00,
    0xb8, 0x57, 0x21, 0x00, 0xb8, 0x57, 0x21, 0x00, 0xb8, 0x57, 0x21, 0x00, 0xb8, 0x57, 0x21, 0x00,
    0xb8, 0x57, 0x21, 0x00, 0x00, 0x00, 0x00, 0x00, 0x00, 0x00, 0x00, 0x00, 0x00, 0x00, 0x00, 0x00,
    0x00, 0x00, 0x00, 0x00, 0x00, 0x00, 0x00, 0x00, 0x00, 0x00, 0x00, 0x00, 0xb8, 0x57, 0x21, 0x00,
    0xb8, 0x57, 0x21, 0x00, 0xb8, 0x57, 0x21, 0x00, 0xb8, 0x57, 0x21, 0x00, 0xb8, 0x57, 0x21, 0x00,
    0x00, 0x00, 0x00, 0x00, 0x00, 0x00, 0x00, 0x00, 0x00, 0x00, 0x00, 0x00, 0x00, 0x00, 0x00, 0x00,
    0x00, 0x00, 0x00, 0x00, 0x00, 0x00, 0x00, 0x00, 0xb8, 0x57, 0x21, 0x00, 0xb8, 0x57, 0x21, 0x00,
    0xb8, 0x57, 0x21, 0x00, 0xb8, 0x57, 0x21, 0x00, 0xb8, 0x57, 0x21, 0x00, 0x00, 0x00, 0x00, 0x00,
    0x00, 0x00, 0x00, 0x00, 0x00, 0x00, 0x00, 0x00, 0x00, 0x00, 0x00, 0x00, 0x00, 0x00, 0x00, 0x00,
    0x00, 0x00, 0x00, 0x00, 0xb8, 0x57, 0x21, 0x00, 0xb8, 0x57, 0x21, 0x00, 0xb8, 0x57, 0x21, 0x00,
    0xb8, 0x57, 0x21, 0x00, 0xb8, 0x57, 0x21, 0x00, 0x00, 0x00, 0x00, 0x00, 0x00, 0x00, 0x00, 0x00,
    0x00, 0x00, 0x00, 0x00, 0x00, 0x00, 0x00, 0x00, 0x00, 0x00, 0x00, 0x00, 0x00, 0x00, 0x00, 0x00,
    0xb8, 0x57, 0x21, 0x00, 0xb8, 0x57, 0x21, 0x00, 0xb8, 0x57, 0x21, 0x00, 0xb8, 0x57, 0x21, 0x00,
    0xb8, 0x57, 0x21, 0x00, 0x00, 0x00, 0x00, 0x00, 0x00, 0x00, 0x00, 0x00, 0x00, 0x00, 0x00, 0x00,
    0x00, 0x00, 0x00, 0x00, 0x00, 0x00, 0x00, 0x00, 0x00, 0x00, 0x00, 0x00, 0xb8, 0x57, 0x21, 0x00,
    0xb8, 0x57, 0x21, 0x00, 0xb8, 0x57, 0x21, 0x00, 0xb8, 0x57, 0x21, 0x00, 0xb8, 0x57, 0x21, 0x00,
    0x00, 0x00, 0x00, 0x00, 0x00, 0x00, 0x00, 0x00, 0x00, 0x00, 0x00, 0x00, 0x00, 0x00, 0x00, 0x00,
    0x00, 0x00, 0x00, 0x00, 0x00, 0x00, 0x00, 0x00, 0xb8, 0x57, 0x21, 0x00, 0xb8, 0x57, 0x21, 0x00,
    0xb8, 0x57, 0x21, 0x00, 0xb8, 0x57, 0x21, 0x00, 0xb8, 0x57, 0x21, 0x00, 0x00, 0x00, 0x00, 0x00,
    0x00, 0x00, 0x00, 0x00, 0x00, 0x00, 0x00, 0x00, 0x00, 0x00, 0x00, 0x00, 0x00, 0x00, 0x00, 0x00,
    0x00, 0x00, 0x00, 0x00, 0xb8, 0x57, 0x21, 0x00, 0xb8, 0x57, 0x21, 0x00, 0xb8, 0x57, 0x21, 0x00,
    0xb8, 0x57, 0x21, 0x00, 0xb8, 0x57, 0x21, 0x00, 0x00, 0x00, 0x00, 0x00, 0x00, 0x00, 0x00, 0x00,
    0x00, 0x00, 0x00, 0x00, 0x00, 0x00, 0x00, 0x00, 0x00, 0x00, 0x00, 0x00, 0x00, 0x00, 0x00, 0x00,
    0xb8, 0x57, 0x21, 0x00, 0xb8, 0x57, 0x21, 0x00, 0xb8, 0x57, 0x21, 0x00, 0xb8, 0x57, 0x21, 0x00,
    0xb8, 0x57, 0x21, 0x00, 0x00, 0x00, 0x00, 0x00, 0x00, 0x00, 0x00, 0x00, 0x00, 0x00, 0x00, 0x00,
    0x00, 0x00, 0x00, 0x00, 0x00, 0x00, 0x00, 0x00, 0x00, 0x00, 0x00, 0x00, 0xb8, 0x57, 0x21, 0x00,
    0xb8, 0x57, 0x21, 0x00, 0xb8, 0x57, 0x21, 0x00, 0xb8, 0x57, 0x21, 0x00, 0xb8, 0x57, 0x21, 0x00,
    0x00, 0x00, 0x00, 0x00, 0x00, 0x00, 0x00, 0x00, 0x00, 0x00, 0x00, 0x00, 0x00, 0x00, 0x00, 0x00,
    0x00, 0x00, 0x00, 0x00, 0x00, 0x00, 0x00, 0x00, 0xb8, 0x57, 0x21, 0x00, 0xb8, 0x57, 0x21, 0x00,
    0xb8, 0x57, 0x21, 0x00, 0xb8, 0x57, 0x21, 0x00, 0xb8, 0x57, 0x21, 0x00, 0x00, 0x00, 0x00, 0x00,
    0x00, 0x00, 0x00, 0x00, 0x00, 0x00, 0x00, 0x00, 0x00, 0x00, 0x00, 0x00, 0x00, 0x00, 0x00, 0x00,
    0x00, 0x00, 0x00, 0x00, 0xb8, 0x57, 0x21, 0x00, 0xb8, 0x57, 0x21, 0x00, 0xb8, 0x57, 0x21, 0x00,
    0xb8, 0x57, 0x21, 0x00, 0xb8, 0x57, 0x21, 0x00, 0x00, 0x00, 0x00, 0x00, 0x00, 0x00, 0x00, 0x00,
    0x00, 0x00, 0x00, 0x00, 0x00, 0x00, 0x00, 0x00, 0x00, 0x00, 0x00, 0x00, 0x00, 0x00, 0x00, 0x00,
    0xb8, 0x57, 0x21, 0x00, 0xb8, 0x57, 0x21, 0x00, 0xb8, 0x57, 0x21, 0x00, 0xb8, 0x57, 0x21, 0x00,
    0xb8, 0x57, 0x21, 0x00, 0x00, 0x00, 0x00, 0x00, 0x00, 0x00, 0x00, 0x00, 0x00, 0x00, 0x00, 0x00,
    0x00, 0x00, 0x00, 0x00, 0x00, 0x00, 0x00, 0x00, 0x00, 0x00, 0x00, 0x00, 0xb8, 0x57, 0x21, 0x00,
    0xb8, 0x57, 0x21, 0x00, 0xb8, 0x57, 0x21, 0x00, 0xb8, 0x57, 0x21, 0x00, 0xb8, 0x57, 0x21, 0x00,
    0x00, 0x00, 0x00, 0x00, 0x00, 0x00, 0x00, 0x00, 0x00, 0x00, 0x00, 0x00, 0x00, 0x00, 0x00, 0x00,
    0x00, 0x00, 0x00, 0x00, 0x00, 0x00, 0x00, 0x00, 0xb8, 0x57, 0x21, 0x00, 0xb8, 0x57, 0x21, 0x00,
    0xb8, 0x57, 0x21, 0x00, 0xb8, 0x57, 0x21, 0x00, 0xb8, 0x57, 0x21, 0x00, 0x00, 0x00, 0x00, 0x00,
    0x00, 0x00, 0x00, 0x00, 0x00, 0x00, 0x00, 0x00, 0x00, 0x00, 0x00, 0x00, 0x00, 0x00, 0x00, 0x00,
    0x00, 0x00, 0x00, 0x00, 0xb8, 0x57, 0x21, 0x00, 0xb8, 0x57, 0x21, 0x00, 0xb8, 0x57, 0x21, 0x00,
    0xb8, 0x57, 0x21, 0x00, 0xb8, 0x57, 0x21, 0x00, 0x00, 0x00, 0x00, 0x00, 0x00, 0x00, 0x00, 0x00,
    0x00, 0x00, 0x00, 0x00, 0x00, 0x00, 0x00, 0x00, 0x00, 0x00, 0x00, 0x00, 0x00, 0x00, 0x00, 0x00,
    0xb8, 0x57, 0x21, 0x00, 0xb8, 0x57, 0x21, 0x00, 0xb8, 0x57, 0x21, 0x00, 0xb8, 0x57, 0x21, 0x00,
    0xb8, 0x57, 0x21, 0x00, 0x00, 0x00, 0x00, 0x00, 0x00, 0x00, 0x00, 0x00, 0x00, 0x00, 0x00, 0x00,
    0x00, 0x00, 0x00, 0x00, 0x00, 0x00, 0x00, 0x00, 0x00, 0x00, 0x00, 0x00, 0xb8, 0x57, 0x21, 0x00,
    0xb8, 0x57, 0x21, 0x00, 0xb8, 0x57, 0x21, 0x00, 0xb8, 0x57, 0x21, 0x00, 0xb8, 0x57, 0x21, 0x00,
    0x00, 0x00, 0x00, 0x00, 0x00, 0x00, 0x00, 0x00, 0x00, 0x00, 0x00, 0x00, 0x00, 0x00, 0x00, 0x00,
    0x00, 0x00, 0x00, 0x00, 0x00, 0x00, 0x00, 0x00, 0xb8, 0x57, 0x21, 0x00, 0xb8, 0x57, 0x21, 0x00,
    0xb8, 0x57, 0x21, 0x00, 0xb8, 0x57, 0x21, 0x00, 0xb8, 0x57, 0x21, 0x00, 0x00, 0x00, 0x00, 0x00,
    0x00, 0x00, 0x00, 0x00, 0x00, 0x00, 0x00, 0x00, 0x00, 0x00, 0x00, 0x00, 0x00, 0x00, 0x00, 0x00,
    0x00, 0x00, 0x00, 0x00, 0xb8, 0x57, 0x21, 0x00, 0xb8, 0x57, 0x21, 0x00, 0xb8, 0x57, 0x21, 0x00,
    0xb8, 0x57, 0x21, 0x00, 0xb8, 0x57, 0x21, 0x00, 0x00, 0x00, 0x00, 0x00, 0x00, 0x00, 0x00, 0x00,
    0x00, 0x00, 0x00, 0x00, 0x00, 0x00, 0x00, 0x00, 0x00, 0x00, 0x00, 0x00, 0x00, 0x00, 0x00, 0x00,
    0xb8, 0x57, 0x21, 0x00, 0xb8, 0x57, 0x21, 0x00, 0xb8, 0x57, 0x21, 0x00, 0xb8, 0x57, 0x21, 0x00,
    0xb8, 0x57, 0x21, 0x00, 0x00, 0x00, 0x00, 0x00, 0x00, 0x00, 0x00, 0x00, 0x00, 0x00, 0x00, 0x00,
    0x00, 0x00, 0x00, 0x00, 0x00, 0x00, 0x00, 0x00, 0x00, 0x00, 0x00, 0x00, 0xb8, 0x57, 0x21, 0x00,
    0xb8, 0x57, 0x21, 0x00, 0xb8, 0x57, 0x21, 0x00, 0xb8, 0x57, 0x21, 0x00, 0xb8, 0x57, 0x21, 0x00,
    0x00, 0x00, 0x00, 0x00, 0x00, 0x00, 0x00, 0x00, 0x00, 0x00, 0x00, 0x00, 0x00, 0x00, 0x00, 0x00,
    0x00, 0x00, 0x00, 0x00, 0x00, 0x00, 0x00, 0x00, 0xb8, 0x57, 0x21, 0x00, 0xb8, 0x57, 0x21, 0x00,
    0xb8, 0x57, 0x21, 0x00, 0xb8, 0x57, 0x21, 0x00, 0xb8, 0x57, 0x21, 0x00, 0x00, 0x00, 0x00, 0x00,
    0x00, 0x00, 0x00, 0x00, 0x00, 0x00, 0x00, 0x00, 0x00, 0x00, 0x00, 0x00, 0x00, 0x00, 0x00, 0x00,
    0x00, 0x00, 0x00, 0x00, 0xb8, 0x57, 0x21, 0x00, 0xb8, 0x57, 0x21, 0x00, 0xb8, 0x57, 0x21, 0x00,
    0xb8, 0x57, 0x21, 0x00, 0xb8, 0x57, 0x21, 0x00, 0x00, 0x00, 0x00, 0x00, 0x00, 0x00, 0x00, 0x00,
    0x00, 0x00, 0x00, 0x00, 0x00, 0x00, 0x00, 0x00, 0x00, 0x00, 0x00, 0x00, 0x00, 0x00, 0x00, 0x00,
    0xb8, 0x57, 0x21, 0x00, 0xb8, 0x57, 0x21, 0x00, 0xb8, 0x57, 0x21, 0x00, 0xb8, 0x57, 0x21, 0x00,
    0xb8, 0x57, 0x21, 0x00, 0x00, 0x00, 0x00, 0x00, 0x00, 0x00, 0x00, 0x00, 0x00, 0x00, 0x00, 0x00,
    0x00, 0x00, 0x00, 0x00, 0x00, 0x00, 0x00, 0x00, 0x00, 0x00, 0x00, 0x00, 0xb8, 0x57, 0x21, 0x00,
    0xb8, 0x57, 0x21, 0x00, 0xb8, 0x57, 0x21, 0x00, 0xb8, 0x57, 0x21, 0x00, 0xb8, 0x57, 0x21, 0x00,
    0x00, 0x00, 0x00, 0x00, 0x00, 0x00, 0x00, 0x00, 0x00, 0x00, 0x00, 0x00, 0x00, 0x00, 0x00, 0x00,
    0x00, 0x00, 0x00, 0x00, 0x00, 0x00, 0x00, 0x00, 0xb8, 0x57, 0x21, 0x00, 0xb8, 0x57, 0x21, 0x00,
    0xb8, 0x57, 0x21, 0x00, 0xb8, 0x57, 0x21, 0x00, 0xb8, 0x57, 0x21, 0x00, 0x00, 0x00, 0x00, 0x00,
    0x00, 0x00, 0x00, 0x00, 0x00, 0x00, 0x00, 0x00, 0x00, 0x00, 0x00, 0x00, 0x00, 0x00, 0x00, 0x00,
    0x00, 0x00, 0x00, 0x00, 0xb8, 0x57, 0x21, 0x00, 0xb8, 0x57, 0x21, 0x00, 0xb8, 0x57, 0x21, 0x00,
    0xb8, 0x57, 0x21, 0x00, 0xb8, 0x57, 0x21, 0x00, 0x00, 0x00, 0x00, 0x00, 0x00, 0x00, 0x00, 0x00,
    0x00, 0x00, 0x00, 0x00, 0x00, 0x00, 0x00, 0x00, 0x00, 0x00, 0x00, 0x00, 0x00, 0x00, 0x00, 0x00,
    0xb8, 0x57, 0x21, 0x00, 0xb8, 0x57, 0x21, 0x00, 0xb8, 0x57, 0x21, 0x00, 0xb8, 0x57, 0x21, 0x00,
    0xb8, 0x57, 0x21, 0x00, 0x00, 0x00, 0x00, 0x00, 0x00, 0x00, 0x00, 0x00, 0x00, 0x00, 0x00, 0x00,
    0x00, 0x00, 0x00, 0x00, 0x00, 0x00, 0x00, 0x00, 0x00, 0x00, 0x00, 0x00, 0xb8, 0x57, 0x21, 0x00,
    0xb8, 0x57, 0x21, 0x00, 0xb8, 0x57, 0x21, 0x00, 0xb8, 0x57, 0x21, 0x00, 0xb8, 0x57, 0x21, 0x00,
    0x00, 0x00, 0x00, 0x00, 0x00, 0x00, 0x00, 0x00, 0x00, 0x00, 0x00, 0x00, 0x00, 0x00, 0x00, 0x00,
    0x00, 0x00, 0x00, 0x00, 0x00, 0x00, 0x00, 0x00, 0xb8, 0x57, 0x21, 0x00, 0xb8, 0x57, 0x21, 0x00,
    0xb8, 0x57, 0x21, 0x00, 0xb8, 0x57, 0x21, 0x00, 0xb8, 0x57, 0x21, 0x00, 0x00, 0x00, 0x00, 0x00,
    0x00, 0x00, 0x00, 0x00, 0x00, 0x00, 0x00, 0x00, 0x00, 0x00, 0x00, 0x00, 0x00, 0x00, 0x00, 0x00,
    0x00, 0x00, 0x00, 0x00, 0xb8, 0x57, 0x21, 0x00, 0xb8, 0x57, 0x21, 0x00, 0xb8, 0x57, 0x21, 0x00,
    0xb8, 0x57, 0x21, 0x00, 0xb8, 0x57, 0x21, 0x00, 0x00, 0x00, 0x00, 0x00, 0x00, 0x00, 0x00, 0x00,
    0x00, 0x00, 0x00, 0x00, 0x00, 0x00, 0x00, 0x00, 0x00, 0x00, 0x00, 0x00, 0x00, 0x00, 0x00, 0x00,
    0xb8, 0x57, 0x21, 0x00, 0xb8, 0x57, 0x21, 0x00, 0xb8, 0x57, 0x21, 0x00, 0xb8, 0x57, 0x21, 0x00,
    0xb8, 0x57, 0x21, 0x00, 0x00, 0x00, 0x00, 0x00, 0x00, 0x00, 0x00, 0x00, 0x00, 0x00, 0x00, 0x00,
    0x00, 0x00, 0x00, 0x00, 0x00, 0x00, 0x00, 0x00, 0x00, 0x00, 0x00, 0x00, 0xb8, 0x57, 0x21, 0x00,
    0xb8, 0x57, 0x21, 0x00, 0xb8, 0x57, 0x21, 0x00, 0xb8, 0x57, 0x21, 0x00, 0xb8, 0x57, 0x21, 0x00,
    0x00, 0x00, 0x00, 0x00, 0x00, 0x00, 0x00, 0x00, 0x00, 0x00, 0x00, 0x00, 0x00, 0x00, 0x00, 0x00,
    0x00, 0x00, 0x00, 0x00, 0x00, 0x00, 0x00, 0x00, 0xb8, 0x57, 0x21, 0x00, 0xb8, 0x57, 0x21, 0x00,
    0xb8, 0x57, 0x21, 0x00, 0xb8, 0x57, 0x21, 0x00, 0xb8, 0x57, 0x21, 0x00, 0x00, 0x00, 0x00, 0x00,
    0x00, 0x00, 0x00, 0x00, 0x00, 0x00, 0x00, 0x00, 0x00, 0x00, 0x00, 0x00, 0x00, 0x00, 0x00, 0x00,
    0x00, 0x00, 0x00, 0x00, 0xb8, 0x57, 0x21, 0x00, 0xb8, 0x57, 0x21, 0x00, 0xb8, 0x57, 0x21, 0x00,
    0xb8, 0x57, 0x21, 0x00, 0xb8, 0x57, 0x21, 0x00, 0x00, 0x00, 0x00, 0x00, 0x00, 0x00, 0x00, 0x00,
    0x00, 0x00, 0x00, 0x00, 0x00, 0x00, 0x00, 0x00, 0x00, 0x00, 0x00, 0x00, 0x00, 0x00, 0x00, 0x00,
    0xb8, 0x57, 0x21, 0x00, 0xb8, 0x57, 0x21, 0x00, 0xb8, 0x57, 0x21, 0x00, 0xb8, 0x57, 0x21, 0x00,
    0xb8, 0x57, 0x21, 0x00, 0x00, 0x00, 0x00, 0x00, 0x00, 0x00, 0x00, 0x00, 0x00, 0x00, 0x00, 0x00,
    0x00, 0x00, 0x00, 0x00, 0x00, 0x00, 0x00, 0x00, 0x00, 0x00, 0x00, 0x00, 0xb8, 0x57, 0x21, 0x00,
    0xb8, 0x57, 0x21, 0x00, 0xb8, 0x57, 0x21, 0x00, 0xb8, 0x57, 0x21, 0x00, 0xb8, 0x57, 0x21, 0x00,
    0x00, 0x00, 0x00, 0x00, 0x00, 0x00, 0x00, 0x00, 0x00, 0x00, 0x00, 0x00, 0x00, 0x00, 0x00, 0x00,
    0x00, 0x00, 0x00, 0x00, 0x00, 0x00, 0x00, 0x00, 0xb8, 0x57, 0x21, 0x00, 0xb8, 0x57, 0x21, 0x00,
    0xb8, 0x57, 0x21, 0x00, 0xb8, 0x57, 0x21, 0x00, 0xb8, 0x57, 0x21, 0x00, 0x00, 0x00, 0x00, 0x00,
    0x00, 0x00, 0x00, 0x00, 0x00, 0x00, 0x00, 0x00, 0x00, 0x00, 0x00, 0x00, 0x00, 0x00, 0x00, 0x00,
    0x00, 0x00, 0x00, 0x00, 0xb8, 0x57, 0x21, 0x00, 0xb8, 0x57, 0x21, 0x00, 0xb8, 0x57, 0x21, 0x00,
    0xb8, 0x57, 0x21, 0x00, 0xb8, 0x57, 0x21, 0x00, 0x00, 0x00, 0x00, 0x00, 0x00, 0x00, 0x00, 0x00,
    0x00, 0x00, 0x00, 0x00, 0x00, 0x00, 0x00, 0x00, 0x00, 0x00, 0x00, 0x00, 0x00, 0x00, 0x00, 0x00,
    0xb8, 0x57, 0x21, 0x00, 0xb8, 0x57, 0x21, 0x00, 0xb8, 0x57, 0x21, 0x00, 0xb8, 0x57, 0x21, 0x00,
    0xb8, 0x57, 0x21, 0x00, 0x00, 0x00, 0x00, 0x00, 0x00, 0x00, 0x00, 0x00, 0x00, 0x00, 0x00, 0x00,
    0x00, 0x00, 0x00, 0x00, 0x00, 0x00, 0x00, 0x00, 0x00, 0x00, 0x00, 0x00, 0xb8, 0x57, 0x21, 0x00,
    0xb8, 0x57, 0x21, 0x00, 0xb8, 0x57, 0x21, 0x00, 0xb8, 0x57, 0x21, 0x00, 0xb8, 0x57, 0x21, 0x00,
    0x00, 0x00, 0x00, 0x00, 0x00, 0x00, 0x00, 0x00, 0x00, 0x00, 0x00, 0x00, 0x00, 0x00, 0x00, 0x00,
    0x00, 0x00, 0x00, 0x00, 0x00, 0x00, 0x00, 0x00, 0xb8, 0x57, 0x21, 0x00, 0xb8, 0x57, 0x21, 0x00,
    0xb8, 0x57, 0x21, 0x00, 0xb8, 0x57, 0x21, 0x00, 0xb8, 0x57, 0x21, 0x00, 0x00, 0x00, 0x00, 0x00,
    0x00, 0x00, 0x00, 0x00, 0x00, 0x00, 0x00, 0x00, 0x00, 0x00, 0x00, 0x00, 0x00, 0x00, 0x00, 0x00,
    0x00, 0x00, 0x00, 0x00, 0xb8, 0x57, 0x21, 0x00, 0xb8, 0x57, 0x21, 0x00, 0xb8, 0x57, 0x21, 0x00,
    0xb8, 0x57, 0x21, 0x00, 0xb8, 0x57, 0x21, 0x00, 0x00, 0x00, 0x00, 0x00, 0x00, 0x00, 0x00, 0x00,
    0x00, 0x00, 0x00, 0x00, 0x00, 0x00, 0x00, 0x00, 0x00, 0x00, 0x00, 0x00, 0x00, 0x00, 0x00, 0x00,
    0xb8, 0x57, 0x21, 0x00, 0xb8, 0x57, 0x21, 0x00, 0xb8, 0x57, 0x21, 0x00, 0xb8, 0x57, 0x21, 0x00,
    0xb8, 0x57, 0x21, 0x00, 0x00, 0x00, 0x00, 0x00, 0x00, 0x00, 0x00, 0x00, 0x00, 0x00, 0x00, 0x00,
    0x00, 0x00, 0x00, 0x00, 0x00, 0x00, 0x00, 0x00, 0x00, 0x00, 0x00, 0x00, 0xb8, 0x57, 0x21, 0x00,
    0xb8, 0x57, 0x21, 0x00, 0xb8, 0x57, 0x21, 0x00, 0xb8, 0x57, 0x21, 0x00, 0xb8, 0x57, 0x21, 0x00,
    0x00, 0x00, 0x00, 0x00, 0x00, 0x00, 0x00, 0x00, 0x00, 0x00, 0x00, 0x00, 0x00, 0x00, 0x00, 0x00,
    0x00, 0x00, 0x00, 0x00, 0x00, 0x00, 0x00, 0x00, 0xb8, 0x57, 0x21, 0x00, 0xb8, 0x57, 0x21, 0x00,
    0xb8, 0x57, 0x21, 0x00, 0xb8, 0x57, 0x21, 0x00, 0xb8, 0x57, 0x21, 0x00, 0x00, 0x00, 0x00, 0x00,
    0x00, 0x00, 0x00, 0x00, 0x00, 0x00, 0x00, 0x00, 0x00, 0x00, 0x00, 0x00, 0x00, 0x00, 0x00, 0x00,
    0x00, 0x00, 0x00, 0x00, 0xb8, 0x57, 0x21, 0x00, 0xb8, 0x57, 0x21, 0x00, 0xb8, 0x57, 0x21, 0x00,
    0xb8, 0x57, 0x21, 0x00, 0xb8, 0x57, 0x21, 0x00, 0x00, 0x00, 0x00, 0x00, 0x00, 0x00, 0x00, 0x00,
    0x00, 0x00, 0x00, 0x00, 0x00, 0x00, 0x00, 0x00, 0x00, 0x00, 0x00, 0x00, 0x00, 0x00, 0x00, 0x00,
    0xb8, 0x57, 0x21, 0x00, 0xb8, 0x57, 0x21, 0x00, 0xb8, 0x57, 0x21, 0x00, 0xb8, 0x57, 0x21, 0x00,
    0xb8, 0x57, 0x21, 0x00, 0x00, 0x00, 0x00, 0x00, 0x00, 0x00, 0x00, 0x00, 0x00, 0x00, 0x00, 0x00,
    0x00, 0x00, 0x00, 0x00, 0x00, 0x00, 0x00, 0x00, 0x00, 0x00, 0x00, 0x00, 0xb8, 0x57, 0x21, 0x00,
    0xb8, 0x57, 0x21, 0x00, 0xb8, 0x57, 0x21, 0x00, 0xb8, 0x57, 0x21, 0x00, 0xb8, 0x57, 0x21, 0x00,
    0x00, 0x00, 0x00, 0x00, 0x00, 0x00, 0x00, 0x00, 0x00, 0x00, 0x00, 0x00, 0x00, 0x00, 0x00, 0x00,
    0x00, 0x00, 0x00, 0x00, 0x00, 0x00, 0x00, 0x00, 0xb8, 0x57, 0x21, 0x00, 0xb8, 0x57, 0x21, 0x00,
    0xb8, 0x57, 0x21, 0x00, 0xb8, 0x57, 0x21, 0x00, 0xb8, 0x57, 0x21, 0x00, 0x00, 0x00, 0x00, 0x00,
    0x00, 0x00, 0x00, 0x00, 0x00, 0x00, 0x00, 0x00, 0x00, 0x00, 0x00, 0x00, 0x00, 0x00, 0x00, 0x00,
    0x00, 0x00, 0x00, 0x00, 0xb8, 0x57, 0x21, 0x00, 0xb8, 0x57, 0x21, 0x00, 0xb8, 0x57, 0x21, 0x00,
    0xb8, 0x57, 0x21, 0x00, 0xb8, 0x57, 0x21, 0x00, 0x00, 0x00, 0x00, 0x00, 0x00, 0x00, 0x00, 0x00,
    0x00, 0x00, 0x00, 0x00, 0x00, 0x00, 0x00, 0x00, 0x00, 0x00, 0x00, 0x00, 0x00, 0x00, 0x00, 0x00,
    0xb8, 0x57, 0x21, 0x00, 0xb8, 0x57, 0x21, 0x00, 0xb8, 0x57, 0x21, 0x00, 0xb8, 0x57, 0x21, 0x00,
    0xb8, 0x57, 0x21, 0x00, 0x00, 0x00, 0x00, 0x00, 0x00, 0x00, 0x00, 0x00, 0x00, 0x00, 0x00, 0x00,
    0x00, 0x00, 0x00, 0x00, 0x00, 0x00, 0x00, 0x00, 0x00, 0x00, 0x00, 0x00, 0xb8, 0x57, 0x21, 0x00,
    0xb8, 0x57, 0x21, 0x00, 0xb8, 0x57, 0x21, 0x00, 0xb8, 0x57, 0x21, 0x00, 0xb8, 0x57, 0x21, 0x00,
    0x00, 0x00, 0x00, 0x00, 0x00, 0x00, 0x00, 0x00, 0x00, 0x00, 0x00, 0x00, 0x00, 0x00, 0x00, 0x00,
    0x00, 0x00, 0x00, 0x00, 0x00, 0x00, 0x00, 0x00, 0xb8, 0x57, 0x21, 0x00, 0xb8, 0x57, 0x21, 0x00,
    0xb8, 0x57, 0x21, 0x00, 0xb8, 0x57, 0x21, 0x00, 0xb8, 0x57, 0x21, 0x00, 0x00, 0x00, 0x00, 0x00,
    0x00, 0x00, 0x00, 0x00, 0x00, 0x00, 0x00, 0x00, 0x00, 0x00, 0x00, 0x00, 0x00, 0x00, 0x00, 0x00,
    0x00, 0x00, 0x00, 0x00, 0xb8, 0x57, 0x21, 0x00, 0xb8, 0x57, 0x21, 0x00, 0xb8, 0x57, 0x21, 0x00,
    0xb8, 0x57, 0x21, 0x00, 0xb8, 0x57, 0x21, 0x00, 0x00, 0x00, 0x00, 0x00, 0x00, 0x00, 0x00, 0x00,
    0x00, 0x00, 0x00, 0x00, 0x00, 0x00, 0x00, 0x00, 0x00, 0x00, 0x00, 0x00, 0x00, 0x00, 0x00, 0x00,
    0xb8, 0x57, 0x21, 0x00, 0xb8, 0x57, 0x21, 0x00, 0xb8, 0x57, 0x21, 0x00, 0xb8, 0x57, 0x21, 0x00,
    0xb8, 0x57, 0x21, 0x00, 0x00, 0x00, 0x00, 0x00, 0x00, 0x00, 0x00, 0x00, 0x00, 0x00, 0x00, 0x00,
    0x00, 0x00, 0x00, 0x00, 0x00, 0x00, 0x00, 0x00, 0x00, 0x00, 0x00, 0x00, 0xb8, 0x57, 0x21, 0x00,
    0xb8, 0x57, 0x21, 0x00, 0xb8, 0x57, 0x21, 0x00, 0xb8, 0x57, 0x21, 0x00, 0xb8, 0x57, 0x21, 0x00,
    0x00, 0x00, 0x00, 0x00, 0x00, 0x00, 0x00, 0x00, 0x00, 0x00, 0x00, 0x00, 0x00, 0x00, 0x00, 0x00,
    0x00, 0x00, 0x00, 0x00, 0x00, 0x00, 0x00, 0x00, 0xb8, 0x57, 0x21, 0x00, 0xb8, 0x57, 0x21, 0x00,
    0xb8, 0x57, 0x21, 0x00, 0xb8, 0x57, 0x21, 0x00, 0xb8, 0x57, 0x21, 0x00, 0x00, 0x00, 0x00, 0x00,
    0x00, 0x00, 0x00, 0x00, 0x00, 0x00, 0x00, 0x00, 0x00, 0x00, 0x00, 0x00, 0x00, 0x00, 0x00, 0x00,
    0x00, 0x00, 0x00, 0x00, 0xb8, 0x57, 0x21, 0x00, 0xb8, 0x57, 0x21, 0x00, 0xb8, 0x57, 0x21, 0x00,
    0xb8, 0x57, 0x21, 0x00, 0xb8, 0x57, 0x21, 0x00, 0x00, 0x00, 0x00, 0x00, 0x00, 0x00, 0x00, 0x00,
    0x00, 0x00, 0x00, 0x00, 0x00, 0x00, 0x00, 0x00, 0x00, 0x00, 0x00, 0x00, 0x00, 0x00, 0x00, 0x00,
    0xb8, 0x57, 0x21, 0x00, 0xb8, 0x57, 0x21, 0x00, 0xb8, 0x57, 0x21, 0x00, 0xb8, 0x57, 0x21, 0x00,
    0xb8, 0x57, 0x21, 0x00, 0x00, 0x00, 0x00, 0x00, 0x00, 0x00, 0x00, 0x00, 0x00, 0x00, 0x00, 0x00,
    0x00, 0x00, 0x00, 0x00, 0x00, 0x00, 0x00, 0x00, 0x00, 0x00, 0x00, 0x00, 0xb8, 0x57, 0x21, 0x00,
    0xb8, 0x57, 0x21, 0x00, 0xb8, 0x57, 0x21, 0x00, 0xb8, 0x57, 0x21, 0x00, 0xb8, 0x57, 0x21, 0x00,
    0x00, 0x00, 0x00, 0x00, 0x00, 0x00, 0x00, 0x00, 0x00, 0x00, 0x00, 0x00, 0x00, 0x00, 0x00, 0x00,
    0x00, 0x00, 0x00, 0x00, 0x00, 0x00, 0x00, 0x00, 0xb8, 0x57, 0x21, 0x00, 0xb8, 0x57, 0x21, 0x00,
    0xb8, 0x57, 0x21, 0x00, 0xb8, 0x57, 0x21, 0x00, 0xb8, 0x57, 0x21, 0x00, 0x00, 0x00, 0x00, 0x00,
    0x00, 0x00, 0x00, 0x00, 0x00, 0x00, 0x00, 0x00, 0x00, 0x00, 0x00, 0x00, 0x00, 0x00, 0x00, 0x00,
    0x00, 0x00, 0x00, 0x00, 0xb8, 0x57, 0x21, 0x00, 0xb8, 0x57, 0x21, 0x00, 0xb8, 0x57, 0x21, 0x00,
    0xb8, 0x57, 0x21, 0x00, 0xb8, 0x57, 0x21, 0x00, 0x00, 0x00, 0x00, 0x00, 0x00, 0x00, 0x00, 0x00,
    0x00, 0x00, 0x00, 0x00, 0x00, 0x00, 0x00, 0x00, 0x00, 0x00, 0x00, 0x00, 0x00, 0x00, 0x00, 0x00,
    0xb8, 0x57, 0x21, 0x00, 0xb8, 0x57, 0x21, 0x00, 0xb8, 0x57, 0x21, 0x00, 0xb8, 0x57, 0x21, 0x00,
    0xb8, 0x57, 0x21, 0x00, 0x00, 0x00, 0x00, 0x00, 0x00, 0x00, 0x00, 0x00, 0x00, 0x00, 0x00, 0x00,
    0x00, 0x00, 0x00, 0x00, 0x00, 0x00, 0x00, 0x00, 0x00, 0x00, 0x00, 0x00, 0xb8, 0x57, 0x21, 0x00,
    0xb8, 0x57, 0x21, 0x00, 0xb8, 0x57, 0x21, 0x00, 0xb8, 0x57, 0x21, 0x00, 0xb8, 0x57, 0x21, 0x00,
    0x00, 0x00, 0x00, 0x00, 0x00, 0x00, 0x00, 0x00, 0x00, 0x00, 0x00, 0x00, 0x00, 0x00, 0x00, 0x00,
    0x00, 0x00, 0x00, 0x00, 0x00, 0x00, 0x00, 0x00, 0xb8, 0x57, 0x21, 0x00, 0xb8, 0x57, 0x21, 0x00,
    0xb8, 0x57, 0x21, 0x00, 0xb8, 0x57, 0x21, 0x00, 0xb8, 0x57, 0x21, 0x00, 0x00, 0x00, 0x00, 0x00,
    0x00, 0x00, 0x00, 0x00, 0x00, 0x00, 0x00, 0x00, 0x00, 0x00, 0x00, 0x00, 0x00, 0x00, 0x00, 0x00,
    0x00, 0x00, 0x00, 0x00, 0xb8, 0x57, 0x21, 0x00, 0xb8, 0x57, 0x21, 0x00, 0xb8, 0x57, 0x21, 0x00,
    0xb8, 0x57, 0x21, 0x00, 0xb8, 0x57, 0x21, 0x00, 0x00, 0x00, 0x00, 0x00, 0x00, 0x00, 0x00, 0x00,
    0x00, 0x00, 0x00, 0x00, 0x00, 0x00, 0x00, 0x00, 0x00, 0x00, 0x00, 0x00, 0x00, 0x00, 0x00, 0x00,
    0xb8, 0x57, 0x21, 0x00, 0xb8, 0x57, 0x21, 0x00, 0xb8, 0x57, 0x21, 0x00, 0xb8, 0x57, 0x21, 0x00,
    0xb8, 0x57, 0x21, 0x00, 0x00, 0x00, 0x00, 0x00, 0x00, 0x00, 0x00, 0x00, 0x00, 0x00, 0x00, 0x00,
    0x00, 0x00, 0x00, 0x00, 0x00, 0x00, 0x00, 0x00, 0x00, 0x00, 0x00, 0x00, 0xb8, 0x57, 0x21, 0x00,
    0xb8, 0x57, 0x21, 0x00, 0xb8, 0x57, 0x21, 0x00, 0xb8, 0x57, 0x21, 0x00, 0xb8, 0x57, 0x21, 0x00,
    0x00, 0x00, 0x00, 0x00, 0x00, 0x00, 0x00, 0x00, 0x00, 0x00, 0x00, 0x00, 0x00, 0x00, 0x00, 0x00,
    0x00, 0x00, 0x00, 0x00, 0x00, 0x00, 0x00, 0x00, 0xb8, 0x57, 0x21, 0x00, 0xb8, 0x57, 0x21, 0x00,
    0xb8, 0x57, 0x21, 0x00, 0xb8, 0x57, 0x21, 0x00, 0xb8, 0x57, 0x21, 0x00, 0x00, 0x00, 0x00, 0x00,
    0x00, 0x00, 0x00, 0x00, 0x00, 0x00, 0x00, 0x00, 0x00, 0x00, 0x00, 0x00, 0x00, 0x00, 0x00, 0x00,
    0x00, 0x00, 0x00, 0x00, 0xb8, 0x57, 0x21, 0x00, 0xb8, 0x57, 0x21, 0x00, 0xb8, 0x57, 0x21, 0x00,
    0xb8, 0x57, 0x21, 0x00, 0xb8, 0x57, 0x21, 0x00, 0x00, 0x00, 0x00, 0x00, 0x00, 0x00, 0x00, 0x00,
    0x00, 0x00, 0x00, 0x00, 0x00, 0x00, 0x00, 0x00, 0x00, 0x00, 0x00, 0x00, 0x00, 0x00, 0x00, 0x00,
    0xb8, 0x57, 0x21, 0x00, 0xb8, 0x57, 0x21, 0x00, 0xb8, 0x57, 0x21, 0x00, 0xb8, 0x57, 0x21, 0x00,
    0xb8, 0x57, 0x21, 0x00, 0x00, 0x00, 0x00, 0x00, 0x00, 0x00, 0x00, 0x00, 0x00, 0x00, 0x00, 0x00,
    0x00, 0x00, 0x00, 0x00, 0x00, 0x00, 0x00, 0x00, 0x00, 0x00, 0x00, 0x00, 0xb8, 0x57, 0x21, 0x00,
    0xb8, 0x57, 0x21, 0x00, 0xb8, 0x57, 0x21, 0x00, 0xb8, 0x57, 0x21, 0x00, 0xb8, 0x57, 0x21, 0x00,
    0x00, 0x00, 0x00, 0x00, 0x00, 0x00, 0x00, 0x00, 0x00, 0x00, 0x00, 0x00, 0x00, 0x00, 0x00, 0x00,
    0x00, 0x00, 0x00, 0x00, 0x00, 0x00, 0x00, 0x00, 0xb8, 0x57, 0x21, 0x00, 0xb8, 0x57, 0x21, 0x00,
    0xb8, 0x57, 0x21, 0x00, 0xb8, 0x57, 0x21, 0x00, 0xb8, 0x57, 0x21, 0x00, 0x00, 0x00, 0x00, 0x00,
    0x00, 0x00, 0x00, 0x00, 0x00, 0x00, 0x00, 0x00, 0x00, 0x00, 0x00, 0x00, 0x00, 0x00, 0x00, 0x00,
    0x00, 0x00, 0x00, 0x00, 0xb8, 0x57, 0x21, 0x00, 0xb8, 0x57, 0x21, 0x00, 0xb8, 0x57, 0x21, 0x00,
    0xb8, 0x57, 0x21, 0x00, 0xb8, 0x57, 0x21, 0x00, 0x00, 0x00, 0x00, 0x00, 0x00, 0x00, 0x00, 0x00,
    0x00, 0x00, 0x00, 0x00, 0x00, 0x00, 0x00, 0x00, 0x00, 0x00, 0x00, 0x00, 0x00, 0x00, 0x00, 0x00,
    0xb8, 0x57, 0x21, 0x00, 0xb8, 0x57, 0x21, 0x00, 0xb8, 0x57, 0x21, 0x00, 0xb8, 0x57, 0x21, 0x00,
    0xb8, 0x57, 0x21, 0x00, 0x00, 0x00, 0x00, 0x00, 0x00, 0x00, 0x00, 0x00, 0x00, 0x00, 0x00, 0x00,
    0x00, 0x00, 0x00, 0x00, 0x00, 0x00, 0x00, 0x00, 0x00, 0x00, 0x00, 0x00, 0xb8, 0x57, 0x21, 0x00,
    0xb8, 0x57, 0x21, 0x00, 0xb8, 0x57, 0x21, 0x00, 0xb8, 0x57, 0x21, 0x00, 0xb8, 0x57, 0x21, 0x00,
    0x00, 0x00, 0x00, 0x00, 0x00, 0x00, 0x00, 0x00, 0x00, 0x00, 0x00, 0x00, 0x00, 0x00, 0x00, 0x00,
    0x00, 0x00, 0x00, 0x00, 0x00, 0x00, 0x00, 0x00, 0xb8, 0x57, 0x21, 0x00, 0xb8, 0x57, 0x21, 0x00,
    0xb8, 0x57, 0x21, 0x00, 0xb8, 0x57, 0x21, 0x00, 0xb8, 0x57, 0x21, 0x00, 0x00, 0x00, 0x00, 0x00,
    0x00, 0x00, 0x00, 0x00, 0x00, 0x00, 0x00, 0x00, 0x00, 0x00, 0x00, 0x00, 0x00, 0x00, 0x00, 0x00,
    0x00, 0x00, 0x00, 0x00, 0xb8, 0x57, 0x21, 0x00, 0xb8, 0x57, 0x21, 0x00, 0xb8, 0x57, 0x21, 0x00,
    0xb8, 0x57, 0x21, 0x00, 0xb8, 0x57, 0x21, 0x00, 0x00, 0x00, 0x00, 0x00, 0x00, 0x00, 0x00, 0x00,
    0x00, 0x00, 0x00, 0x00, 0x00, 0x00, 0x00, 0x00, 0x00, 0x00, 0x00, 0x00, 0x00, 0x00, 0x00, 0x00,
    0xb8, 0x57, 0x21, 0x00, 0xb8, 0x57, 0x21, 0x00, 0xb8, 0x57, 0x21, 0x00, 0xb8, 0x57, 0x21, 0x00,
    0xb8, 0x57, 0x21, 0x00, 0x00, 0x00, 0x00, 0x00, 0x00, 0x00, 0x00, 0x00, 0x00, 0x00, 0x00, 0x00,
    0x00, 0x00, 0x00, 0x00, 0x00, 0x00, 0x00, 0x00, 0x00, 0x00, 0x00, 0x00, 0xb8, 0x57, 0x21, 0x00,
    0xb8, 0x57, 0x21, 0x00, 0xb8, 0x57, 0x21, 0x00, 0xb8, 0x57, 0x21, 0x00, 0xb8, 0x57, 0x21, 0x00,
    0x00, 0x00, 0x00, 0x00, 0x00, 0x00, 0x00, 0x00, 0x00, 0x00, 0x00, 0x00, 0x00, 0x00, 0x00, 0x00,
    0x00, 0x00, 0x00, 0x00, 0x00, 0x00, 0x00, 0x00, 0xb8, 0x57, 0x21, 0x00, 0xb8, 0x57, 0x21, 0x00,
    0xb8, 0x57, 0x21, 0x00, 0xb8, 0x57, 0x21, 0x00, 0xb8, 0x57, 0x21, 0x00, 0x00, 0x00, 0x00, 0x00,
    0x00, 0x00, 0x00, 0x00, 0x00, 0x00, 0x00, 0x00, 0x00, 0x00, 0x00, 0x00, 0x00, 0x00, 0x00, 0x00,
    0x00, 0x00, 0x00, 0x00, 0xb8, 0x57, 0x21, 0x00, 0xb8, 0x57, 0x21, 0x00, 0xb8, 0x57, 0x21, 0x00,
    0xb8, 0x57, 0x21, 0x00, 0xb8, 0x57, 0x21, 0x00, 0x00, 0x00, 0x00, 0x00, 0x00, 0x00, 0x00, 0x00,
    0x00, 0x00, 0x00, 0x00, 0x00, 0x00, 0x00, 0x00, 0x00, 0x00, 0x00, 0x00, 0x00, 0x00, 0x00, 0x00,
    0xb8, 0x57, 0x21, 0x00, 0xb8, 0x57, 0x21, 0x00, 0xb8, 0x57, 0x21, 0x00, 0xb8, 0x57, 0x21, 0x00,
    0xb8, 0x57, 0x21, 0x00, 0x00, 0x00, 0x00, 0x00, 0x00, 0x00, 0x00, 0x00, 0x00, 0x00, 0x00, 0x00,
    0x00, 0x00, 0x00, 0x00, 0x00, 0x00, 0x00, 0x00, 0x00, 0x00, 0x00, 0x00, 0xb8, 0x57, 0x21, 0x00,
    0xb8, 0x57, 0x21, 0x00, 0xb8, 0x57, 0x21, 0x00, 0xb8, 0x57, 0x21, 0x00, 0xb8, 0x57, 0x21, 0x00,
    0x00, 0x00, 0x00, 0x00, 0x00, 0x00, 0x00, 0x00, 0x00, 0x00, 0x00, 0x00, 0x00, 0x00, 0x00, 0x00,
    0x00, 0x00, 0x00, 0x00, 0x00, 0x00, 0x00, 0x00, 0xb8, 0x57, 0x21, 0x00, 0xb8, 0x57, 0x21, 0x00,
    0xb8, 0x57, 0x21, 0x00, 0xb8, 0x57, 0x21, 0x00, 0xb8, 0x57, 0x21, 0x00, 0x00, 0x00, 0x00, 0x00,
    0x00, 0x00, 0x00, 0x00, 0x00, 0x00, 0x00, 0x00, 0x00, 0x00, 0x00, 0x00, 0x00, 0x00, 0x00, 0x00,
    0x00, 0x00, 0x00, 0x00, 0xb8, 0x57, 0x21, 0x00, 0xb8, 0x57, 0x21, 0x00, 0xb8, 0x57, 0x21, 0x00,
    0xb8, 0x57, 0x21, 0x00, 0xb8, 0x57, 0x21, 0x00, 0x00, 0x00, 0x00, 0x00, 0x00, 0x00, 0x00, 0x00,
    0x00, 0x00, 0x00, 0x00, 0x00, 0x00, 0x00, 0x00, 0x00, 0x00, 0x00, 0x00, 0x00, 0x00, 0x00, 0x00,
    0xb8, 0x57, 0x21, 0x00, 0xb8, 0x57, 0x21, 0x00, 0xb8, 0x57, 0x21, 0x00, 0xb8, 0x57, 0x21, 0x00,
    0xb8, 0x57, 0x21, 0x00, 0x00, 0x00, 0x00, 0x00, 0x00, 0x00, 0x00, 0x00, 0x00, 0x00, 0x00, 0x00,
    0x00, 0x00, 0x00, 0x00, 0x00, 0x00, 0x00, 0x00, 0x00, 0x00, 0x00, 0x00, 0xb8, 0x57, 0x21, 0x00,
    0xb8, 0x57, 0x21, 0x00, 0xb8, 0x57, 0x21, 0x00, 0xb8, 0x57, 0x21, 0x00, 0xb8, 0x57, 0x21, 0x00,
    0x00, 0x00, 0x00, 0x00, 0x00, 0x00, 0x00, 0x00, 0x00, 0x00, 0x00, 0x00, 0x00, 0x00, 0x00, 0x00,
    0x00, 0x00, 0x00, 0x00, 0x00, 0x00, 0x00, 0x00, 0xb8, 0x57, 0x21, 0x00, 0xb8, 0x57, 0x21, 0x00,
    0xb8, 0x57, 0x21, 0x00, 0xb8, 0x57, 0x21, 0x00, 0xb8, 0x57, 0x21, 0x00, 0x00, 0x00, 0x00, 0x00,
    0x00, 0x00, 0x00, 0x00, 0x00, 0x00, 0x00, 0x00, 0x00, 0x00, 0x00, 0x00, 0x00, 0x00, 0x00, 0x00,
    0x00, 0x00, 0x00, 0x00, 0xb8, 0x57, 0x21, 0x00, 0xb8, 0x57, 0x21, 0x00, 0xb8, 0x57, 0x21, 0x00,
    0xb8, 0x57, 0x21, 0x00, 0xb8, 0x57, 0x21, 0x00, 0x00, 0x00, 0x00, 0x00, 0x00, 0x00, 0x00, 0x00,
    0x00, 0x00, 0x00, 0x00, 0x00, 0x00, 0x00, 0x00, 0x00, 0x00, 0x00, 0x00,  0x00, 0x00, 0x00, 0x00,
     0x00, 0x00, 0x00, 0x00,  0x00, 0x00, 0x00, 0x00, 0x00, 0x00, 0x00, 0x00,  0x00, 0x00, 0x00, 0x00,
     0x00, 0x00, 0x00, 0x00, 0x0a, 0x00, 0x00, 0x00, 0x03, 0x00, 0x00, 0x00, 0x00, 0x00, 0x00, 0x00,
    0x00, 0x00, 0x00, 0x00, 0x00, 0x00, 0x00, 0x00,  0x00, 0x00, 0x00, 0x00,  0x00, 0x00, 0x00, 0x00,
     0x00, 0x00, 0x00, 0x00, 0x00, 0x00, 0x00, 0x00,  0x00, 0x00, 0x00, 0x00,  0x00, 0x00, 0x00, 0x00,
    0x32, 0x00, 0x00, 0x00, 0x03, 0x00, 0x00, 0x00, 0x00, 0x00, 0x00, 0x00, 0x00, 0x00, 0x00, 0x00,
    0x00, 0x00, 0x00, 0x00, 0x00, 0x00, 0x00, 0x00, 0x00, 0x00, 0x00, 0x00, 0x00, 0x00, 0x00, 0x00,
    0x00, 0x00, 0x00, 0x00, 0x00, 0x00, 0x00, 0x00, 0x00, 0x00, 0x00, 0x00, 0x00, 0x00, 0x00, 0x00,
    0x00, 0x00, 0x00, 0x00, 0x00, 0x00, 0x00, 0x00, 0x00, 0x00, 0x00, 0x00, 0x00, 0x00, 0x00, 0x00,
    0x00, 0x00, 0x00, 0x00, 0x00, 0x00, 0x00, 0x00, 0x00, 0x00, 0x00, 0x00, 0x00, 0x00, 0x00, 0x00
};

unsigned char snd_roomStrings[128] = {
     0x00, 0x00, 0x00, 0x00,  0x00, 0x00, 0x00, 0x00,  0x00, 0x00, 0x00, 0x00,  0x00, 0x00, 0x00, 0x00,
     0x00, 0x00, 0x00, 0x00,  0x00, 0x00, 0x00, 0x00,  0x00, 0x00, 0x00, 0x00,  0x00, 0x00, 0x00, 0x00,
     0x00, 0x00, 0x00, 0x00,  0x00, 0x00, 0x00, 0x00,  0x00, 0x00, 0x00, 0x00,  0x00, 0x00, 0x00, 0x00,
     0x00, 0x00, 0x00, 0x00,  0x00, 0x00, 0x00, 0x00,  0x00, 0x00, 0x00, 0x00,  0x00, 0x00, 0x00, 0x00,
     0x00, 0x00, 0x00, 0x00,  0x00, 0x00, 0x00, 0x00,  0x00, 0x00, 0x00, 0x00,  0x00, 0x00, 0x00, 0x00,
     0x00, 0x00, 0x00, 0x00,  0x00, 0x00, 0x00, 0x00,  0x00, 0x00, 0x00, 0x00,  0x00, 0x00, 0x00, 0x00,
     0x00, 0x00, 0x00, 0x00,  0x00, 0x00, 0x00, 0x00, 0x00, 0x00, 0x00, 0x00, 0x00, 0x00, 0x00, 0x00,
    0x00, 0x00, 0x00, 0x00, 0x00, 0x00, 0x00, 0x00, 0x00, 0x00, 0x00, 0x00, 0x00, 0x00, 0x00, 0x00
};

unsigned char cmd_text[32] = {
     0x00, 0x00, 0x00, 0x00, 0x00, 0x00, 0x00, 0x00, 0x00, 0x00, 0x00, 0x00, 0x00, 0x00, 0x00, 0x00,
    0x00, 0x00, 0x00, 0x00, 0x00, 0x00, 0x00, 0x00, 0x00, 0x00, 0x00, 0x00, 0x00, 0x00, 0x00, 0x00
};

unsigned char dvarOnOffStrings[32] = {
     0x00, 0x00, 0x00, 0x00,  0x00, 0x00, 0x00, 0x00, 0x00, 0x00, 0x00, 0x00, 0x00, 0x00, 0x00, 0x00,
    0x00, 0x00, 0x00, 0x00, 0x00, 0x00, 0x00, 0x00, 0x00, 0x00, 0x00, 0x00, 0x00, 0x00, 0x00, 0x00
};

char fxInitialized[4] = {0};

unsigned char theFxHelper[4] = {
     0x00, 0x00, 0x00, 0x00
};

unsigned char effectListNonBolt[4] = {
     0x00, 0x00, 0x00, 0x00
};

unsigned char effectListBolt[4] = {
     0x00, 0x00, 0x00, 0x00
};

unsigned char effectClusters[16] = {
     0x00, 0x00, 0x00, 0x00, 0x00, 0x00, 0x00, 0x00, 0x00, 0x00, 0x00, 0x00, 0x00, 0x00, 0x00, 0x00
};

char defaultEffect[4] = {0};

char theFxScheduler[28] = {0};

unsigned char g_rendererExists[32] = {
    0x01, 0x00, 0x00, 0x00, 0x00, 0x00, 0x00, 0x00, 0x00, 0x00, 0x00, 0x00, 0x00, 0x00, 0x00, 0x00,
    0x00, 0x00, 0x00, 0x00, 0x00, 0x00, 0x00, 0x00, 0x00, 0x00, 0x00, 0x00, 0x00, 0x00, 0x00, 0x00
};

unsigned char eventnames[800] = {
     0x00, 0x00, 0x00, 0x00,  0x00, 0x00, 0x00, 0x00,  0x00, 0x00, 0x00, 0x00,  0x00, 0x00, 0x00, 0x00,
     0x00, 0x00, 0x00, 0x00,  0x00, 0x00, 0x00, 0x00,  0x00, 0x00, 0x00, 0x00,  0x00, 0x00, 0x00, 0x00,
     0x00, 0x00, 0x00, 0x00,  0x00, 0x00, 0x00, 0x00,  0x00, 0x00, 0x00, 0x00,  0x00, 0x00, 0x00, 0x00,
     0x00, 0x00, 0x00, 0x00,  0x00, 0x00, 0x00, 0x00,  0x00, 0x00, 0x00, 0x00,  0x00, 0x00, 0x00, 0x00,
     0x00, 0x00, 0x00, 0x00,  0x00, 0x00, 0x00, 0x00,  0x00, 0x00, 0x00, 0x00,  0x00, 0x00, 0x00, 0x00,
     0x00, 0x00, 0x00, 0x00,  0x00, 0x00, 0x00, 0x00,  0x00, 0x00, 0x00, 0x00,  0x00, 0x00, 0x00, 0x00,
     0x00, 0x00, 0x00, 0x00,  0x00, 0x00, 0x00, 0x00,  0x00, 0x00, 0x00, 0x00,  0x00, 0x00, 0x00, 0x00,
     0x00, 0x00, 0x00, 0x00,  0x00, 0x00, 0x00, 0x00,  0x00, 0x00, 0x00, 0x00,  0x00, 0x00, 0x00, 0x00,
     0x00, 0x00, 0x00, 0x00,  0x00, 0x00, 0x00, 0x00,  0x00, 0x00, 0x00, 0x00,  0x00, 0x00, 0x00, 0x00,
     0x00, 0x00, 0x00, 0x00,  0x00, 0x00, 0x00, 0x00,  0x00, 0x00, 0x00, 0x00,  0x00, 0x00, 0x00, 0x00,
     0x00, 0x00, 0x00, 0x00,  0x00, 0x00, 0x00, 0x00,  0x00, 0x00, 0x00, 0x00,  0x00, 0x00, 0x00, 0x00,
     0x00, 0x00, 0x00, 0x00,  0x00, 0x00, 0x00, 0x00,  0x00, 0x00, 0x00, 0x00,  0x00, 0x00, 0x00, 0x00,
     0x00, 0x00, 0x00, 0x00,  0x00, 0x00, 0x00, 0x00,  0x00, 0x00, 0x00, 0x00,  0x00, 0x00, 0x00, 0x00,
     0x00, 0x00, 0x00, 0x00,  0x00, 0x00, 0x00, 0x00,  0x00, 0x00, 0x00, 0x00,  0x00, 0x00, 0x00, 0x00,
     0x00, 0x00, 0x00, 0x00,  0x00, 0x00, 0x00, 0x00,  0x00, 0x00, 0x00, 0x00,  0x00, 0x00, 0x00, 0x00,
     0x00, 0x00, 0x00, 0x00,  0x00, 0x00, 0x00, 0x00,  0x00, 0x00, 0x00, 0x00,  0x00, 0x00, 0x00, 0x00,
     0x00, 0x00, 0x00, 0x00,  0x00, 0x00, 0x00, 0x00,  0x00, 0x00, 0x00, 0x00,  0x00, 0x00, 0x00, 0x00,
     0x00, 0x00, 0x00, 0x00,  0x00, 0x00, 0x00, 0x00,  0x00, 0x00, 0x00, 0x00,  0x00, 0x00, 0x00, 0x00,
     0x00, 0x00, 0x00, 0x00,  0x00, 0x00, 0x00, 0x00,  0x00, 0x00, 0x00, 0x00,  0x00, 0x00, 0x00, 0x00,
     0x00, 0x00, 0x00, 0x00,  0x00, 0x00, 0x00, 0x00,  0x00, 0x00, 0x00, 0x00,  0x00, 0x00, 0x00, 0x00,
     0x00, 0x00, 0x00, 0x00,  0x00, 0x00, 0x00, 0x00,  0x00, 0x00, 0x00, 0x00,  0x00, 0x00, 0x00, 0x00,
     0x00, 0x00, 0x00, 0x00,  0x00, 0x00, 0x00, 0x00,  0x00, 0x00, 0x00, 0x00,  0x00, 0x00, 0x00, 0x00,
     0x00, 0x00, 0x00, 0x00,  0x00, 0x00, 0x00, 0x00,  0x00, 0x00, 0x00, 0x00,  0x00, 0x00, 0x00, 0x00,
     0x00, 0x00, 0x00, 0x00,  0x00, 0x00, 0x00, 0x00,  0x00, 0x00, 0x00, 0x00,  0x00, 0x00, 0x00, 0x00,
     0x00, 0x00, 0x00, 0x00,  0x00, 0x00, 0x00, 0x00,  0x00, 0x00, 0x00, 0x00,  0x00, 0x00, 0x00, 0x00,
     0x00, 0x00, 0x00, 0x00,  0x00, 0x00, 0x00, 0x00,  0x00, 0x00, 0x00, 0x00,  0x00, 0x00, 0x00, 0x00,
     0x00, 0x00, 0x00, 0x00,  0x00, 0x00, 0x00, 0x00,  0x00, 0x00, 0x00, 0x00,  0x00, 0x00, 0x00, 0x00,
     0x00, 0x00, 0x00, 0x00,  0x00, 0x00, 0x00, 0x00,  0x00, 0x00, 0x00, 0x00,  0x00, 0x00, 0x00, 0x00,
     0x00, 0x00, 0x00, 0x00,  0x00, 0x00, 0x00, 0x00,  0x00, 0x00, 0x00, 0x00,  0x00, 0x00, 0x00, 0x00,
     0x00, 0x00, 0x00, 0x00,  0x00, 0x00, 0x00, 0x00,  0x00, 0x00, 0x00, 0x00,  0x00, 0x00, 0x00, 0x00,
     0x00, 0x00, 0x00, 0x00,  0x00, 0x00, 0x00, 0x00,  0x00, 0x00, 0x00, 0x00,  0x00, 0x00, 0x00, 0x00,
     0x00, 0x00, 0x00, 0x00,  0x00, 0x00, 0x00, 0x00,  0x00, 0x00, 0x00, 0x00,  0x00, 0x00, 0x00, 0x00,
     0x00, 0x00, 0x00, 0x00,  0x00, 0x00, 0x00, 0x00,  0x00, 0x00, 0x00, 0x00,  0x00, 0x00, 0x00, 0x00,
     0x00, 0x00, 0x00, 0x00,  0x00, 0x00, 0x00, 0x00,  0x00, 0x00, 0x00, 0x00,  0x00, 0x00, 0x00, 0x00,
     0x00, 0x00, 0x00, 0x00,  0x00, 0x00, 0x00, 0x00,  0x00, 0x00, 0x00, 0x00,  0x00, 0x00, 0x00, 0x00,
     0x00, 0x00, 0x00, 0x00,  0x00, 0x00, 0x00, 0x00,  0x00, 0x00, 0x00, 0x00,  0x00, 0x00, 0x00, 0x00,
     0x00, 0x00, 0x00, 0x00,  0x00, 0x00, 0x00, 0x00,  0x00, 0x00, 0x00, 0x00,  0x00, 0x00, 0x00, 0x00,
     0x00, 0x00, 0x00, 0x00,  0x00, 0x00, 0x00, 0x00,  0x00, 0x00, 0x00, 0x00,  0x00, 0x00, 0x00, 0x00,
     0x00, 0x00, 0x00, 0x00,  0x00, 0x00, 0x00, 0x00,  0x00, 0x00, 0x00, 0x00,  0x00, 0x00, 0x00, 0x00,
     0x00, 0x00, 0x00, 0x00,  0x00, 0x00, 0x00, 0x00,  0x00, 0x00, 0x00, 0x00,  0x00, 0x00, 0x00, 0x00,
     0x00, 0x00, 0x00, 0x00,  0x00, 0x00, 0x00, 0x00,  0x00, 0x00, 0x00, 0x00,  0x00, 0x00, 0x00, 0x00,
     0x00, 0x00, 0x00, 0x00,  0x00, 0x00, 0x00, 0x00,  0x00, 0x00, 0x00, 0x00,  0x00, 0x00, 0x00, 0x00,
     0x00, 0x00, 0x00, 0x00,  0x00, 0x00, 0x00, 0x00,  0x00, 0x00, 0x00, 0x00,  0x00, 0x00, 0x00, 0x00,
     0x00, 0x00, 0x00, 0x00,  0x00, 0x00, 0x00, 0x00,  0x00, 0x00, 0x00, 0x00,  0x00, 0x00, 0x00, 0x00,
     0x00, 0x00, 0x00, 0x00,  0x00, 0x00, 0x00, 0x00,  0x00, 0x00, 0x00, 0x00,  0x00, 0x00, 0x00, 0x00,
     0x00, 0x00, 0x00, 0x00,  0x00, 0x00, 0x00, 0x00,  0x00, 0x00, 0x00, 0x00,  0x00, 0x00, 0x00, 0x00,
     0x00, 0x00, 0x00, 0x00,  0x00, 0x00, 0x00, 0x00,  0x00, 0x00, 0x00, 0x00,  0x00, 0x00, 0x00, 0x00,
     0x00, 0x00, 0x00, 0x00,  0x00, 0x00, 0x00, 0x00,  0x00, 0x00, 0x00, 0x00,  0x00, 0x00, 0x00, 0x00,
     0x00, 0x00, 0x00, 0x00,  0x00, 0x00, 0x00, 0x00,  0x00, 0x00, 0x00, 0x00,  0x00, 0x00, 0x00, 0x00,
     0x00, 0x00, 0x00, 0x00,  0x00, 0x00, 0x00, 0x00,  0x00, 0x00, 0x00, 0x00, 0x00, 0x00, 0x00, 0x00
};

unsigned char pmoveHandlers[32] = {
     0x00, 0x00, 0x00, 0x00,  0x00, 0x00, 0x00, 0x00, 0x00, 0x00, 0x00, 0x00,  0x00, 0x00, 0x00, 0x00,
     0x00, 0x00, 0x00, 0x00,  0x00, 0x00, 0x00, 0x00, 0x00, 0x00, 0x00, 0x00, 0x00, 0x00, 0x00, 0x00
};

unsigned char viewLerp_CrouchStand[128] = {
    0x00, 0x00, 0x00, 0x00, 0x00, 0x00, 0x20, 0x42, 0x00, 0x00, 0x00, 0x00, 0x05, 0x00, 0x00, 0x00,
    0x00, 0x00, 0x22, 0x42, 0x00, 0x00, 0x00, 0x00, 0x0a, 0x00, 0x00, 0x00, 0x00, 0x00, 0x26, 0x42,
    0x00, 0x00, 0x00, 0x00, 0x14, 0x00, 0x00, 0x00, 0x00, 0x00, 0x30, 0x42, 0x00, 0x00, 0x00, 0x00,
    0x46, 0x00, 0x00, 0x00, 0x00, 0x00, 0x60, 0x42, 0x00, 0x00, 0x00, 0x00, 0x60, 0x00, 0x00, 0x00,
    0x00, 0x00, 0x6a, 0x42, 0x00, 0x00, 0x00, 0x00, 0x63, 0x00, 0x00, 0x00, 0x00, 0x00, 0x6e, 0x42,
    0x00, 0x00, 0x00, 0x00, 0x64, 0x00, 0x00, 0x00, 0x00, 0x00, 0x70, 0x42, 0x00, 0x00, 0x00, 0x00,
    0xff, 0xff, 0xff, 0xff, 0x00, 0x00, 0x00, 0x00, 0x00, 0x00, 0x00, 0x00, 0x00, 0x00, 0x00, 0x00,
    0x00, 0x00, 0x00, 0x00, 0x00, 0x00, 0x00, 0x00, 0x00, 0x00, 0x00, 0x00, 0x00, 0x00, 0x00, 0x00
};

unsigned char viewLerp_ProneCrouch[96] = {
    0x00, 0x00, 0x00, 0x00, 0x00, 0x00, 0x30, 0x41, 0x00, 0x00, 0x00, 0x00, 0x05, 0x00, 0x00, 0x00,
    0x00, 0x00, 0x20, 0x41, 0x00, 0x00, 0x00, 0x00, 0x1e, 0x00, 0x00, 0x00, 0x00, 0x00, 0xa8, 0x41,
    0x00, 0x00, 0x00, 0x00, 0x32, 0x00, 0x00, 0x00, 0x00, 0x00, 0xc8, 0x41, 0x00, 0x00, 0x00, 0x00,
    0x43, 0x00, 0x00, 0x00, 0x00, 0x00, 0xf8, 0x41, 0x00, 0x00, 0x00, 0x00, 0x53, 0x00, 0x00, 0x00,
    0x00, 0x00, 0x08, 0x42, 0x00, 0x00, 0x00, 0x00, 0x64, 0x00, 0x00, 0x00, 0x00, 0x00, 0x20, 0x42,
    0x00, 0x00, 0x00, 0x00, 0xff, 0xff, 0xff, 0xff, 0x00, 0x00, 0x00, 0x00, 0x00, 0x00, 0x00, 0x00
};

unsigned char viewLerp_StandCrouch[128] = {
    0x00, 0x00, 0x00, 0x00, 0x00, 0x00, 0x70, 0x42, 0x00, 0x00, 0x00, 0x00, 0x01, 0x00, 0x00, 0x00,
    0x00, 0x00, 0x6e, 0x42, 0x00, 0x00, 0x00, 0x00, 0x04, 0x00, 0x00, 0x00, 0x00, 0x00, 0x6a, 0x42,
    0x00, 0x00, 0x00, 0x00, 0x1e, 0x00, 0x00, 0x00, 0x00, 0x00, 0x60, 0x42, 0x00, 0x00, 0x00, 0x00,
    0x50, 0x00, 0x00, 0x00, 0x00, 0x00, 0x30, 0x42, 0x00, 0x00, 0x00, 0x00, 0x5a, 0x00, 0x00, 0x00,
    0x00, 0x00, 0x26, 0x42, 0x00, 0x00, 0x00, 0x00, 0x5f, 0x00, 0x00, 0x00, 0x00, 0x00, 0x22, 0x42,
    0x00, 0x00, 0x00, 0x00, 0x64, 0x00, 0x00, 0x00, 0x00, 0x00, 0x20, 0x42, 0x00, 0x00, 0x00, 0x00,
    0xff, 0xff, 0xff, 0xff, 0x00, 0x00, 0x00, 0x00, 0x00, 0x00, 0x00, 0x00, 0x00, 0x00, 0x00, 0x00,
    0x00, 0x00, 0x00, 0x00, 0x00, 0x00, 0x00, 0x00, 0x00, 0x00, 0x00, 0x00, 0x00, 0x00, 0x00, 0x00
};

unsigned char viewLerp_CrouchProne[160] = {
    0x00, 0x00, 0x00, 0x00, 0x00, 0x00, 0x20, 0x42, 0x00, 0x00, 0x00, 0x00, 0x0b, 0x00, 0x00, 0x00,
    0x00, 0x00, 0x18, 0x42, 0x00, 0x00, 0x00, 0x00, 0x16, 0x00, 0x00, 0x00, 0x00, 0x00, 0x04, 0x42,
    0x00, 0x00, 0x00, 0x00, 0x22, 0x00, 0x00, 0x00, 0x00, 0x00, 0xc8, 0x41, 0x00, 0x00, 0x00, 0x00,
    0x2d, 0x00, 0x00, 0x00, 0x00, 0x00, 0x80, 0x41, 0x00, 0x00, 0x00, 0x00, 0x32, 0x00, 0x00, 0x00,
    0x00, 0x00, 0x70, 0x41, 0x00, 0x00, 0x00, 0x00, 0x37, 0x00, 0x00, 0x00, 0x00, 0x00, 0x80, 0x41,
    0x00, 0x00, 0x00, 0x00, 0x46, 0x00, 0x00, 0x00, 0x00, 0x00, 0x90, 0x41, 0x00, 0x00, 0x00, 0x00,
    0x5a, 0x00, 0x00, 0x00, 0x00, 0x00, 0x88, 0x41, 0x00, 0x00, 0x00, 0x00, 0x64, 0x00, 0x00, 0x00,
    0x00, 0x00, 0x30, 0x41, 0x00, 0x00, 0x00, 0x00, 0xff, 0xff, 0xff, 0xff, 0x00, 0x00, 0x00, 0x00,
    0x00, 0x00, 0x00, 0x00, 0x00, 0x00, 0x00, 0x00, 0x00, 0x00, 0x00, 0x00, 0x00, 0x00, 0x00, 0x00,
    0x00, 0x00, 0x00, 0x00, 0x00, 0x00, 0x00, 0x00, 0x00, 0x00, 0x00, 0x00, 0x00, 0x00, 0x00, 0x00
};

char bg_iNumWeapons[32] = {0};

char g_EndPos[32] = {0};

const char *var_typename[] = {
    "undefined",
    "object",
    "string",
    "localized string",
    "vector",
    "float",
    "int",
    "codepos",
    "precodepos",
    "function",
    "stack",
    "animation",
    "developer codepos",
    "include codepos",
    "thread list",
    "thread",
    "thread",
    "thread",
    "thread",
    "struct",
    "removed entity",
    "entity",
    "array",
    "removed thread"
};

unsigned char g_classMap[64] = {
    0x00, 0x00, 0x00, 0x00, 0x65, 0x00, 0x00, 0x00,  0x00, 0x00, 0x00, 0x00, 0x00, 0x00, 0x00, 0x00,
    0x68, 0x00, 0x00, 0x00,  0x00, 0x00, 0x00, 0x00, 0x00, 0x00, 0x00, 0x00, 0x70, 0x00, 0x00, 0x00,
     0x00, 0x00, 0x00, 0x00, 0x00, 0x00, 0x00, 0x00, 0x76, 0x00, 0x00, 0x00,  0x00, 0x00, 0x00, 0x00,
    0x00, 0x00, 0x00, 0x00, 0x00, 0x00, 0x00, 0x00, 0x00, 0x00, 0x00, 0x00, 0x00, 0x00, 0x00, 0x00
};

unsigned char propertyNames[32] = {
     0x00, 0x00, 0x00, 0x00,  0x00, 0x00, 0x00, 0x00,  0x00, 0x00, 0x00, 0x00, 0x00, 0x00, 0x00, 0x00,
    0x00, 0x00, 0x00, 0x00, 0x00, 0x00, 0x00, 0x00, 0x00, 0x00, 0x00, 0x00, 0x00, 0x00, 0x00, 0x00
};

unsigned char s_mantleTrans[96] = {
    0x01, 0x00, 0x00, 0x00, 0x08, 0x00, 0x00, 0x00, 0x00, 0x00, 0x64, 0x42, 0x02, 0x00, 0x00, 0x00,
    0x08, 0x00, 0x00, 0x00, 0x00, 0x00, 0x4c, 0x42, 0x03, 0x00, 0x00, 0x00, 0x09, 0x00, 0x00, 0x00,
    0x00, 0x00, 0x34, 0x42, 0x04, 0x00, 0x00, 0x00, 0x09, 0x00, 0x00, 0x00, 0x00, 0x00, 0x1c, 0x42,
    0x05, 0x00, 0x00, 0x00, 0x09, 0x00, 0x00, 0x00, 0x00, 0x00, 0x04, 0x42, 0x06, 0x00, 0x00, 0x00,
    0x0a, 0x00, 0x00, 0x00, 0x00, 0x00, 0xd8, 0x41, 0x07, 0x00, 0x00, 0x00, 0x0a, 0x00, 0x00, 0x00,
    0x00, 0x00, 0xa8, 0x41, 0x00, 0x00, 0x00, 0x00, 0x00, 0x00, 0x00, 0x00, 0x00, 0x00, 0x00, 0x00
};

unsigned char s_mantleAnimNames[64] = {
     0x00, 0x00, 0x00, 0x00,  0x00, 0x00, 0x00, 0x00,  0x00, 0x00, 0x00, 0x00,  0x00, 0x00, 0x00, 0x00,
     0x00, 0x00, 0x00, 0x00,  0x00, 0x00, 0x00, 0x00,  0x00, 0x00, 0x00, 0x00,  0x00, 0x00, 0x00, 0x00,
     0x00, 0x00, 0x00, 0x00,  0x00, 0x00, 0x00, 0x00,  0x00, 0x00, 0x00, 0x00, 0x00, 0x00, 0x00, 0x00,
    0x00, 0x00, 0x00, 0x00, 0x00, 0x00, 0x00, 0x00, 0x00, 0x00, 0x00, 0x00, 0x00, 0x00, 0x00, 0x00
};

char __ZN11FxBoltFrame12g_mFrameListE[32] = {0};

unsigned char g_parse[18912] = {
    0x00, 0x00, 0x00, 0x00, 0x00, 0x00, 0x00, 0x00, 0x00, 0x00, 0x00, 0x00, 0x00, 0x00, 0x00, 0x00,
    0x00, 0x00, 0x00, 0x00, 0x00, 0x00, 0x00, 0x00, 0x00, 0x00, 0x00, 0x00, 0x00, 0x00, 0x00, 0x00,
    0x00, 0x00, 0x00, 0x00, 0x00, 0x00, 0x00, 0x00, 0x00, 0x00, 0x00, 0x00, 0x00, 0x00, 0x00, 0x00,
    0x00, 0x00, 0x00, 0x00, 0x00, 0x00, 0x00, 0x00, 0x00, 0x00, 0x00, 0x00, 0x00, 0x00, 0x00, 0x00,
    0x00, 0x00, 0x00, 0x00, 0x00, 0x00, 0x00, 0x00, 0x00, 0x00, 0x00, 0x00, 0x00, 0x00, 0x00, 0x00,
    0x00, 0x00, 0x00, 0x00, 0x00, 0x00, 0x00, 0x00, 0x00, 0x00, 0x00, 0x00, 0x00, 0x00, 0x00, 0x00,
    0x00, 0x00, 0x00, 0x00, 0x00, 0x00, 0x00, 0x00, 0x00, 0x00, 0x00, 0x00, 0x00, 0x00, 0x00, 0x00,
    0x00, 0x00, 0x00, 0x00, 0x00, 0x00, 0x00, 0x00, 0x00, 0x00, 0x00, 0x00, 0x00, 0x00, 0x00, 0x00,
    0x00, 0x00, 0x00, 0x00, 0x00, 0x00, 0x00, 0x00, 0x00, 0x00, 0x00, 0x00, 0x00, 0x00, 0x00, 0x00,
    0x00, 0x00, 0x00, 0x00, 0x00, 0x00, 0x00, 0x00, 0x00, 0x00, 0x00, 0x00, 0x00, 0x00, 0x00, 0x00,
    0x00, 0x00, 0x00, 0x00, 0x00, 0x00, 0x00, 0x00, 0x00, 0x00, 0x00, 0x00, 0x00, 0x00, 0x00, 0x00,
    0x00, 0x00, 0x00, 0x00, 0x00, 0x00, 0x00, 0x00, 0x00, 0x00, 0x00, 0x00, 0x00, 0x00, 0x00, 0x00,
    0x00, 0x00, 0x00, 0x00, 0x00, 0x00, 0x00, 0x00, 0x00, 0x00, 0x00, 0x00, 0x00, 0x00, 0x00, 0x00,
    0x00, 0x00, 0x00, 0x00, 0x00, 0x00, 0x00, 0x00, 0x00, 0x00, 0x00, 0x00, 0x00, 0x00, 0x00, 0x00,
    0x00, 0x00, 0x00, 0x00, 0x00, 0x00, 0x00, 0x00, 0x00, 0x00, 0x00, 0x00, 0x00, 0x00, 0x00, 0x00,
    0x00, 0x00, 0x00, 0x00, 0x00, 0x00, 0x00, 0x00, 0x00, 0x00, 0x00, 0x00, 0x00, 0x00, 0x00, 0x00,
    0x00, 0x00, 0x00, 0x00, 0x00, 0x00, 0x00, 0x00, 0x00, 0x00, 0x00, 0x00, 0x00, 0x00, 0x00, 0x00,
    0x00, 0x00, 0x00, 0x00, 0x00, 0x00, 0x00, 0x00, 0x00, 0x00, 0x00, 0x00, 0x00, 0x00, 0x00, 0x00,
    0x00, 0x00, 0x00, 0x00, 0x00, 0x00, 0x00, 0x00, 0x00, 0x00, 0x00, 0x00, 0x00, 0x00, 0x00, 0x00,
    0x00, 0x00, 0x00, 0x00, 0x00, 0x00, 0x00, 0x00, 0x00, 0x00, 0x00, 0x00, 0x00, 0x00, 0x00, 0x00,
    0x00, 0x00, 0x00, 0x00, 0x00, 0x00, 0x00, 0x00, 0x00, 0x00, 0x00, 0x00, 0x00, 0x00, 0x00, 0x00,
    0x00, 0x00, 0x00, 0x00, 0x00, 0x00, 0x00, 0x00, 0x00, 0x00, 0x00, 0x00, 0x00, 0x00, 0x00, 0x00,
    0x00, 0x00, 0x00, 0x00, 0x00, 0x00, 0x00, 0x00, 0x00, 0x00, 0x00, 0x00, 0x00, 0x00, 0x00, 0x00,
    0x00, 0x00, 0x00, 0x00, 0x00, 0x00, 0x00, 0x00, 0x00, 0x00, 0x00, 0x00, 0x00, 0x00, 0x00, 0x00,
    0x00, 0x00, 0x00, 0x00, 0x00, 0x00, 0x00, 0x00, 0x00, 0x00, 0x00, 0x00, 0x00, 0x00, 0x00, 0x00,
    0x00, 0x00, 0x00, 0x00, 0x00, 0x00, 0x00, 0x00, 0x00, 0x00, 0x00, 0x00, 0x00, 0x00, 0x00, 0x00,
    0x00, 0x00, 0x00, 0x00, 0x00, 0x00, 0x00, 0x00, 0x00, 0x00, 0x00, 0x00, 0x00, 0x00, 0x00, 0x00,
    0x00, 0x00, 0x00, 0x00, 0x00, 0x00, 0x00, 0x00, 0x00, 0x00, 0x00, 0x00, 0x00, 0x00, 0x00, 0x00,
    0x00, 0x00, 0x00, 0x00, 0x00, 0x00, 0x00, 0x00, 0x00, 0x00, 0x00, 0x00, 0x00, 0x00, 0x00, 0x00,
    0x00, 0x00, 0x00, 0x00, 0x00, 0x00, 0x00, 0x00, 0x00, 0x00, 0x00, 0x00, 0x00, 0x00, 0x00, 0x00,
    0x00, 0x00, 0x00, 0x00, 0x00, 0x00, 0x00, 0x00, 0x00, 0x00, 0x00, 0x00, 0x00, 0x00, 0x00, 0x00,
    0x00, 0x00, 0x00, 0x00, 0x00, 0x00, 0x00, 0x00, 0x00, 0x00, 0x00, 0x00, 0x00, 0x00, 0x00, 0x00,
    0x00, 0x00, 0x00, 0x00, 0x00, 0x00, 0x00, 0x00, 0x00, 0x00, 0x00, 0x00, 0x00, 0x00, 0x00, 0x00,
    0x00, 0x00, 0x00, 0x00, 0x00, 0x00, 0x00, 0x00, 0x00, 0x00, 0x00, 0x00, 0x00, 0x00, 0x00, 0x00,
    0x00, 0x00, 0x00, 0x00, 0x00, 0x00, 0x00, 0x00, 0x00, 0x00, 0x00, 0x00, 0x00, 0x00, 0x00, 0x00,
    0x00, 0x00, 0x00, 0x00, 0x00, 0x00, 0x00, 0x00, 0x00, 0x00, 0x00, 0x00, 0x00, 0x00, 0x00, 0x00,
    0x00, 0x00, 0x00, 0x00, 0x00, 0x00, 0x00, 0x00, 0x00, 0x00, 0x00, 0x00, 0x00, 0x00, 0x00, 0x00,
    0x00, 0x00, 0x00, 0x00, 0x00, 0x00, 0x00, 0x00, 0x00, 0x00, 0x00, 0x00, 0x00, 0x00, 0x00, 0x00,
    0x00, 0x00, 0x00, 0x00, 0x00, 0x00, 0x00, 0x00, 0x00, 0x00, 0x00, 0x00, 0x00, 0x00, 0x00, 0x00,
    0x00, 0x00, 0x00, 0x00, 0x00, 0x00, 0x00, 0x00, 0x00, 0x00, 0x00, 0x00, 0x00, 0x00, 0x00, 0x00,
    0x00, 0x00, 0x00, 0x00, 0x00, 0x00, 0x00, 0x00, 0x00, 0x00, 0x00, 0x00, 0x00, 0x00, 0x00, 0x00,
    0x00, 0x00, 0x00, 0x00, 0x00, 0x00, 0x00, 0x00, 0x00, 0x00, 0x00, 0x00, 0x00, 0x00, 0x00, 0x00,
    0x00, 0x00, 0x00, 0x00, 0x00, 0x00, 0x00, 0x00, 0x00, 0x00, 0x00, 0x00, 0x00, 0x00, 0x00, 0x00,
    0x00, 0x00, 0x00, 0x00, 0x00, 0x00, 0x00, 0x00, 0x00, 0x00, 0x00, 0x00, 0x00, 0x00, 0x00, 0x00,
    0x00, 0x00, 0x00, 0x00, 0x00, 0x00, 0x00, 0x00, 0x00, 0x00, 0x00, 0x00, 0x00, 0x00, 0x00, 0x00,
    0x00, 0x00, 0x00, 0x00, 0x00, 0x00, 0x00, 0x00, 0x00, 0x00, 0x00, 0x00, 0x00, 0x00, 0x00, 0x00,
    0x00, 0x00, 0x00, 0x00, 0x00, 0x00, 0x00, 0x00, 0x00, 0x00, 0x00, 0x00, 0x00, 0x00, 0x00, 0x00,
    0x00, 0x00, 0x00, 0x00, 0x00, 0x00, 0x00, 0x00, 0x00, 0x00, 0x00, 0x00, 0x00, 0x00, 0x00, 0x00,
    0x00, 0x00, 0x00, 0x00, 0x00, 0x00, 0x00, 0x00, 0x00, 0x00, 0x00, 0x00, 0x00, 0x00, 0x00, 0x00,
    0x00, 0x00, 0x00, 0x00, 0x00, 0x00, 0x00, 0x00, 0x00, 0x00, 0x00, 0x00, 0x00, 0x00, 0x00, 0x00,
    0x00, 0x00, 0x00, 0x00, 0x00, 0x00, 0x00, 0x00, 0x00, 0x00, 0x00, 0x00, 0x00, 0x00, 0x00, 0x00,
    0x00, 0x00, 0x00, 0x00, 0x00, 0x00, 0x00, 0x00, 0x00, 0x00, 0x00, 0x00, 0x00, 0x00, 0x00, 0x00,
    0x00, 0x00, 0x00, 0x00, 0x00, 0x00, 0x00, 0x00, 0x00, 0x00, 0x00, 0x00, 0x00, 0x00, 0x00, 0x00,
    0x00, 0x00, 0x00, 0x00, 0x00, 0x00, 0x00, 0x00, 0x00, 0x00, 0x00, 0x00, 0x00, 0x00, 0x00, 0x00,
    0x00, 0x00, 0x00, 0x00, 0x00, 0x00, 0x00, 0x00, 0x00, 0x00, 0x00, 0x00, 0x00, 0x00, 0x00, 0x00,
    0x00, 0x00, 0x00, 0x00, 0x00, 0x00, 0x00, 0x00, 0x00, 0x00, 0x00, 0x00, 0x00, 0x00, 0x00, 0x00,
    0x00, 0x00, 0x00, 0x00, 0x00, 0x00, 0x00, 0x00, 0x00, 0x00, 0x00, 0x00, 0x00, 0x00, 0x00, 0x00,
    0x00, 0x00, 0x00, 0x00, 0x00, 0x00, 0x00, 0x00, 0x00, 0x00, 0x00, 0x00, 0x00, 0x00, 0x00, 0x00,
    0x00, 0x00, 0x00, 0x00, 0x00, 0x00, 0x00, 0x00, 0x00, 0x00, 0x00, 0x00, 0x00, 0x00, 0x00, 0x00,
    0x00, 0x00, 0x00, 0x00, 0x00, 0x00, 0x00, 0x00, 0x00, 0x00, 0x00, 0x00, 0x00, 0x00, 0x00, 0x00,
    0x00, 0x00, 0x00, 0x00, 0x00, 0x00, 0x00, 0x00, 0x00, 0x00, 0x00, 0x00, 0x00, 0x00, 0x00, 0x00,
    0x00, 0x00, 0x00, 0x00, 0x00, 0x00, 0x00, 0x00, 0x00, 0x00, 0x00, 0x00, 0x00, 0x00, 0x00, 0x00,
    0x00, 0x00, 0x00, 0x00, 0x00, 0x00, 0x00, 0x00, 0x00, 0x00, 0x00, 0x00, 0x00, 0x00, 0x00, 0x00,
    0x00, 0x00, 0x00, 0x00, 0x00, 0x00, 0x00, 0x00, 0x00, 0x00, 0x00, 0x00, 0x00, 0x00, 0x00, 0x00,
    0x01, 0x00, 0x00, 0x00, 0x00, 0x01, 0x00, 0x00, 0x01, 0x00, 0x00, 0x00, 0xb8, 0x57, 0x21, 0x00,
    0xb8, 0x57, 0x21, 0x00, 0x01, 0x00, 0x00, 0x00, 0x00, 0x00, 0x00, 0x00, 0x00, 0x00, 0x00, 0x00,
    0x00, 0x00, 0x00, 0x00, 0x00, 0x00, 0x00, 0x00, 0x00, 0x00, 0x00, 0x00, 0x00, 0x00, 0x00, 0x00,
    0x00, 0x00, 0x00, 0x00, 0x00, 0x00, 0x00, 0x00, 0x00, 0x00, 0x00, 0x00, 0x00, 0x00, 0x00, 0x00,
    0x00, 0x00, 0x00, 0x00, 0x00, 0x00, 0x00, 0x00, 0x00, 0x00, 0x00, 0x00, 0x00, 0x00, 0x00, 0x00,
    0x00, 0x00, 0x00, 0x00, 0x00, 0x00, 0x00, 0x00, 0x00, 0x00, 0x00, 0x00, 0x00, 0x00, 0x00, 0x00,
    0x00, 0x00, 0x00, 0x00, 0x00, 0x00, 0x00, 0x00, 0x00, 0x00, 0x00, 0x00, 0x00, 0x00, 0x00, 0x00,
    0x00, 0x00, 0x00, 0x00, 0x00, 0x00, 0x00, 0x00, 0x00, 0x00, 0x00, 0x00, 0x00, 0x00, 0x00, 0x00,
    0x00, 0x00, 0x00, 0x00, 0x00, 0x00, 0x00, 0x00, 0x00, 0x00, 0x00, 0x00, 0x00, 0x00, 0x00, 0x00,
    0x00, 0x00, 0x00, 0x00, 0x00, 0x00, 0x00, 0x00, 0x00, 0x00, 0x00, 0x00, 0x00, 0x00, 0x00, 0x00,
    0x00, 0x00, 0x00, 0x00, 0x00, 0x00, 0x00, 0x00, 0x00, 0x00, 0x00, 0x00, 0x00, 0x00, 0x00, 0x00,
    0x00, 0x00, 0x00, 0x00, 0x00, 0x00, 0x00, 0x00, 0x00, 0x00, 0x00, 0x00, 0x00, 0x00, 0x00, 0x00,
    0x00, 0x00, 0x00, 0x00, 0x00, 0x00, 0x00, 0x00, 0x00, 0x00, 0x00, 0x00, 0x00, 0x00, 0x00, 0x00,
    0x00, 0x00, 0x00, 0x00, 0x00, 0x00, 0x00, 0x00, 0x00, 0x00, 0x00, 0x00, 0x00, 0x00, 0x00, 0x00,
    0x00, 0x00, 0x00, 0x00, 0x00, 0x00, 0x00, 0x00, 0x00, 0x00, 0x00, 0x00, 0x00, 0x00, 0x00, 0x00,
    0x00, 0x00, 0x00, 0x00, 0x00, 0x00, 0x00, 0x00, 0x00, 0x00, 0x00, 0x00, 0x00, 0x00, 0x00, 0x00,
    0x00, 0x00, 0x00, 0x00, 0x00, 0x00, 0x00, 0x00, 0x00, 0x00, 0x00, 0x00, 0x00, 0x00, 0x00, 0x00,
    0x00, 0x00, 0x00, 0x00, 0x00, 0x00, 0x00, 0x00, 0x00, 0x00, 0x00, 0x00, 0x00, 0x00, 0x00, 0x00,
    0x00, 0x00, 0x00, 0x00, 0x00, 0x00, 0x00, 0x00, 0x00, 0x00, 0x00, 0x00, 0x00, 0x00, 0x00, 0x00,
    0x00, 0x00, 0x00, 0x00, 0x00, 0x00, 0x00, 0x00, 0x00, 0x00, 0x00, 0x00, 0x00, 0x00, 0x00, 0x00,
    0x00, 0x00, 0x00, 0x00, 0x00, 0x00, 0x00, 0x00, 0x00, 0x00, 0x00, 0x00, 0x00, 0x00, 0x00, 0x00,
    0x00, 0x00, 0x00, 0x00, 0x00, 0x00, 0x00, 0x00, 0x00, 0x00, 0x00, 0x00, 0x00, 0x00, 0x00, 0x00,
    0x00, 0x00, 0x00, 0x00, 0x00, 0x00, 0x00, 0x00, 0x00, 0x00, 0x00, 0x00, 0x00, 0x00, 0x00, 0x00,
    0x00, 0x00, 0x00, 0x00, 0x00, 0x00, 0x00, 0x00, 0x00, 0x00, 0x00, 0x00, 0x00, 0x00, 0x00, 0x00,
    0x00, 0x00, 0x00, 0x00, 0x00, 0x00, 0x00, 0x00, 0x00, 0x00, 0x00, 0x00, 0x00, 0x00, 0x00, 0x00,
    0x00, 0x00, 0x00, 0x00, 0x00, 0x00, 0x00, 0x00, 0x00, 0x00, 0x00, 0x00, 0x00, 0x00, 0x00, 0x00,
    0x00, 0x00, 0x00, 0x00, 0x00, 0x00, 0x00, 0x00, 0x00, 0x00, 0x00, 0x00, 0x00, 0x00, 0x00, 0x00,
    0x00, 0x00, 0x00, 0x00, 0x00, 0x00, 0x00, 0x00, 0x00, 0x00, 0x00, 0x00, 0x00, 0x00, 0x00, 0x00,
    0x00, 0x00, 0x00, 0x00, 0x00, 0x00, 0x00, 0x00, 0x00, 0x00, 0x00, 0x00, 0x00, 0x00, 0x00, 0x00,
    0x00, 0x00, 0x00, 0x00, 0x00, 0x00, 0x00, 0x00, 0x00, 0x00, 0x00, 0x00, 0x00, 0x00, 0x00, 0x00,
    0x00, 0x00, 0x00, 0x00, 0x00, 0x00, 0x00, 0x00, 0x00, 0x00, 0x00, 0x00, 0x00, 0x00, 0x00, 0x00,
    0x00, 0x00, 0x00, 0x00, 0x00, 0x00, 0x00, 0x00, 0x00, 0x00, 0x00, 0x00, 0x00, 0x00, 0x00, 0x00,
    0x00, 0x00, 0x00, 0x00, 0x00, 0x00, 0x00, 0x00, 0x00, 0x00, 0x00, 0x00, 0x00, 0x00, 0x00, 0x00,
    0x00, 0x00, 0x00, 0x00, 0x00, 0x00, 0x00, 0x00, 0x00, 0x00, 0x00, 0x00, 0x00, 0x00, 0x00, 0x00,
    0x00, 0x00, 0x00, 0x00, 0x00, 0x00, 0x00, 0x00, 0x00, 0x00, 0x00, 0x00, 0x00, 0x00, 0x00, 0x00,
    0x00, 0x00, 0x00, 0x00, 0x00, 0x00, 0x00, 0x00, 0x00, 0x00, 0x00, 0x00, 0x00, 0x00, 0x00, 0x00,
    0x00, 0x00, 0x00, 0x00, 0x00, 0x00, 0x00, 0x00, 0x00, 0x00, 0x00, 0x00, 0x00, 0x00, 0x00, 0x00,
    0x00, 0x00, 0x00, 0x00, 0x00, 0x00, 0x00, 0x00, 0x00, 0x00, 0x00, 0x00, 0x00, 0x00, 0x00, 0x00,
    0x00, 0x00, 0x00, 0x00, 0x00, 0x00, 0x00, 0x00, 0x00, 0x00, 0x00, 0x00, 0x00, 0x00, 0x00, 0x00,
    0x00, 0x00, 0x00, 0x00, 0x00, 0x00, 0x00, 0x00, 0x00, 0x00, 0x00, 0x00, 0x00, 0x00, 0x00, 0x00,
    0x00, 0x00, 0x00, 0x00, 0x00, 0x00, 0x00, 0x00, 0x00, 0x00, 0x00, 0x00, 0x00, 0x00, 0x00, 0x00,
    0x00, 0x00, 0x00, 0x00, 0x00, 0x00, 0x00, 0x00, 0x00, 0x00, 0x00, 0x00, 0x00, 0x00, 0x00, 0x00,
    0x00, 0x00, 0x00, 0x00, 0x00, 0x00, 0x00, 0x00, 0x00, 0x00, 0x00, 0x00, 0x00, 0x00, 0x00, 0x00,
    0x00, 0x00, 0x00, 0x00, 0x00, 0x00, 0x00, 0x00, 0x00, 0x00, 0x00, 0x00, 0x00, 0x00, 0x00, 0x00,
    0x00, 0x00, 0x00, 0x00, 0x00, 0x00, 0x00, 0x00, 0x00, 0x00, 0x00, 0x00, 0x00, 0x00, 0x00, 0x00,
    0x00, 0x00, 0x00, 0x00, 0x00, 0x00, 0x00, 0x00, 0x00, 0x00, 0x00, 0x00, 0x00, 0x00, 0x00, 0x00,
    0x00, 0x00, 0x00, 0x00, 0x00, 0x00, 0x00, 0x00, 0x00, 0x00, 0x00, 0x00, 0x00, 0x00, 0x00, 0x00,
    0x00, 0x00, 0x00, 0x00, 0x00, 0x00, 0x00, 0x00, 0x00, 0x00, 0x00, 0x00, 0x00, 0x00, 0x00, 0x00,
    0x00, 0x00, 0x00, 0x00, 0x00, 0x00, 0x00, 0x00, 0x00, 0x00, 0x00, 0x00, 0x00, 0x00, 0x00, 0x00,
    0x00, 0x00, 0x00, 0x00, 0x00, 0x00, 0x00, 0x00, 0x00, 0x00, 0x00, 0x00, 0x00, 0x00, 0x00, 0x00,
    0x00, 0x00, 0x00, 0x00, 0x00, 0x00, 0x00, 0x00, 0x00, 0x00, 0x00, 0x00, 0x00, 0x00, 0x00, 0x00,
    0x00, 0x00, 0x00, 0x00, 0x00, 0x00, 0x00, 0x00, 0x00, 0x00, 0x00, 0x00, 0x00, 0x00, 0x00, 0x00,
    0x00, 0x00, 0x00, 0x00, 0x00, 0x00, 0x00, 0x00, 0x00, 0x00, 0x00, 0x00, 0x00, 0x00, 0x00, 0x00,
    0x00, 0x00, 0x00, 0x00, 0x00, 0x00, 0x00, 0x00, 0x00, 0x00, 0x00, 0x00, 0x00, 0x00, 0x00, 0x00,
    0x00, 0x00, 0x00, 0x00, 0x00, 0x00, 0x00, 0x00, 0x00, 0x00, 0x00, 0x00, 0x00, 0x00, 0x00, 0x00,
    0x00, 0x00, 0x00, 0x00, 0x00, 0x00, 0x00, 0x00, 0x00, 0x00, 0x00, 0x00, 0x00, 0x00, 0x00, 0x00,
    0x00, 0x00, 0x00, 0x00, 0x00, 0x00, 0x00, 0x00, 0x00, 0x00, 0x00, 0x00, 0x00, 0x00, 0x00, 0x00,
    0x00, 0x00, 0x00, 0x00, 0x00, 0x00, 0x00, 0x00, 0x00, 0x00, 0x00, 0x00, 0x00, 0x00, 0x00, 0x00,
    0x00, 0x00, 0x00, 0x00, 0x00, 0x00, 0x00, 0x00, 0x00, 0x00, 0x00, 0x00, 0x00, 0x00, 0x00, 0x00,
    0x00, 0x00, 0x00, 0x00, 0x00, 0x00, 0x00, 0x00, 0x00, 0x00, 0x00, 0x00, 0x00, 0x00, 0x00, 0x00,
    0x00, 0x00, 0x00, 0x00, 0x00, 0x00, 0x00, 0x00, 0x00, 0x00, 0x00, 0x00, 0x00, 0x00, 0x00, 0x00,
    0x00, 0x00, 0x00, 0x00, 0x00, 0x00, 0x00, 0x00, 0x00, 0x00, 0x00, 0x00, 0x00, 0x00, 0x00, 0x00,
    0x00, 0x00, 0x00, 0x00, 0x00, 0x00, 0x00, 0x00, 0x00, 0x00, 0x00, 0x00, 0x00, 0x00, 0x00, 0x00,
    0x00, 0x00, 0x00, 0x00, 0x00, 0x00, 0x00, 0x00, 0x00, 0x00, 0x00, 0x00, 0x00, 0x00, 0x00, 0x00,
    0x00, 0x00, 0x00, 0x00, 0x00, 0x00, 0x00, 0x00, 0x00, 0x00, 0x00, 0x00, 0x00, 0x00, 0x00, 0x00,
    0x00, 0x00, 0x00, 0x00, 0x00, 0x00, 0x00, 0x00, 0x00, 0x00, 0x00, 0x00, 0x00, 0x00, 0x00, 0x00,
    0x00, 0x00, 0x00, 0x00, 0x00, 0x00, 0x00, 0x00, 0x00, 0x00, 0x00, 0x00, 0x00, 0x00, 0x00, 0x00,
    0x00, 0x00, 0x00, 0x00, 0x00, 0x00, 0x00, 0x00, 0x00, 0x00, 0x00, 0x00, 0x00, 0x00, 0x00, 0x00,
    0x00, 0x00, 0x00, 0x00, 0x00, 0x00, 0x00, 0x00, 0x00, 0x00, 0x00, 0x00, 0x00, 0x00, 0x00, 0x00,
    0x00, 0x00, 0x00, 0x00, 0x00, 0x00, 0x00, 0x00, 0x00, 0x00, 0x00, 0x00, 0x00, 0x00, 0x00, 0x00,
    0x00, 0x00, 0x00, 0x00, 0x00, 0x00, 0x00, 0x00, 0x00, 0x00, 0x00, 0x00, 0x00, 0x00, 0x00, 0x00,
    0x00, 0x00, 0x00, 0x00, 0x00, 0x00, 0x00, 0x00, 0x00, 0x00, 0x00, 0x00, 0x00, 0x00, 0x00, 0x00,
    0x00, 0x00, 0x00, 0x00, 0x00, 0x00, 0x00, 0x00, 0x00, 0x00, 0x00, 0x00, 0x00, 0x00, 0x00, 0x00,
    0x00, 0x00, 0x00, 0x00, 0x00, 0x00, 0x00, 0x00, 0x00, 0x00, 0x00, 0x00, 0x00, 0x00, 0x00, 0x00,
    0x00, 0x00, 0x00, 0x00, 0x00, 0x00, 0x00, 0x00, 0x00, 0x00, 0x00, 0x00, 0x00, 0x00, 0x00, 0x00,
    0x00, 0x00, 0x00, 0x00, 0x00, 0x00, 0x00, 0x00, 0x00, 0x00, 0x00, 0x00, 0x00, 0x00, 0x00, 0x00,
    0x00, 0x00, 0x00, 0x00, 0x00, 0x00, 0x00, 0x00, 0x00, 0x00, 0x00, 0x00, 0x00, 0x00, 0x00, 0x00,
    0x00, 0x00, 0x00, 0x00, 0x00, 0x00, 0x00, 0x00, 0x00, 0x00, 0x00, 0x00, 0x00, 0x00, 0x00, 0x00,
    0x00, 0x00, 0x00, 0x00, 0x00, 0x00, 0x00, 0x00, 0x00, 0x00, 0x00, 0x00, 0x00, 0x00, 0x00, 0x00,
    0x00, 0x00, 0x00, 0x00, 0x00, 0x00, 0x00, 0x00, 0x00, 0x00, 0x00, 0x00, 0x00, 0x00, 0x00, 0x00,
    0x00, 0x00, 0x00, 0x00, 0x00, 0x00, 0x00, 0x00, 0x00, 0x00, 0x00, 0x00, 0x00, 0x00, 0x00, 0x00,
    0x00, 0x00, 0x00, 0x00, 0x00, 0x00, 0x00, 0x00, 0x00, 0x00, 0x00, 0x00, 0x00, 0x00, 0x00, 0x00,
    0x00, 0x00, 0x00, 0x00, 0x00, 0x00, 0x00, 0x00, 0x00, 0x00, 0x00, 0x00, 0x00, 0x00, 0x00, 0x00,
    0x00, 0x00, 0x00, 0x00, 0x00, 0x00, 0x00, 0x00, 0x00, 0x00, 0x00, 0x00, 0x00, 0x00, 0x00, 0x00,
    0x00, 0x00, 0x00, 0x00, 0x00, 0x00, 0x00, 0x00, 0x00, 0x00, 0x00, 0x00, 0x00, 0x00, 0x00, 0x00,
    0x00, 0x00, 0x00, 0x00, 0x00, 0x00, 0x00, 0x00, 0x00, 0x00, 0x00, 0x00, 0x00, 0x00, 0x00, 0x00,
    0x00, 0x00, 0x00, 0x00, 0x00, 0x00, 0x00, 0x00, 0x00, 0x00, 0x00, 0x00, 0x00, 0x00, 0x00, 0x00,
    0x00, 0x00, 0x00, 0x00, 0x00, 0x00, 0x00, 0x00, 0x00, 0x00, 0x00, 0x00, 0x00, 0x00, 0x00, 0x00,
    0x00, 0x00, 0x00, 0x00, 0x00, 0x00, 0x00, 0x00, 0x00, 0x00, 0x00, 0x00, 0x00, 0x00, 0x00, 0x00,
    0x00, 0x00, 0x00, 0x00, 0x00, 0x00, 0x00, 0x00, 0x00, 0x00, 0x00, 0x00, 0x00, 0x00, 0x00, 0x00,
    0x00, 0x00, 0x00, 0x00, 0x00, 0x00, 0x00, 0x00, 0x00, 0x00, 0x00, 0x00, 0x00, 0x00, 0x00, 0x00,
    0x00, 0x00, 0x00, 0x00, 0x00, 0x00, 0x00, 0x00, 0x00, 0x00, 0x00, 0x00, 0x00, 0x00, 0x00, 0x00,
    0x00, 0x00, 0x00, 0x00, 0x00, 0x00, 0x00, 0x00, 0x00, 0x00, 0x00, 0x00, 0x00, 0x00, 0x00, 0x00,
    0x00, 0x00, 0x00, 0x00, 0x00, 0x00, 0x00, 0x00, 0x00, 0x00, 0x00, 0x00, 0x00, 0x00, 0x00, 0x00,
    0x00, 0x00, 0x00, 0x00, 0x00, 0x00, 0x00, 0x00, 0x00, 0x00, 0x00, 0x00, 0x00, 0x00, 0x00, 0x00,
    0x00, 0x00, 0x00, 0x00, 0x00, 0x00, 0x00, 0x00, 0x00, 0x00, 0x00, 0x00, 0x00, 0x00, 0x00, 0x00,
    0x00, 0x00, 0x00, 0x00, 0x00, 0x00, 0x00, 0x00, 0x00, 0x00, 0x00, 0x00, 0x00, 0x00, 0x00, 0x00,
    0x00, 0x00, 0x00, 0x00, 0x00, 0x00, 0x00, 0x00, 0x00, 0x00, 0x00, 0x00, 0x00, 0x00, 0x00, 0x00,
    0x00, 0x00, 0x00, 0x00, 0x00, 0x00, 0x00, 0x00, 0x00, 0x00, 0x00, 0x00, 0x00, 0x00, 0x00, 0x00,
    0x00, 0x00, 0x00, 0x00, 0x00, 0x00, 0x00, 0x00, 0x00, 0x00, 0x00, 0x00, 0x00, 0x00, 0x00, 0x00,
    0x00, 0x00, 0x00, 0x00, 0x00, 0x00, 0x00, 0x00, 0x00, 0x00, 0x00, 0x00, 0x00, 0x00, 0x00, 0x00,
    0x00, 0x00, 0x00, 0x00, 0x00, 0x00, 0x00, 0x00, 0x00, 0x00, 0x00, 0x00, 0x00, 0x00, 0x00, 0x00,
    0x00, 0x00, 0x00, 0x00, 0x00, 0x00, 0x00, 0x00, 0x00, 0x00, 0x00, 0x00, 0x00, 0x00, 0x00, 0x00,
    0x00, 0x00, 0x00, 0x00, 0x00, 0x00, 0x00, 0x00, 0x00, 0x00, 0x00, 0x00, 0x00, 0x00, 0x00, 0x00,
    0x00, 0x00, 0x00, 0x00, 0x00, 0x00, 0x00, 0x00, 0x00, 0x00, 0x00, 0x00, 0x00, 0x00, 0x00, 0x00,
    0x00, 0x00, 0x00, 0x00, 0x00, 0x00, 0x00, 0x00, 0x00, 0x00, 0x00, 0x00, 0x00, 0x00, 0x00, 0x00,
    0x00, 0x00, 0x00, 0x00, 0x00, 0x00, 0x00, 0x00, 0x00, 0x00, 0x00, 0x00, 0x00, 0x00, 0x00, 0x00,
    0x00, 0x00, 0x00, 0x00, 0x00, 0x00, 0x00, 0x00, 0x00, 0x00, 0x00, 0x00, 0x00, 0x00, 0x00, 0x00,
    0x00, 0x00, 0x00, 0x00, 0x00, 0x00, 0x00, 0x00, 0x00, 0x00, 0x00, 0x00, 0x00, 0x00, 0x00, 0x00,
    0x00, 0x00, 0x00, 0x00, 0x00, 0x00, 0x00, 0x00, 0x00, 0x00, 0x00, 0x00, 0x00, 0x00, 0x00, 0x00,
    0x00, 0x00, 0x00, 0x00, 0x00, 0x00, 0x00, 0x00, 0x00, 0x00, 0x00, 0x00, 0x00, 0x00, 0x00, 0x00,
    0x00, 0x00, 0x00, 0x00, 0x00, 0x00, 0x00, 0x00, 0x00, 0x00, 0x00, 0x00, 0x00, 0x00, 0x00, 0x00,
    0x00, 0x00, 0x00, 0x00, 0x00, 0x00, 0x00, 0x00, 0x00, 0x00, 0x00, 0x00, 0x00, 0x00, 0x00, 0x00,
    0x00, 0x00, 0x00, 0x00, 0x00, 0x00, 0x00, 0x00, 0x00, 0x00, 0x00, 0x00, 0x00, 0x00, 0x00, 0x00,
    0x00, 0x00, 0x00, 0x00, 0x00, 0x00, 0x00, 0x00, 0x00, 0x00, 0x00, 0x00, 0x00, 0x00, 0x00, 0x00,
    0x00, 0x00, 0x00, 0x00, 0x00, 0x00, 0x00, 0x00, 0x00, 0x00, 0x00, 0x00, 0x00, 0x00, 0x00, 0x00,
    0x00, 0x00, 0x00, 0x00, 0x00, 0x00, 0x00, 0x00, 0x00, 0x00, 0x00, 0x00, 0x00, 0x00, 0x00, 0x00,
    0x00, 0x00, 0x00, 0x00, 0x00, 0x00, 0x00, 0x00, 0x00, 0x00, 0x00, 0x00, 0x00, 0x00, 0x00, 0x00,
    0x00, 0x00, 0x00, 0x00, 0x00, 0x00, 0x00, 0x00, 0x00, 0x00, 0x00, 0x00, 0x00, 0x00, 0x00, 0x00,
    0x00, 0x00, 0x00, 0x00, 0x00, 0x00, 0x00, 0x00, 0x00, 0x00, 0x00, 0x00, 0x00, 0x00, 0x00, 0x00,
    0x00, 0x00, 0x00, 0x00, 0x00, 0x00, 0x00, 0x00, 0x00, 0x00, 0x00, 0x00, 0x00, 0x00, 0x00, 0x00,
    0x00, 0x00, 0x00, 0x00, 0x00, 0x00, 0x00, 0x00, 0x00, 0x00, 0x00, 0x00, 0x00, 0x00, 0x00, 0x00,
    0x00, 0x00, 0x00, 0x00, 0x00, 0x00, 0x00, 0x00, 0x00, 0x00, 0x00, 0x00, 0x00, 0x00, 0x00, 0x00,
    0x00, 0x00, 0x00, 0x00, 0x00, 0x00, 0x00, 0x00, 0x00, 0x00, 0x00, 0x00, 0x00, 0x00, 0x00, 0x00,
    0x00, 0x00, 0x00, 0x00, 0x00, 0x00, 0x00, 0x00, 0x00, 0x00, 0x00, 0x00, 0x00, 0x00, 0x00, 0x00,
    0x00, 0x00, 0x00, 0x00, 0x00, 0x00, 0x00, 0x00, 0x00, 0x00, 0x00, 0x00, 0x00, 0x00, 0x00, 0x00,
    0x00, 0x00, 0x00, 0x00, 0x00, 0x00, 0x00, 0x00, 0x00, 0x00, 0x00, 0x00, 0x00, 0x00, 0x00, 0x00,
    0x00, 0x00, 0x00, 0x00, 0x00, 0x00, 0x00, 0x00, 0x00, 0x00, 0x00, 0x00, 0x00, 0x00, 0x00, 0x00,
    0x00, 0x00, 0x00, 0x00, 0x00, 0x00, 0x00, 0x00, 0x00, 0x00, 0x00, 0x00, 0x00, 0x00, 0x00, 0x00,
    0x00, 0x00, 0x00, 0x00, 0x00, 0x00, 0x00, 0x00, 0x00, 0x00, 0x00, 0x00, 0x00, 0x00, 0x00, 0x00,
    0x00, 0x00, 0x00, 0x00, 0x00, 0x00, 0x00, 0x00, 0x00, 0x00, 0x00, 0x00, 0x00, 0x00, 0x00, 0x00,
    0x00, 0x00, 0x00, 0x00, 0x00, 0x00, 0x00, 0x00, 0x00, 0x00, 0x00, 0x00, 0x00, 0x00, 0x00, 0x00,
    0x00, 0x00, 0x00, 0x00, 0x00, 0x00, 0x00, 0x00, 0x00, 0x00, 0x00, 0x00, 0x00, 0x00, 0x00, 0x00,
    0x00, 0x00, 0x00, 0x00, 0x00, 0x00, 0x00, 0x00, 0x00, 0x00, 0x00, 0x00, 0x00, 0x00, 0x00, 0x00,
    0x00, 0x00, 0x00, 0x00, 0x00, 0x00, 0x00, 0x00, 0x00, 0x00, 0x00, 0x00, 0x00, 0x00, 0x00, 0x00,
    0x00, 0x00, 0x00, 0x00, 0x00, 0x00, 0x00, 0x00, 0x00, 0x00, 0x00, 0x00, 0x00, 0x00, 0x00, 0x00,
    0x00, 0x00, 0x00, 0x00, 0x00, 0x00, 0x00, 0x00, 0x00, 0x00, 0x00, 0x00, 0x00, 0x00, 0x00, 0x00,
    0x00, 0x00, 0x00, 0x00, 0x00, 0x00, 0x00, 0x00, 0x00, 0x00, 0x00, 0x00, 0x00, 0x00, 0x00, 0x00,
    0x00, 0x00, 0x00, 0x00, 0x00, 0x00, 0x00, 0x00, 0x00, 0x00, 0x00, 0x00, 0x00, 0x00, 0x00, 0x00,
    0x00, 0x00, 0x00, 0x00, 0x00, 0x00, 0x00, 0x00, 0x00, 0x00, 0x00, 0x00, 0x00, 0x00, 0x00, 0x00,
    0x00, 0x00, 0x00, 0x00, 0x00, 0x00, 0x00, 0x00, 0x00, 0x00, 0x00, 0x00, 0x00, 0x00, 0x00, 0x00,
    0x00, 0x00, 0x00, 0x00, 0x00, 0x00, 0x00, 0x00, 0x00, 0x00, 0x00, 0x00, 0x00, 0x00, 0x00, 0x00,
    0x00, 0x00, 0x00, 0x00, 0x00, 0x00, 0x00, 0x00, 0x00, 0x00, 0x00, 0x00, 0x00, 0x00, 0x00, 0x00,
    0x00, 0x00, 0x00, 0x00, 0x00, 0x00, 0x00, 0x00, 0x00, 0x00, 0x00, 0x00, 0x00, 0x00, 0x00, 0x00,
    0x00, 0x00, 0x00, 0x00, 0x00, 0x00, 0x00, 0x00, 0x00, 0x00, 0x00, 0x00, 0x00, 0x00, 0x00, 0x00,
    0x00, 0x00, 0x00, 0x00, 0x00, 0x00, 0x00, 0x00, 0x00, 0x00, 0x00, 0x00, 0x00, 0x00, 0x00, 0x00,
    0x00, 0x00, 0x00, 0x00, 0x00, 0x00, 0x00, 0x00, 0x00, 0x00, 0x00, 0x00, 0x00, 0x00, 0x00, 0x00,
    0x00, 0x00, 0x00, 0x00, 0x00, 0x00, 0x00, 0x00, 0x00, 0x00, 0x00, 0x00, 0x00, 0x00, 0x00, 0x00,
    0x00, 0x00, 0x00, 0x00, 0x00, 0x00, 0x00, 0x00, 0x00, 0x00, 0x00, 0x00, 0x00, 0x00, 0x00, 0x00,
    0x00, 0x00, 0x00, 0x00, 0x00, 0x00, 0x00, 0x00, 0x00, 0x00, 0x00, 0x00, 0x00, 0x00, 0x00, 0x00,
    0x00, 0x00, 0x00, 0x00, 0x00, 0x00, 0x00, 0x00, 0x00, 0x00, 0x00, 0x00, 0x00, 0x00, 0x00, 0x00,
    0x00, 0x00, 0x00, 0x00, 0x00, 0x00, 0x00, 0x00, 0x00, 0x00, 0x00, 0x00, 0x00, 0x00, 0x00, 0x00,
    0x00, 0x00, 0x00, 0x00, 0x00, 0x00, 0x00, 0x00, 0x00, 0x00, 0x00, 0x00, 0x00, 0x00, 0x00, 0x00,
    0x00, 0x00, 0x00, 0x00, 0x00, 0x00, 0x00, 0x00, 0x00, 0x00, 0x00, 0x00, 0x00, 0x00, 0x00, 0x00,
    0x00, 0x00, 0x00, 0x00, 0x00, 0x00, 0x00, 0x00, 0x00, 0x00, 0x00, 0x00, 0x00, 0x00, 0x00, 0x00,
    0x00, 0x00, 0x00, 0x00, 0x00, 0x00, 0x00, 0x00, 0x00, 0x00, 0x00, 0x00, 0x00, 0x00, 0x00, 0x00,
    0x00, 0x00, 0x00, 0x00, 0x00, 0x00, 0x00, 0x00, 0x00, 0x00, 0x00, 0x00, 0x00, 0x00, 0x00, 0x00,
    0x00, 0x00, 0x00, 0x00, 0x00, 0x00, 0x00, 0x00, 0x00, 0x00, 0x00, 0x00, 0x00, 0x00, 0x00, 0x00,
    0x00, 0x00, 0x00, 0x00, 0x00, 0x00, 0x00, 0x00, 0x00, 0x00, 0x00, 0x00, 0x00, 0x00, 0x00, 0x00,
    0x00, 0x00, 0x00, 0x00, 0x00, 0x00, 0x00, 0x00, 0x00, 0x00, 0x00, 0x00, 0x00, 0x00, 0x00, 0x00,
    0x00, 0x00, 0x00, 0x00, 0x00, 0x00, 0x00, 0x00, 0x00, 0x00, 0x00, 0x00, 0x00, 0x00, 0x00, 0x00,
    0x00, 0x00, 0x00, 0x00, 0x00, 0x00, 0x00, 0x00, 0x00, 0x00, 0x00, 0x00, 0x00, 0x00, 0x00, 0x00,
    0x00, 0x00, 0x00, 0x00, 0x00, 0x00, 0x00, 0x00, 0x00, 0x00, 0x00, 0x00, 0x00, 0x00, 0x00, 0x00,
    0x00, 0x00, 0x00, 0x00, 0x00, 0x00, 0x00, 0x00, 0x00, 0x00, 0x00, 0x00, 0x00, 0x00, 0x00, 0x00,
    0x00, 0x00, 0x00, 0x00, 0x00, 0x00, 0x00, 0x00, 0x00, 0x00, 0x00, 0x00, 0x00, 0x00, 0x00, 0x00,
    0x00, 0x00, 0x00, 0x00, 0x00, 0x00, 0x00, 0x00, 0x00, 0x00, 0x00, 0x00, 0x00, 0x00, 0x00, 0x00,
    0x00, 0x00, 0x00, 0x00, 0x00, 0x00, 0x00, 0x00, 0x00, 0x00, 0x00, 0x00, 0x00, 0x00, 0x00, 0x00,
    0x00, 0x00, 0x00, 0x00, 0x00, 0x00, 0x00, 0x00, 0x00, 0x00, 0x00, 0x00, 0x00, 0x00, 0x00, 0x00,
    0x00, 0x00, 0x00, 0x00, 0x00, 0x00, 0x00, 0x00, 0x00, 0x00, 0x00, 0x00, 0x00, 0x00, 0x00, 0x00,
    0x00, 0x00, 0x00, 0x00, 0x00, 0x00, 0x00, 0x00, 0x00, 0x00, 0x00, 0x00, 0x00, 0x00, 0x00, 0x00,
    0x00, 0x00, 0x00, 0x00, 0x00, 0x00, 0x00, 0x00, 0x00, 0x00, 0x00, 0x00, 0x00, 0x00, 0x00, 0x00,
    0x00, 0x00, 0x00, 0x00, 0x00, 0x00, 0x00, 0x00, 0x00, 0x00, 0x00, 0x00, 0x00, 0x00, 0x00, 0x00,
    0x00, 0x00, 0x00, 0x00, 0x00, 0x00, 0x00, 0x00, 0x00, 0x00, 0x00, 0x00, 0x00, 0x00, 0x00, 0x00,
    0x00, 0x00, 0x00, 0x00, 0x00, 0x00, 0x00, 0x00, 0x00, 0x00, 0x00, 0x00, 0x00, 0x00, 0x00, 0x00,
    0x00, 0x00, 0x00, 0x00, 0x00, 0x00, 0x00, 0x00, 0x00, 0x00, 0x00, 0x00, 0x00, 0x00, 0x00, 0x00,
    0x00, 0x00, 0x00, 0x00, 0x00, 0x00, 0x00, 0x00, 0x00, 0x00, 0x00, 0x00, 0x00, 0x00, 0x00, 0x00,
    0x00, 0x00, 0x00, 0x00, 0x00, 0x00, 0x00, 0x00, 0x00, 0x00, 0x00, 0x00, 0x00, 0x00, 0x00, 0x00,
    0x00, 0x00, 0x00, 0x00, 0x00, 0x00, 0x00, 0x00, 0x00, 0x00, 0x00, 0x00, 0x00, 0x00, 0x00, 0x00,
    0x00, 0x00, 0x00, 0x00, 0x00, 0x00, 0x00, 0x00, 0x00, 0x00, 0x00, 0x00, 0x00, 0x00, 0x00, 0x00,
    0x00, 0x00, 0x00, 0x00, 0x00, 0x00, 0x00, 0x00, 0x00, 0x00, 0x00, 0x00, 0x00, 0x00, 0x00, 0x00,
    0x00, 0x00, 0x00, 0x00, 0x00, 0x00, 0x00, 0x00, 0x00, 0x00, 0x00, 0x00, 0x00, 0x00, 0x00, 0x00,
    0x00, 0x00, 0x00, 0x00, 0x00, 0x00, 0x00, 0x00, 0x00, 0x00, 0x00, 0x00, 0x00, 0x00, 0x00, 0x00,
    0x00, 0x00, 0x00, 0x00, 0x00, 0x00, 0x00, 0x00, 0x00, 0x00, 0x00, 0x00, 0x00, 0x00, 0x00, 0x00,
    0x00, 0x00, 0x00, 0x00, 0x00, 0x00, 0x00, 0x00, 0x00, 0x00, 0x00, 0x00, 0x00, 0x00, 0x00, 0x00,
    0x00, 0x00, 0x00, 0x00, 0x00, 0x00, 0x00, 0x00, 0x00, 0x00, 0x00, 0x00, 0x00, 0x00, 0x00, 0x00,
    0x00, 0x00, 0x00, 0x00, 0x00, 0x00, 0x00, 0x00, 0x00, 0x00, 0x00, 0x00, 0x00, 0x00, 0x00, 0x00,
    0x00, 0x00, 0x00, 0x00, 0x00, 0x00, 0x00, 0x00, 0x00, 0x00, 0x00, 0x00, 0x00, 0x00, 0x00, 0x00,
    0x00, 0x00, 0x00, 0x00, 0x00, 0x00, 0x00, 0x00, 0x00, 0x00, 0x00, 0x00, 0x00, 0x00, 0x00, 0x00,
    0x00, 0x00, 0x00, 0x00, 0x00, 0x00, 0x00, 0x00, 0x00, 0x00, 0x00, 0x00, 0x00, 0x00, 0x00, 0x00,
    0x00, 0x00, 0x00, 0x00, 0x00, 0x00, 0x00, 0x00, 0x00, 0x00, 0x00, 0x00, 0x00, 0x00, 0x00, 0x00,
    0x00, 0x00, 0x00, 0x00, 0x00, 0x00, 0x00, 0x00, 0x00, 0x00, 0x00, 0x00, 0x00, 0x00, 0x00, 0x00,
    0x00, 0x00, 0x00, 0x00, 0x00, 0x00, 0x00, 0x00, 0x00, 0x00, 0x00, 0x00, 0x00, 0x00, 0x00, 0x00,
    0x00, 0x00, 0x00, 0x00, 0x00, 0x00, 0x00, 0x00, 0x00, 0x00, 0x00, 0x00, 0x00, 0x00, 0x00, 0x00,
    0x00, 0x00, 0x00, 0x00, 0x00, 0x00, 0x00, 0x00, 0x00, 0x00, 0x00, 0x00, 0x00, 0x00, 0x00, 0x00,
    0x00, 0x00, 0x00, 0x00, 0x00, 0x00, 0x00, 0x00, 0x00, 0x00, 0x00, 0x00, 0x00, 0x00, 0x00, 0x00,
    0x00, 0x00, 0x00, 0x00, 0x00, 0x00, 0x00, 0x00, 0x00, 0x00, 0x00, 0x00, 0x00, 0x00, 0x00, 0x00,
    0x00, 0x00, 0x00, 0x00, 0x00, 0x00, 0x00, 0x00, 0x00, 0x00, 0x00, 0x00, 0x00, 0x00, 0x00, 0x00,
    0x00, 0x00, 0x00, 0x00, 0x00, 0x00, 0x00, 0x00, 0x00, 0x00, 0x00, 0x00, 0x00, 0x00, 0x00, 0x00,
    0x00, 0x00, 0x00, 0x00, 0x00, 0x00, 0x00, 0x00, 0x00, 0x00, 0x00, 0x00, 0x00, 0x00, 0x00, 0x00,
    0x00, 0x00, 0x00, 0x00, 0x00, 0x00, 0x00, 0x00, 0x00, 0x00, 0x00, 0x00, 0x00, 0x00, 0x00, 0x00,
    0x00, 0x00, 0x00, 0x00, 0x00, 0x00, 0x00, 0x00, 0x00, 0x00, 0x00, 0x00, 0x00, 0x00, 0x00, 0x00,
    0x00, 0x00, 0x00, 0x00, 0x00, 0x00, 0x00, 0x00, 0x00, 0x00, 0x00, 0x00, 0x00, 0x00, 0x00, 0x00,
    0x00, 0x00, 0x00, 0x00, 0x00, 0x00, 0x00, 0x00, 0x00, 0x00, 0x00, 0x00, 0x00, 0x00, 0x00, 0x00,
    0x00, 0x00, 0x00, 0x00, 0x00, 0x00, 0x00, 0x00, 0x00, 0x00, 0x00, 0x00, 0x00, 0x00, 0x00, 0x00,
    0x00, 0x00, 0x00, 0x00, 0x00, 0x00, 0x00, 0x00, 0x00, 0x00, 0x00, 0x00, 0x00, 0x00, 0x00, 0x00,
    0x00, 0x00, 0x00, 0x00, 0x00, 0x00, 0x00, 0x00, 0x00, 0x00, 0x00, 0x00, 0x00, 0x00, 0x00, 0x00,
    0x00, 0x00, 0x00, 0x00, 0x00, 0x00, 0x00, 0x00, 0x00, 0x00, 0x00, 0x00, 0x00, 0x00, 0x00, 0x00,
    0x00, 0x00, 0x00, 0x00, 0x00, 0x00, 0x00, 0x00, 0x00, 0x00, 0x00, 0x00, 0x00, 0x00, 0x00, 0x00,
    0x00, 0x00, 0x00, 0x00, 0x00, 0x00, 0x00, 0x00, 0x00, 0x00, 0x00, 0x00, 0x00, 0x00, 0x00, 0x00,
    0x00, 0x00, 0x00, 0x00, 0x00, 0x00, 0x00, 0x00, 0x00, 0x00, 0x00, 0x00, 0x00, 0x00, 0x00, 0x00,
    0x00, 0x00, 0x00, 0x00, 0x00, 0x00, 0x00, 0x00, 0x00, 0x00, 0x00, 0x00, 0x00, 0x00, 0x00, 0x00,
    0x00, 0x00, 0x00, 0x00, 0x00, 0x00, 0x00, 0x00, 0x00, 0x00, 0x00, 0x00, 0x00, 0x00, 0x00, 0x00,
    0x00, 0x00, 0x00, 0x00, 0x00, 0x00, 0x00, 0x00, 0x00, 0x00, 0x00, 0x00, 0x00, 0x00, 0x00, 0x00,
    0x00, 0x00, 0x00, 0x00, 0x00, 0x00, 0x00, 0x00, 0x00, 0x00, 0x00, 0x00, 0x00, 0x00, 0x00, 0x00,
    0x00, 0x00, 0x00, 0x00, 0x00, 0x00, 0x00, 0x00, 0x00, 0x00, 0x00, 0x00, 0x00, 0x00, 0x00, 0x00,
    0x00, 0x00, 0x00, 0x00, 0x00, 0x00, 0x00, 0x00, 0x00, 0x00, 0x00, 0x00, 0x00, 0x00, 0x00, 0x00,
    0x00, 0x00, 0x00, 0x00, 0x00, 0x00, 0x00, 0x00, 0x00, 0x00, 0x00, 0x00, 0x00, 0x00, 0x00, 0x00,
    0x00, 0x00, 0x00, 0x00, 0x00, 0x00, 0x00, 0x00, 0x00, 0x00, 0x00, 0x00, 0x00, 0x00, 0x00, 0x00,
    0x00, 0x00, 0x00, 0x00, 0x00, 0x00, 0x00, 0x00, 0x00, 0x00, 0x00, 0x00, 0x00, 0x00, 0x00, 0x00,
    0x00, 0x00, 0x00, 0x00, 0x00, 0x00, 0x00, 0x00, 0x00, 0x00, 0x00, 0x00, 0x00, 0x00, 0x00, 0x00,
    0x00, 0x00, 0x00, 0x00, 0x00, 0x00, 0x00, 0x00, 0x00, 0x00, 0x00, 0x00, 0x00, 0x00, 0x00, 0x00,
    0x00, 0x00, 0x00, 0x00, 0x00, 0x00, 0x00, 0x00, 0x00, 0x00, 0x00, 0x00, 0x00, 0x00, 0x00, 0x00,
    0x00, 0x00, 0x00, 0x00, 0x00, 0x00, 0x00, 0x00, 0x00, 0x00, 0x00, 0x00, 0x00, 0x00, 0x00, 0x00,
    0x00, 0x00, 0x00, 0x00, 0x00, 0x00, 0x00, 0x00, 0x00, 0x00, 0x00, 0x00, 0x00, 0x00, 0x00, 0x00,
    0x00, 0x00, 0x00, 0x00, 0x00, 0x00, 0x00, 0x00, 0x00, 0x00, 0x00, 0x00, 0x00, 0x00, 0x00, 0x00,
    0x00, 0x00, 0x00, 0x00, 0x00, 0x00, 0x00, 0x00, 0x00, 0x00, 0x00, 0x00, 0x00, 0x00, 0x00, 0x00,
    0x00, 0x00, 0x00, 0x00, 0x00, 0x00, 0x00, 0x00, 0x00, 0x00, 0x00, 0x00, 0x00, 0x00, 0x00, 0x00,
    0x00, 0x00, 0x00, 0x00, 0x00, 0x00, 0x00, 0x00, 0x00, 0x00, 0x00, 0x00, 0x00, 0x00, 0x00, 0x00,
    0x00, 0x00, 0x00, 0x00, 0x00, 0x00, 0x00, 0x00, 0x00, 0x00, 0x00, 0x00, 0x00, 0x00, 0x00, 0x00,
    0x00, 0x00, 0x00, 0x00, 0x00, 0x00, 0x00, 0x00, 0x00, 0x00, 0x00, 0x00, 0x00, 0x00, 0x00, 0x00,
    0x00, 0x00, 0x00, 0x00, 0x00, 0x00, 0x00, 0x00, 0x00, 0x00, 0x00, 0x00, 0x00, 0x00, 0x00, 0x00,
    0x00, 0x00, 0x00, 0x00, 0x00, 0x00, 0x00, 0x00, 0x00, 0x00, 0x00, 0x00, 0x00, 0x00, 0x00, 0x00,
    0x00, 0x00, 0x00, 0x00, 0x00, 0x00, 0x00, 0x00, 0x00, 0x00, 0x00, 0x00, 0x00, 0x00, 0x00, 0x00,
    0x00, 0x00, 0x00, 0x00, 0x00, 0x00, 0x00, 0x00, 0x00, 0x00, 0x00, 0x00, 0x00, 0x00, 0x00, 0x00,
    0x00, 0x00, 0x00, 0x00, 0x00, 0x00, 0x00, 0x00, 0x00, 0x00, 0x00, 0x00, 0x00, 0x00, 0x00, 0x00,
    0x00, 0x00, 0x00, 0x00, 0x00, 0x00, 0x00, 0x00, 0x00, 0x00, 0x00, 0x00, 0x00, 0x00, 0x00, 0x00,
    0x00, 0x00, 0x00, 0x00, 0x00, 0x00, 0x00, 0x00, 0x00, 0x00, 0x00, 0x00, 0x00, 0x00, 0x00, 0x00,
    0x00, 0x00, 0x00, 0x00, 0x00, 0x00, 0x00, 0x00, 0x00, 0x00, 0x00, 0x00, 0x00, 0x00, 0x00, 0x00,
    0x00, 0x00, 0x00, 0x00, 0x00, 0x00, 0x00, 0x00, 0x00, 0x00, 0x00, 0x00, 0x00, 0x00, 0x00, 0x00,
    0x00, 0x00, 0x00, 0x00, 0x00, 0x00, 0x00, 0x00, 0x00, 0x00, 0x00, 0x00, 0x00, 0x00, 0x00, 0x00,
    0x00, 0x00, 0x00, 0x00, 0x00, 0x00, 0x00, 0x00, 0x00, 0x00, 0x00, 0x00, 0x00, 0x00, 0x00, 0x00,
    0x00, 0x00, 0x00, 0x00, 0x00, 0x00, 0x00, 0x00, 0x00, 0x00, 0x00, 0x00, 0x00, 0x00, 0x00, 0x00,
    0x00, 0x00, 0x00, 0x00, 0x00, 0x00, 0x00, 0x00, 0x00, 0x00, 0x00, 0x00, 0x00, 0x00, 0x00, 0x00,
    0x00, 0x00, 0x00, 0x00, 0x00, 0x00, 0x00, 0x00, 0x00, 0x00, 0x00, 0x00, 0x00, 0x00, 0x00, 0x00,
    0x00, 0x00, 0x00, 0x00, 0x00, 0x00, 0x00, 0x00, 0x00, 0x00, 0x00, 0x00, 0x00, 0x00, 0x00, 0x00,
    0x00, 0x00, 0x00, 0x00, 0x00, 0x00, 0x00, 0x00, 0x00, 0x00, 0x00, 0x00, 0x00, 0x00, 0x00, 0x00,
    0x00, 0x00, 0x00, 0x00, 0x00, 0x00, 0x00, 0x00, 0x00, 0x00, 0x00, 0x00, 0x00, 0x00, 0x00, 0x00,
    0x00, 0x00, 0x00, 0x00, 0x00, 0x00, 0x00, 0x00, 0x00, 0x00, 0x00, 0x00, 0x00, 0x00, 0x00, 0x00,
    0x00, 0x00, 0x00, 0x00, 0x00, 0x00, 0x00, 0x00, 0x00, 0x00, 0x00, 0x00, 0x00, 0x00, 0x00, 0x00,
    0x00, 0x00, 0x00, 0x00, 0x00, 0x00, 0x00, 0x00, 0x00, 0x00, 0x00, 0x00, 0x00, 0x00, 0x00, 0x00,
    0x00, 0x00, 0x00, 0x00, 0x00, 0x00, 0x00, 0x00, 0x00, 0x00, 0x00, 0x00, 0x00, 0x00, 0x00, 0x00,
    0x00, 0x00, 0x00, 0x00, 0x00, 0x00, 0x00, 0x00, 0x00, 0x00, 0x00, 0x00, 0x00, 0x00, 0x00, 0x00,
    0x00, 0x00, 0x00, 0x00, 0x00, 0x00, 0x00, 0x00, 0x00, 0x00, 0x00, 0x00, 0x00, 0x00, 0x00, 0x00,
    0x00, 0x00, 0x00, 0x00, 0x00, 0x00, 0x00, 0x00, 0x00, 0x00, 0x00, 0x00, 0x00, 0x00, 0x00, 0x00,
    0x00, 0x00, 0x00, 0x00, 0x00, 0x00, 0x00, 0x00, 0x00, 0x00, 0x00, 0x00, 0x00, 0x00, 0x00, 0x00,
    0x00, 0x00, 0x00, 0x00, 0x00, 0x00, 0x00, 0x00, 0x00, 0x00, 0x00, 0x00, 0x00, 0x00, 0x00, 0x00,
    0x00, 0x00, 0x00, 0x00, 0x00, 0x00, 0x00, 0x00, 0x00, 0x00, 0x00, 0x00, 0x00, 0x00, 0x00, 0x00,
    0x00, 0x00, 0x00, 0x00, 0x00, 0x00, 0x00, 0x00, 0x00, 0x00, 0x00, 0x00, 0x00, 0x00, 0x00, 0x00,
    0x00, 0x00, 0x00, 0x00, 0x00, 0x00, 0x00, 0x00, 0x00, 0x00, 0x00, 0x00, 0x00, 0x00, 0x00, 0x00,
    0x00, 0x00, 0x00, 0x00, 0x00, 0x00, 0x00, 0x00, 0x00, 0x00, 0x00, 0x00, 0x00, 0x00, 0x00, 0x00,
    0x00, 0x00, 0x00, 0x00, 0x00, 0x00, 0x00, 0x00, 0x00, 0x00, 0x00, 0x00, 0x00, 0x00, 0x00, 0x00,
    0x00, 0x00, 0x00, 0x00, 0x00, 0x00, 0x00, 0x00, 0x00, 0x00, 0x00, 0x00, 0x00, 0x00, 0x00, 0x00,
    0x00, 0x00, 0x00, 0x00, 0x00, 0x00, 0x00, 0x00, 0x00, 0x00, 0x00, 0x00, 0x00, 0x00, 0x00, 0x00,
    0x00, 0x00, 0x00, 0x00, 0x00, 0x00, 0x00, 0x00, 0x00, 0x00, 0x00, 0x00, 0x00, 0x00, 0x00, 0x00,
    0x00, 0x00, 0x00, 0x00, 0x00, 0x00, 0x00, 0x00, 0x00, 0x00, 0x00, 0x00, 0x00, 0x00, 0x00, 0x00,
    0x00, 0x00, 0x00, 0x00, 0x00, 0x00, 0x00, 0x00, 0x00, 0x00, 0x00, 0x00, 0x00, 0x00, 0x00, 0x00,
    0x00, 0x00, 0x00, 0x00, 0x00, 0x00, 0x00, 0x00, 0x00, 0x00, 0x00, 0x00, 0x00, 0x00, 0x00, 0x00,
    0x00, 0x00, 0x00, 0x00, 0x00, 0x00, 0x00, 0x00, 0x00, 0x00, 0x00, 0x00, 0x00, 0x00, 0x00, 0x00,
    0x00, 0x00, 0x00, 0x00, 0x00, 0x00, 0x00, 0x00, 0x00, 0x00, 0x00, 0x00, 0x00, 0x00, 0x00, 0x00,
    0x00, 0x00, 0x00, 0x00, 0x00, 0x00, 0x00, 0x00, 0x00, 0x00, 0x00, 0x00, 0x00, 0x00, 0x00, 0x00,
    0x00, 0x00, 0x00, 0x00, 0x00, 0x00, 0x00, 0x00, 0x00, 0x00, 0x00, 0x00, 0x00, 0x00, 0x00, 0x00,
    0x00, 0x00, 0x00, 0x00, 0x00, 0x00, 0x00, 0x00, 0x00, 0x00, 0x00, 0x00, 0x00, 0x00, 0x00, 0x00,
    0x00, 0x00, 0x00, 0x00, 0x00, 0x00, 0x00, 0x00, 0x00, 0x00, 0x00, 0x00, 0x00, 0x00, 0x00, 0x00,
    0x00, 0x00, 0x00, 0x00, 0x00, 0x00, 0x00, 0x00, 0x00, 0x00, 0x00, 0x00, 0x00, 0x00, 0x00, 0x00,
    0x00, 0x00, 0x00, 0x00, 0x00, 0x00, 0x00, 0x00, 0x00, 0x00, 0x00, 0x00, 0x00, 0x00, 0x00, 0x00,
    0x00, 0x00, 0x00, 0x00, 0x00, 0x00, 0x00, 0x00, 0x00, 0x00, 0x00, 0x00, 0x00, 0x00, 0x00, 0x00,
    0x00, 0x00, 0x00, 0x00, 0x00, 0x00, 0x00, 0x00, 0x00, 0x00, 0x00, 0x00, 0x00, 0x00, 0x00, 0x00,
    0x00, 0x00, 0x00, 0x00, 0x00, 0x00, 0x00, 0x00, 0x00, 0x00, 0x00, 0x00, 0x00, 0x00, 0x00, 0x00,
    0x00, 0x00, 0x00, 0x00, 0x00, 0x00, 0x00, 0x00, 0x00, 0x00, 0x00, 0x00, 0x00, 0x00, 0x00, 0x00,
    0x00, 0x00, 0x00, 0x00, 0x00, 0x00, 0x00, 0x00, 0x00, 0x00, 0x00, 0x00, 0x00, 0x00, 0x00, 0x00,
    0x00, 0x00, 0x00, 0x00, 0x00, 0x00, 0x00, 0x00, 0x00, 0x00, 0x00, 0x00, 0x00, 0x00, 0x00, 0x00,
    0x00, 0x00, 0x00, 0x00, 0x00, 0x00, 0x00, 0x00, 0x00, 0x00, 0x00, 0x00, 0x00, 0x00, 0x00, 0x00,
    0x00, 0x00, 0x00, 0x00, 0x00, 0x00, 0x00, 0x00, 0x00, 0x00, 0x00, 0x00, 0x00, 0x00, 0x00, 0x00,
    0x00, 0x00, 0x00, 0x00, 0x00, 0x00, 0x00, 0x00, 0x00, 0x00, 0x00, 0x00, 0x00, 0x00, 0x00, 0x00,
    0x00, 0x00, 0x00, 0x00, 0x00, 0x00, 0x00, 0x00, 0x00, 0x00, 0x00, 0x00, 0x00, 0x00, 0x00, 0x00,
    0x00, 0x00, 0x00, 0x00, 0x00, 0x00, 0x00, 0x00, 0x00, 0x00, 0x00, 0x00, 0x00, 0x00, 0x00, 0x00,
    0x00, 0x00, 0x00, 0x00, 0x00, 0x00, 0x00, 0x00, 0x00, 0x00, 0x00, 0x00, 0x00, 0x00, 0x00, 0x00,
    0x00, 0x00, 0x00, 0x00, 0x00, 0x00, 0x00, 0x00, 0x00, 0x00, 0x00, 0x00, 0x00, 0x00, 0x00, 0x00,
    0x00, 0x00, 0x00, 0x00, 0x00, 0x00, 0x00, 0x00, 0x00, 0x00, 0x00, 0x00, 0x00, 0x00, 0x00, 0x00,
    0x00, 0x00, 0x00, 0x00, 0x00, 0x00, 0x00, 0x00, 0x00, 0x00, 0x00, 0x00, 0x00, 0x00, 0x00, 0x00,
    0x00, 0x00, 0x00, 0x00, 0x00, 0x00, 0x00, 0x00, 0x00, 0x00, 0x00, 0x00, 0x00, 0x00, 0x00, 0x00,
    0x00, 0x00, 0x00, 0x00, 0x00, 0x00, 0x00, 0x00, 0x00, 0x00, 0x00, 0x00, 0x00, 0x00, 0x00, 0x00,
    0x00, 0x00, 0x00, 0x00, 0x00, 0x00, 0x00, 0x00, 0x00, 0x00, 0x00, 0x00, 0x00, 0x00, 0x00, 0x00,
    0x00, 0x00, 0x00, 0x00, 0x00, 0x00, 0x00, 0x00, 0x00, 0x00, 0x00, 0x00, 0x00, 0x00, 0x00, 0x00,
    0x00, 0x00, 0x00, 0x00, 0x00, 0x00, 0x00, 0x00, 0x00, 0x00, 0x00, 0x00, 0x00, 0x00, 0x00, 0x00,
    0x00, 0x00, 0x00, 0x00, 0x00, 0x00, 0x00, 0x00, 0x00, 0x00, 0x00, 0x00, 0x00, 0x00, 0x00, 0x00,
    0x00, 0x00, 0x00, 0x00, 0x00, 0x00, 0x00, 0x00, 0x00, 0x00, 0x00, 0x00, 0x00, 0x00, 0x00, 0x00,
    0x00, 0x00, 0x00, 0x00, 0x00, 0x00, 0x00, 0x00, 0x00, 0x00, 0x00, 0x00, 0x00, 0x00, 0x00, 0x00,
    0x00, 0x00, 0x00, 0x00, 0x00, 0x00, 0x00, 0x00, 0x00, 0x00, 0x00, 0x00, 0x00, 0x00, 0x00, 0x00,
    0x00, 0x00, 0x00, 0x00, 0x00, 0x00, 0x00, 0x00, 0x00, 0x00, 0x00, 0x00, 0x00, 0x00, 0x00, 0x00,
    0x00, 0x00, 0x00, 0x00, 0x00, 0x00, 0x00, 0x00, 0x00, 0x00, 0x00, 0x00, 0x00, 0x00, 0x00, 0x00,
    0x00, 0x00, 0x00, 0x00, 0x00, 0x00, 0x00, 0x00, 0x00, 0x00, 0x00, 0x00, 0x00, 0x00, 0x00, 0x00,
    0x00, 0x00, 0x00, 0x00, 0x00, 0x00, 0x00, 0x00, 0x00, 0x00, 0x00, 0x00, 0x00, 0x00, 0x00, 0x00,
    0x00, 0x00, 0x00, 0x00, 0x00, 0x00, 0x00, 0x00, 0x00, 0x00, 0x00, 0x00, 0x00, 0x00, 0x00, 0x00,
    0x00, 0x00, 0x00, 0x00, 0x00, 0x00, 0x00, 0x00, 0x00, 0x00, 0x00, 0x00, 0x00, 0x00, 0x00, 0x00,
    0x00, 0x00, 0x00, 0x00, 0x00, 0x00, 0x00, 0x00, 0x00, 0x00, 0x00, 0x00, 0x00, 0x00, 0x00, 0x00,
    0x00, 0x00, 0x00, 0x00, 0x00, 0x00, 0x00, 0x00, 0x00, 0x00, 0x00, 0x00, 0x00, 0x00, 0x00, 0x00,
    0x00, 0x00, 0x00, 0x00, 0x00, 0x00, 0x00, 0x00, 0x00, 0x00, 0x00, 0x00, 0x00, 0x00, 0x00, 0x00,
    0x00, 0x00, 0x00, 0x00, 0x00, 0x00, 0x00, 0x00, 0x00, 0x00, 0x00, 0x00, 0x00, 0x00, 0x00, 0x00,
    0x00, 0x00, 0x00, 0x00, 0x00, 0x00, 0x00, 0x00, 0x00, 0x00, 0x00, 0x00, 0x00, 0x00, 0x00, 0x00,
    0x00, 0x00, 0x00, 0x00, 0x00, 0x00, 0x00, 0x00, 0x00, 0x00, 0x00, 0x00, 0x00, 0x00, 0x00, 0x00,
    0x00, 0x00, 0x00, 0x00, 0x00, 0x00, 0x00, 0x00, 0x00, 0x00, 0x00, 0x00, 0x00, 0x00, 0x00, 0x00,
    0x00, 0x00, 0x00, 0x00, 0x00, 0x00, 0x00, 0x00, 0x00, 0x00, 0x00, 0x00, 0x00, 0x00, 0x00, 0x00,
    0x00, 0x00, 0x00, 0x00, 0x00, 0x00, 0x00, 0x00, 0x00, 0x00, 0x00, 0x00, 0x00, 0x00, 0x00, 0x00,
    0x00, 0x00, 0x00, 0x00, 0x00, 0x00, 0x00, 0x00, 0x00, 0x00, 0x00, 0x00, 0x00, 0x00, 0x00, 0x00,
    0x00, 0x00, 0x00, 0x00, 0x00, 0x00, 0x00, 0x00, 0x00, 0x00, 0x00, 0x00, 0x00, 0x00, 0x00, 0x00,
    0x00, 0x00, 0x00, 0x00, 0x00, 0x00, 0x00, 0x00, 0x00, 0x00, 0x00, 0x00, 0x00, 0x00, 0x00, 0x00,
    0x00, 0x00, 0x00, 0x00, 0x00, 0x00, 0x00, 0x00, 0x00, 0x00, 0x00, 0x00, 0x00, 0x00, 0x00, 0x00,
    0x00, 0x00, 0x00, 0x00, 0x00, 0x00, 0x00, 0x00, 0x00, 0x00, 0x00, 0x00, 0x00, 0x00, 0x00, 0x00,
    0x00, 0x00, 0x00, 0x00, 0x00, 0x00, 0x00, 0x00, 0x00, 0x00, 0x00, 0x00, 0x00, 0x00, 0x00, 0x00,
    0x00, 0x00, 0x00, 0x00, 0x00, 0x00, 0x00, 0x00, 0x00, 0x00, 0x00, 0x00, 0x00, 0x00, 0x00, 0x00,
    0x00, 0x00, 0x00, 0x00, 0x00, 0x00, 0x00, 0x00, 0x00, 0x00, 0x00, 0x00, 0x00, 0x00, 0x00, 0x00,
    0x00, 0x00, 0x00, 0x00, 0x00, 0x00, 0x00, 0x00, 0x00, 0x00, 0x00, 0x00, 0x00, 0x00, 0x00, 0x00,
    0x00, 0x00, 0x00, 0x00, 0x00, 0x00, 0x00, 0x00, 0x00, 0x00, 0x00, 0x00, 0x00, 0x00, 0x00, 0x00,
    0x00, 0x00, 0x00, 0x00, 0x00, 0x00, 0x00, 0x00, 0x00, 0x00, 0x00, 0x00, 0x00, 0x00, 0x00, 0x00,
    0x00, 0x00, 0x00, 0x00, 0x00, 0x00, 0x00, 0x00, 0x00, 0x00, 0x00, 0x00, 0x00, 0x00, 0x00, 0x00,
    0x00, 0x00, 0x00, 0x00, 0x00, 0x00, 0x00, 0x00, 0x00, 0x00, 0x00, 0x00, 0x00, 0x00, 0x00, 0x00,
    0x00, 0x00, 0x00, 0x00, 0x00, 0x00, 0x00, 0x00, 0x00, 0x00, 0x00, 0x00, 0x00, 0x00, 0x00, 0x00,
    0x00, 0x00, 0x00, 0x00, 0x00, 0x00, 0x00, 0x00, 0x00, 0x00, 0x00, 0x00, 0x00, 0x00, 0x00, 0x00,
    0x00, 0x00, 0x00, 0x00, 0x00, 0x00, 0x00, 0x00, 0x00, 0x00, 0x00, 0x00, 0x00, 0x00, 0x00, 0x00,
    0x00, 0x00, 0x00, 0x00, 0x00, 0x00, 0x00, 0x00, 0x00, 0x00, 0x00, 0x00, 0x00, 0x00, 0x00, 0x00,
    0x00, 0x00, 0x00, 0x00, 0x00, 0x00, 0x00, 0x00, 0x00, 0x00, 0x00, 0x00, 0x00, 0x00, 0x00, 0x00,
    0x00, 0x00, 0x00, 0x00, 0x00, 0x00, 0x00, 0x00, 0x00, 0x00, 0x00, 0x00, 0x00, 0x00, 0x00, 0x00,
    0x00, 0x00, 0x00, 0x00, 0x00, 0x00, 0x00, 0x00, 0x00, 0x00, 0x00, 0x00, 0x00, 0x00, 0x00, 0x00,
    0x00, 0x00, 0x00, 0x00, 0x00, 0x00, 0x00, 0x00, 0x00, 0x00, 0x00, 0x00, 0x00, 0x00, 0x00, 0x00,
    0x00, 0x00, 0x00, 0x00, 0x00, 0x00, 0x00, 0x00, 0x00, 0x00, 0x00, 0x00, 0x00, 0x00, 0x00, 0x00,
    0x00, 0x00, 0x00, 0x00, 0x00, 0x00, 0x00, 0x00, 0x00, 0x00, 0x00, 0x00, 0x00, 0x00, 0x00, 0x00,
    0x00, 0x00, 0x00, 0x00, 0x00, 0x00, 0x00, 0x00, 0x00, 0x00, 0x00, 0x00, 0x00, 0x00, 0x00, 0x00,
    0x00, 0x00, 0x00, 0x00, 0x00, 0x00, 0x00, 0x00, 0x00, 0x00, 0x00, 0x00, 0x00, 0x00, 0x00, 0x00,
    0x00, 0x00, 0x00, 0x00, 0x00, 0x00, 0x00, 0x00, 0x00, 0x00, 0x00, 0x00, 0x00, 0x00, 0x00, 0x00,
    0x00, 0x00, 0x00, 0x00, 0x00, 0x00, 0x00, 0x00, 0x00, 0x00, 0x00, 0x00, 0x00, 0x00, 0x00, 0x00,
    0x00, 0x00, 0x00, 0x00, 0x00, 0x00, 0x00, 0x00, 0x00, 0x00, 0x00, 0x00, 0x00, 0x00, 0x00, 0x00,
    0x00, 0x00, 0x00, 0x00, 0x00, 0x00, 0x00, 0x00, 0x00, 0x00, 0x00, 0x00, 0x00, 0x00, 0x00, 0x00,
    0x00, 0x00, 0x00, 0x00, 0x00, 0x00, 0x00, 0x00, 0x00, 0x00, 0x00, 0x00, 0x00, 0x00, 0x00, 0x00,
    0x00, 0x00, 0x00, 0x00, 0x00, 0x00, 0x00, 0x00, 0x00, 0x00, 0x00, 0x00, 0x00, 0x00, 0x00, 0x00,
    0x00, 0x00, 0x00, 0x00, 0x00, 0x00, 0x00, 0x00, 0x00, 0x00, 0x00, 0x00, 0x00, 0x00, 0x00, 0x00,
    0x00, 0x00, 0x00, 0x00, 0x00, 0x00, 0x00, 0x00, 0x00, 0x00, 0x00, 0x00, 0x00, 0x00, 0x00, 0x00,
    0x00, 0x00, 0x00, 0x00, 0x00, 0x00, 0x00, 0x00, 0x00, 0x00, 0x00, 0x00, 0x00, 0x00, 0x00, 0x00,
    0x00, 0x00, 0x00, 0x00, 0x00, 0x00, 0x00, 0x00, 0x00, 0x00, 0x00, 0x00, 0x00, 0x00, 0x00, 0x00,
    0x00, 0x00, 0x00, 0x00, 0x00, 0x00, 0x00, 0x00, 0x00, 0x00, 0x00, 0x00, 0x00, 0x00, 0x00, 0x00,
    0x00, 0x00, 0x00, 0x00, 0x00, 0x00, 0x00, 0x00, 0x00, 0x00, 0x00, 0x00, 0x00, 0x00, 0x00, 0x00,
    0x00, 0x00, 0x00, 0x00, 0x00, 0x00, 0x00, 0x00, 0x00, 0x00, 0x00, 0x00, 0x00, 0x00, 0x00, 0x00,
    0x00, 0x00, 0x00, 0x00, 0x00, 0x00, 0x00, 0x00, 0x00, 0x00, 0x00, 0x00, 0x00, 0x00, 0x00, 0x00,
    0x00, 0x00, 0x00, 0x00, 0x00, 0x00, 0x00, 0x00, 0x00, 0x00, 0x00, 0x00, 0x00, 0x00, 0x00, 0x00,
    0x00, 0x00, 0x00, 0x00, 0x00, 0x00, 0x00, 0x00, 0x00, 0x00, 0x00, 0x00, 0x00, 0x00, 0x00, 0x00,
    0x00, 0x00, 0x00, 0x00, 0x00, 0x00, 0x00, 0x00, 0x00, 0x00, 0x00, 0x00, 0x00, 0x00, 0x00, 0x00,
    0x00, 0x00, 0x00, 0x00, 0x00, 0x00, 0x00, 0x00, 0x00, 0x00, 0x00, 0x00, 0x00, 0x00, 0x00, 0x00,
    0x00, 0x00, 0x00, 0x00, 0x00, 0x00, 0x00, 0x00, 0x00, 0x00, 0x00, 0x00, 0x00, 0x00, 0x00, 0x00,
    0x00, 0x00, 0x00, 0x00, 0x00, 0x00, 0x00, 0x00, 0x00, 0x00, 0x00, 0x00, 0x00, 0x00, 0x00, 0x00,
    0x00, 0x00, 0x00, 0x00, 0x00, 0x00, 0x00, 0x00, 0x00, 0x00, 0x00, 0x00, 0x00, 0x00, 0x00, 0x00,
    0x00, 0x00, 0x00, 0x00, 0x00, 0x00, 0x00, 0x00, 0x00, 0x00, 0x00, 0x00, 0x00, 0x00, 0x00, 0x00,
    0x00, 0x00, 0x00, 0x00, 0x00, 0x00, 0x00, 0x00, 0x00, 0x00, 0x00, 0x00, 0x00, 0x00, 0x00, 0x00,
    0x00, 0x00, 0x00, 0x00, 0x00, 0x00, 0x00, 0x00, 0x00, 0x00, 0x00, 0x00, 0x00, 0x00, 0x00, 0x00,
    0x00, 0x00, 0x00, 0x00, 0x00, 0x00, 0x00, 0x00, 0x00, 0x00, 0x00, 0x00, 0x00, 0x00, 0x00, 0x00,
    0x00, 0x00, 0x00, 0x00, 0x00, 0x00, 0x00, 0x00, 0x00, 0x00, 0x00, 0x00, 0x00, 0x00, 0x00, 0x00,
    0x00, 0x00, 0x00, 0x00, 0x00, 0x00, 0x00, 0x00, 0x00, 0x00, 0x00, 0x00, 0x00, 0x00, 0x00, 0x00,
    0x00, 0x00, 0x00, 0x00, 0x00, 0x00, 0x00, 0x00, 0x00, 0x00, 0x00, 0x00, 0x00, 0x00, 0x00, 0x00,
    0x00, 0x00, 0x00, 0x00, 0x00, 0x00, 0x00, 0x00, 0x00, 0x00, 0x00, 0x00, 0x00, 0x00, 0x00, 0x00,
    0x00, 0x00, 0x00, 0x00, 0x00, 0x00, 0x00, 0x00, 0x00, 0x00, 0x00, 0x00, 0x00, 0x00, 0x00, 0x00,
    0x00, 0x00, 0x00, 0x00, 0x00, 0x00, 0x00, 0x00, 0x00, 0x00, 0x00, 0x00, 0x00, 0x00, 0x00, 0x00,
    0x00, 0x00, 0x00, 0x00, 0x00, 0x00, 0x00, 0x00, 0x00, 0x00, 0x00, 0x00, 0x00, 0x00, 0x00, 0x00,
    0x00, 0x00, 0x00, 0x00, 0x00, 0x00, 0x00, 0x00, 0x00, 0x00, 0x00, 0x00, 0x00, 0x00, 0x00, 0x00,
    0x00, 0x00, 0x00, 0x00, 0x00, 0x00, 0x00, 0x00, 0x00, 0x00, 0x00, 0x00, 0x00, 0x00, 0x00, 0x00,
    0x00, 0x00, 0x00, 0x00, 0x00, 0x00, 0x00, 0x00, 0x00, 0x00, 0x00, 0x00, 0x00, 0x00, 0x00, 0x00,
    0x00, 0x00, 0x00, 0x00, 0x00, 0x00, 0x00, 0x00, 0x00, 0x00, 0x00, 0x00, 0x00, 0x00, 0x00, 0x00,
    0x00, 0x00, 0x00, 0x00, 0x00, 0x00, 0x00, 0x00, 0x00, 0x00, 0x00, 0x00, 0x00, 0x00, 0x00, 0x00,
    0x00, 0x00, 0x00, 0x00, 0x00, 0x00, 0x00, 0x00, 0x00, 0x00, 0x00, 0x00, 0x00, 0x00, 0x00, 0x00,
    0x00, 0x00, 0x00, 0x00, 0x00, 0x00, 0x00, 0x00, 0x00, 0x00, 0x00, 0x00, 0x00, 0x00, 0x00, 0x00,
    0x00, 0x00, 0x00, 0x00, 0x00, 0x00, 0x00, 0x00, 0x00, 0x00, 0x00, 0x00, 0x00, 0x00, 0x00, 0x00,
    0x00, 0x00, 0x00, 0x00, 0x00, 0x00, 0x00, 0x00, 0x00, 0x00, 0x00, 0x00, 0x00, 0x00, 0x00, 0x00,
    0x00, 0x00, 0x00, 0x00, 0x00, 0x00, 0x00, 0x00, 0x00, 0x00, 0x00, 0x00, 0x00, 0x00, 0x00, 0x00,
    0x00, 0x00, 0x00, 0x00, 0x00, 0x00, 0x00, 0x00, 0x00, 0x00, 0x00, 0x00, 0x00, 0x00, 0x00, 0x00,
    0x00, 0x00, 0x00, 0x00, 0x00, 0x00, 0x00, 0x00, 0x00, 0x00, 0x00, 0x00, 0x00, 0x00, 0x00, 0x00,
    0x00, 0x00, 0x00, 0x00, 0x00, 0x00, 0x00, 0x00, 0x00, 0x00, 0x00, 0x00, 0x00, 0x00, 0x00, 0x00,
    0x00, 0x00, 0x00, 0x00, 0x00, 0x00, 0x00, 0x00, 0x00, 0x00, 0x00, 0x00, 0x00, 0x00, 0x00, 0x00,
    0x00, 0x00, 0x00, 0x00, 0x00, 0x00, 0x00, 0x00, 0x00, 0x00, 0x00, 0x00, 0x00, 0x00, 0x00, 0x00,
    0x00, 0x00, 0x00, 0x00, 0x00, 0x00, 0x00, 0x00, 0x00, 0x00, 0x00, 0x00, 0x00, 0x00, 0x00, 0x00,
    0x00, 0x00, 0x00, 0x00, 0x00, 0x00, 0x00, 0x00, 0x00, 0x00, 0x00, 0x00, 0x00, 0x00, 0x00, 0x00,
    0x00, 0x00, 0x00, 0x00, 0x00, 0x00, 0x00, 0x00, 0x00, 0x00, 0x00, 0x00, 0x00, 0x00, 0x00, 0x00,
    0x00, 0x00, 0x00, 0x00, 0x00, 0x00, 0x00, 0x00, 0x00, 0x00, 0x00, 0x00, 0x00, 0x00, 0x00, 0x00,
    0x00, 0x00, 0x00, 0x00, 0x00, 0x00, 0x00, 0x00, 0x00, 0x00, 0x00, 0x00, 0x00, 0x00, 0x00, 0x00,
    0x00, 0x00, 0x00, 0x00, 0x00, 0x00, 0x00, 0x00, 0x00, 0x00, 0x00, 0x00, 0x00, 0x00, 0x00, 0x00,
    0x00, 0x00, 0x00, 0x00, 0x00, 0x00, 0x00, 0x00, 0x00, 0x00, 0x00, 0x00, 0x00, 0x00, 0x00, 0x00,
    0x00, 0x00, 0x00, 0x00, 0x00, 0x00, 0x00, 0x00, 0x00, 0x00, 0x00, 0x00, 0x00, 0x00, 0x00, 0x00,
    0x00, 0x00, 0x00, 0x00, 0x00, 0x00, 0x00, 0x00, 0x00, 0x00, 0x00, 0x00, 0x00, 0x00, 0x00, 0x00,
    0x00, 0x00, 0x00, 0x00, 0x00, 0x00, 0x00, 0x00, 0x00, 0x00, 0x00, 0x00, 0x00, 0x00, 0x00, 0x00,
    0x00, 0x00, 0x00, 0x00, 0x00, 0x00, 0x00, 0x00, 0x00, 0x00, 0x00, 0x00, 0x00, 0x00, 0x00, 0x00,
    0x00, 0x00, 0x00, 0x00, 0x00, 0x00, 0x00, 0x00, 0x00, 0x00, 0x00, 0x00, 0x00, 0x00, 0x00, 0x00,
    0x00, 0x00, 0x00, 0x00, 0x00, 0x00, 0x00, 0x00, 0x00, 0x00, 0x00, 0x00, 0x00, 0x00, 0x00, 0x00,
    0x00, 0x00, 0x00, 0x00, 0x00, 0x00, 0x00, 0x00, 0x00, 0x00, 0x00, 0x00, 0x00, 0x00, 0x00, 0x00,
    0x00, 0x00, 0x00, 0x00, 0x00, 0x00, 0x00, 0x00, 0x00, 0x00, 0x00, 0x00, 0x00, 0x00, 0x00, 0x00,
    0x00, 0x00, 0x00, 0x00, 0x00, 0x00, 0x00, 0x00, 0x00, 0x00, 0x00, 0x00, 0x00, 0x00, 0x00, 0x00,
    0x00, 0x00, 0x00, 0x00, 0x00, 0x00, 0x00, 0x00, 0x00, 0x00, 0x00, 0x00, 0x00, 0x00, 0x00, 0x00,
    0x00, 0x00, 0x00, 0x00, 0x00, 0x00, 0x00, 0x00, 0x00, 0x00, 0x00, 0x00, 0x00, 0x00, 0x00, 0x00,
    0x00, 0x00, 0x00, 0x00, 0x00, 0x00, 0x00, 0x00, 0x00, 0x00, 0x00, 0x00, 0x00, 0x00, 0x00, 0x00,
    0x00, 0x00, 0x00, 0x00, 0x00, 0x00, 0x00, 0x00, 0x00, 0x00, 0x00, 0x00, 0x00, 0x00, 0x00, 0x00,
    0x00, 0x00, 0x00, 0x00, 0x00, 0x00, 0x00, 0x00, 0x00, 0x00, 0x00, 0x00, 0x00, 0x00, 0x00, 0x00,
    0x00, 0x00, 0x00, 0x00, 0x00, 0x00, 0x00, 0x00, 0x00, 0x00, 0x00, 0x00, 0x00, 0x00, 0x00, 0x00,
    0x00, 0x00, 0x00, 0x00, 0x00, 0x00, 0x00, 0x00, 0x00, 0x00, 0x00, 0x00, 0x00, 0x00, 0x00, 0x00,
    0x00, 0x00, 0x00, 0x00, 0x00, 0x00, 0x00, 0x00, 0x00, 0x00, 0x00, 0x00, 0x00, 0x00, 0x00, 0x00,
    0x00, 0x00, 0x00, 0x00, 0x00, 0x00, 0x00, 0x00, 0x00, 0x00, 0x00, 0x00, 0x00, 0x00, 0x00, 0x00,
    0x00, 0x00, 0x00, 0x00, 0x00, 0x00, 0x00, 0x00, 0x00, 0x00, 0x00, 0x00, 0x00, 0x00, 0x00, 0x00,
    0x00, 0x00, 0x00, 0x00, 0x00, 0x00, 0x00, 0x00, 0x00, 0x00, 0x00, 0x00, 0x00, 0x00, 0x00, 0x00,
    0x00, 0x00, 0x00, 0x00, 0x00, 0x00, 0x00, 0x00, 0x00, 0x00, 0x00, 0x00, 0x00, 0x00, 0x00, 0x00,
    0x00, 0x00, 0x00, 0x00, 0x00, 0x00, 0x00, 0x00, 0x00, 0x00, 0x00, 0x00, 0x00, 0x00, 0x00, 0x00,
    0x00, 0x00, 0x00, 0x00, 0x00, 0x00, 0x00, 0x00, 0x00, 0x00, 0x00, 0x00, 0x00, 0x00, 0x00, 0x00,
    0x00, 0x00, 0x00, 0x00, 0x00, 0x00, 0x00, 0x00, 0x00, 0x00, 0x00, 0x00, 0x00, 0x00, 0x00, 0x00,
    0x00, 0x00, 0x00, 0x00, 0x00, 0x00, 0x00, 0x00, 0x00, 0x00, 0x00, 0x00, 0x00, 0x00, 0x00, 0x00,
    0x00, 0x00, 0x00, 0x00, 0x00, 0x00, 0x00, 0x00, 0x00, 0x00, 0x00, 0x00, 0x00, 0x00, 0x00, 0x00,
    0x00, 0x00, 0x00, 0x00, 0x00, 0x00, 0x00, 0x00, 0x00, 0x00, 0x00, 0x00, 0x00, 0x00, 0x00, 0x00,
    0x00, 0x00, 0x00, 0x00, 0x00, 0x00, 0x00, 0x00, 0x00, 0x00, 0x00, 0x00, 0x00, 0x00, 0x00, 0x00,
    0x00, 0x00, 0x00, 0x00, 0x00, 0x00, 0x00, 0x00, 0x00, 0x00, 0x00, 0x00, 0x00, 0x00, 0x00, 0x00,
    0x00, 0x00, 0x00, 0x00, 0x00, 0x00, 0x00, 0x00, 0x00, 0x00, 0x00, 0x00, 0x00, 0x00, 0x00, 0x00,
    0x00, 0x00, 0x00, 0x00, 0x00, 0x00, 0x00, 0x00, 0x00, 0x00, 0x00, 0x00, 0x00, 0x00, 0x00, 0x00,
    0x00, 0x00, 0x00, 0x00, 0x00, 0x00, 0x00, 0x00, 0x00, 0x00, 0x00, 0x00, 0x00, 0x00, 0x00, 0x00,
    0x00, 0x00, 0x00, 0x00, 0x00, 0x00, 0x00, 0x00, 0x00, 0x00, 0x00, 0x00, 0x00, 0x00, 0x00, 0x00,
    0x00, 0x00, 0x00, 0x00, 0x00, 0x00, 0x00, 0x00, 0x00, 0x00, 0x00, 0x00, 0x00, 0x00, 0x00, 0x00,
    0x00, 0x00, 0x00, 0x00, 0x00, 0x00, 0x00, 0x00, 0x00, 0x00, 0x00, 0x00, 0x00, 0x00, 0x00, 0x00,
    0x00, 0x00, 0x00, 0x00, 0x00, 0x00, 0x00, 0x00, 0x00, 0x00, 0x00, 0x00, 0x00, 0x00, 0x00, 0x00,
    0x00, 0x00, 0x00, 0x00, 0x00, 0x00, 0x00, 0x00, 0x00, 0x00, 0x00, 0x00, 0x00, 0x00, 0x00, 0x00,
    0x00, 0x00, 0x00, 0x00, 0x00, 0x00, 0x00, 0x00, 0x00, 0x00, 0x00, 0x00, 0x00, 0x00, 0x00, 0x00,
    0x00, 0x00, 0x00, 0x00, 0x00, 0x00, 0x00, 0x00, 0x00, 0x00, 0x00, 0x00, 0x00, 0x00, 0x00, 0x00,
    0x00, 0x00, 0x00, 0x00, 0x00, 0x00, 0x00, 0x00, 0x00, 0x00, 0x00, 0x00, 0x00, 0x00, 0x00, 0x00,
    0x00, 0x00, 0x00, 0x00, 0x00, 0x00, 0x00, 0x00, 0x00, 0x00, 0x00, 0x00, 0x00, 0x00, 0x00, 0x00,
    0x00, 0x00, 0x00, 0x00, 0x00, 0x00, 0x00, 0x00, 0x00, 0x00, 0x00, 0x00, 0x00, 0x00, 0x00, 0x00,
    0x00, 0x00, 0x00, 0x00, 0x00, 0x00, 0x00, 0x00, 0x00, 0x00, 0x00, 0x00, 0x00, 0x00, 0x00, 0x00,
    0x00, 0x00, 0x00, 0x00, 0x00, 0x00, 0x00, 0x00, 0x00, 0x00, 0x00, 0x00, 0x00, 0x00, 0x00, 0x00,
    0x00, 0x00, 0x00, 0x00, 0x00, 0x00, 0x00, 0x00, 0x00, 0x00, 0x00, 0x00, 0x00, 0x00, 0x00, 0x00,
    0x00, 0x00, 0x00, 0x00, 0x00, 0x00, 0x00, 0x00, 0x00, 0x00, 0x00, 0x00, 0x00, 0x00, 0x00, 0x00,
    0x00, 0x00, 0x00, 0x00, 0x00, 0x00, 0x00, 0x00, 0x00, 0x00, 0x00, 0x00, 0x00, 0x00, 0x00, 0x00,
    0x00, 0x00, 0x00, 0x00, 0x00, 0x00, 0x00, 0x00, 0x00, 0x00, 0x00, 0x00, 0x00, 0x00, 0x00, 0x00,
    0x00, 0x00, 0x00, 0x00, 0x00, 0x00, 0x00, 0x00, 0x00, 0x00, 0x00, 0x00, 0x00, 0x00, 0x00, 0x00,
    0x00, 0x00, 0x00, 0x00, 0x00, 0x00, 0x00, 0x00, 0x00, 0x00, 0x00, 0x00, 0x00, 0x00, 0x00, 0x00,
    0x00, 0x00, 0x00, 0x00, 0x00, 0x00, 0x00, 0x00, 0x00, 0x00, 0x00, 0x00, 0x00, 0x00, 0x00, 0x00,
    0x00, 0x00, 0x00, 0x00, 0x00, 0x00, 0x00, 0x00, 0x00, 0x00, 0x00, 0x00, 0x00, 0x00, 0x00, 0x00,
    0x00, 0x00, 0x00, 0x00, 0x00, 0x00, 0x00, 0x00, 0x00, 0x00, 0x00, 0x00, 0x00, 0x00, 0x00, 0x00,
    0x00, 0x00, 0x00, 0x00, 0x00, 0x00, 0x00, 0x00, 0x00, 0x00, 0x00, 0x00, 0x00, 0x00, 0x00, 0x00,
    0x00, 0x00, 0x00, 0x00, 0x00, 0x00, 0x00, 0x00, 0x00, 0x00, 0x00, 0x00, 0x00, 0x00, 0x00, 0x00,
    0x00, 0x00, 0x00, 0x00, 0x00, 0x00, 0x00, 0x00, 0x00, 0x00, 0x00, 0x00, 0x00, 0x00, 0x00, 0x00,
    0x00, 0x00, 0x00, 0x00, 0x00, 0x00, 0x00, 0x00, 0x00, 0x00, 0x00, 0x00, 0x00, 0x00, 0x00, 0x00,
    0x00, 0x00, 0x00, 0x00, 0x00, 0x00, 0x00, 0x00, 0x00, 0x00, 0x00, 0x00, 0x00, 0x00, 0x00, 0x00,
    0x00, 0x00, 0x00, 0x00, 0x00, 0x00, 0x00, 0x00, 0x00, 0x00, 0x00, 0x00, 0x00, 0x00, 0x00, 0x00,
    0x00, 0x00, 0x00, 0x00, 0x00, 0x00, 0x00, 0x00, 0x00, 0x00, 0x00, 0x00, 0x00, 0x00, 0x00, 0x00,
    0x00, 0x00, 0x00, 0x00, 0x00, 0x00, 0x00, 0x00, 0x00, 0x00, 0x00, 0x00, 0x00, 0x00, 0x00, 0x00,
    0x00, 0x00, 0x00, 0x00, 0x00, 0x00, 0x00, 0x00, 0x00, 0x00, 0x00, 0x00, 0x00, 0x00, 0x00, 0x00,
    0x00, 0x00, 0x00, 0x00, 0x00, 0x00, 0x00, 0x00, 0x00, 0x00, 0x00, 0x00, 0x00, 0x00, 0x00, 0x00,
    0x00, 0x00, 0x00, 0x00, 0x00, 0x00, 0x00, 0x00, 0x00, 0x00, 0x00, 0x00, 0x00, 0x00, 0x00, 0x00,
    0x00, 0x00, 0x00, 0x00, 0x00, 0x00, 0x00, 0x00, 0x00, 0x00, 0x00, 0x00, 0x00, 0x00, 0x00, 0x00,
    0x00, 0x00, 0x00, 0x00, 0x00, 0x00, 0x00, 0x00, 0x00, 0x00, 0x00, 0x00, 0x00, 0x00, 0x00, 0x00,
    0x00, 0x00, 0x00, 0x00, 0x00, 0x00, 0x00, 0x00, 0x00, 0x00, 0x00, 0x00, 0x00, 0x00, 0x00, 0x00,
    0x00, 0x00, 0x00, 0x00, 0x00, 0x00, 0x00, 0x00, 0x00, 0x00, 0x00, 0x00, 0x00, 0x00, 0x00, 0x00,
    0x00, 0x00, 0x00, 0x00, 0x00, 0x00, 0x00, 0x00, 0x00, 0x00, 0x00, 0x00, 0x00, 0x00, 0x00, 0x00,
    0x00, 0x00, 0x00, 0x00, 0x00, 0x00, 0x00, 0x00, 0x00, 0x00, 0x00, 0x00, 0x00, 0x00, 0x00, 0x00,
    0x00, 0x00, 0x00, 0x00, 0x00, 0x00, 0x00, 0x00, 0x00, 0x00, 0x00, 0x00, 0x00, 0x00, 0x00, 0x00,
    0x00, 0x00, 0x00, 0x00, 0x00, 0x00, 0x00, 0x00, 0x00, 0x00, 0x00, 0x00, 0x00, 0x00, 0x00, 0x00,
    0x00, 0x00, 0x00, 0x00, 0x00, 0x00, 0x00, 0x00, 0x00, 0x00, 0x00, 0x00, 0x00, 0x00, 0x00, 0x00,
    0x00, 0x00, 0x00, 0x00, 0x00, 0x00, 0x00, 0x00, 0x00, 0x00, 0x00, 0x00, 0x00, 0x00, 0x00, 0x00,
    0x00, 0x00, 0x00, 0x00, 0x00, 0x00, 0x00, 0x00, 0x00, 0x00, 0x00, 0x00, 0x00, 0x00, 0x00, 0x00,
    0x00, 0x00, 0x00, 0x00, 0x00, 0x00, 0x00, 0x00, 0x00, 0x00, 0x00, 0x00, 0x00, 0x00, 0x00, 0x00,
    0x00, 0x00, 0x00, 0x00, 0x00, 0x00, 0x00, 0x00, 0x00, 0x00, 0x00, 0x00, 0x00, 0x00, 0x00, 0x00,
    0x00, 0x00, 0x00, 0x00, 0x00, 0x00, 0x00, 0x00, 0x00, 0x00, 0x00, 0x00, 0x00, 0x00, 0x00, 0x00,
    0x00, 0x00, 0x00, 0x00, 0x00, 0x00, 0x00, 0x00, 0x00, 0x00, 0x00, 0x00, 0x00, 0x00, 0x00, 0x00,
    0x00, 0x00, 0x00, 0x00, 0x00, 0x00, 0x00, 0x00, 0x00, 0x00, 0x00, 0x00, 0x00, 0x00, 0x00, 0x00,
    0x00, 0x00, 0x00, 0x00, 0x00, 0x00, 0x00, 0x00, 0x00, 0x00, 0x00, 0x00, 0x00, 0x00, 0x00, 0x00,
    0x00, 0x00, 0x00, 0x00, 0x00, 0x00, 0x00, 0x00, 0x00, 0x00, 0x00, 0x00, 0x00, 0x00, 0x00, 0x00,
    0x00, 0x00, 0x00, 0x00, 0x00, 0x00, 0x00, 0x00, 0x00, 0x00, 0x00, 0x00, 0x00, 0x00, 0x00, 0x00,
    0x00, 0x00, 0x00, 0x00, 0x00, 0x00, 0x00, 0x00, 0x00, 0x00, 0x00, 0x00, 0x00, 0x00, 0x00, 0x00,
    0x00, 0x00, 0x00, 0x00, 0x00, 0x00, 0x00, 0x00, 0x00, 0x00, 0x00, 0x00, 0x00, 0x00, 0x00, 0x00,
    0x00, 0x00, 0x00, 0x00, 0x00, 0x00, 0x00, 0x00, 0x00, 0x00, 0x00, 0x00, 0x00, 0x00, 0x00, 0x00,
    0x00, 0x00, 0x00, 0x00, 0x00, 0x00, 0x00, 0x00, 0x00, 0x00, 0x00, 0x00, 0x00, 0x00, 0x00, 0x00,
    0x00, 0x00, 0x00, 0x00, 0x00, 0x00, 0x00, 0x00, 0x00, 0x00, 0x00, 0x00, 0x00, 0x00, 0x00, 0x00,
    0x00, 0x00, 0x00, 0x00, 0x00, 0x00, 0x00, 0x00, 0x00, 0x00, 0x00, 0x00, 0x00, 0x00, 0x00, 0x00,
    0x00, 0x00, 0x00, 0x00, 0x00, 0x00, 0x00, 0x00, 0x00, 0x00, 0x00, 0x00, 0x00, 0x00, 0x00, 0x00,
    0x00, 0x00, 0x00, 0x00, 0x00, 0x00, 0x00, 0x00, 0x00, 0x00, 0x00, 0x00, 0x00, 0x00, 0x00, 0x00,
    0x00, 0x00, 0x00, 0x00, 0x00, 0x00, 0x00, 0x00, 0x00, 0x00, 0x00, 0x00, 0x00, 0x00, 0x00, 0x00,
    0x00, 0x00, 0x00, 0x00, 0x00, 0x00, 0x00, 0x00, 0x00, 0x00, 0x00, 0x00, 0x00, 0x00, 0x00, 0x00,
    0x00, 0x00, 0x00, 0x00, 0x00, 0x00, 0x00, 0x00, 0x00, 0x00, 0x00, 0x00, 0x00, 0x00, 0x00, 0x00,
    0x00, 0x00, 0x00, 0x00, 0x00, 0x00, 0x00, 0x00, 0x00, 0x00, 0x00, 0x00, 0x00, 0x00, 0x00, 0x00,
    0x00, 0x00, 0x00, 0x00, 0x00, 0x00, 0x00, 0x00, 0x00, 0x00, 0x00, 0x00, 0x00, 0x00, 0x00, 0x00,
    0x00, 0x00, 0x00, 0x00, 0x00, 0x00, 0x00, 0x00, 0x00, 0x00, 0x00, 0x00, 0x00, 0x00, 0x00, 0x00,
    0x00, 0x00, 0x00, 0x00, 0x00, 0x00, 0x00, 0x00, 0x00, 0x00, 0x00, 0x00, 0x00, 0x00, 0x00, 0x00,
    0x00, 0x00, 0x00, 0x00, 0x00, 0x00, 0x00, 0x00, 0x00, 0x00, 0x00, 0x00, 0x00, 0x00, 0x00, 0x00,
    0x00, 0x00, 0x00, 0x00, 0x00, 0x00, 0x00, 0x00, 0x00, 0x00, 0x00, 0x00, 0x00, 0x00, 0x00, 0x00,
    0x00, 0x00, 0x00, 0x00, 0x00, 0x00, 0x00, 0x00, 0x00, 0x00, 0x00, 0x00, 0x00, 0x00, 0x00, 0x00,
    0x00, 0x00, 0x00, 0x00, 0x00, 0x00, 0x00, 0x00, 0x00, 0x00, 0x00, 0x00, 0x00, 0x00, 0x00, 0x00,
    0x00, 0x00, 0x00, 0x00, 0x00, 0x00, 0x00, 0x00, 0x00, 0x00, 0x00, 0x00, 0x00, 0x00, 0x00, 0x00,
    0x00, 0x00, 0x00, 0x00, 0x00, 0x00, 0x00, 0x00, 0x00, 0x00, 0x00, 0x00, 0x00, 0x00, 0x00, 0x00,
    0x00, 0x00, 0x00, 0x00, 0x00, 0x00, 0x00, 0x00, 0x00, 0x00, 0x00, 0x00, 0x00, 0x00, 0x00, 0x00,
    0x00, 0x00, 0x00, 0x00, 0x00, 0x00, 0x00, 0x00, 0x00, 0x00, 0x00, 0x00, 0x00, 0x00, 0x00, 0x00,
    0x00, 0x00, 0x00, 0x00, 0x00, 0x00, 0x00, 0x00, 0x00, 0x00, 0x00, 0x00, 0x00, 0x00, 0x00, 0x00,
    0x00, 0x00, 0x00, 0x00, 0x00, 0x00, 0x00, 0x00, 0x00, 0x00, 0x00, 0x00, 0x00, 0x00, 0x00, 0x00,
    0x00, 0x00, 0x00, 0x00, 0x00, 0x00, 0x00, 0x00, 0x00, 0x00, 0x00, 0x00, 0x00, 0x00, 0x00, 0x00,
    0x00, 0x00, 0x00, 0x00, 0x00, 0x00, 0x00, 0x00, 0x00, 0x00, 0x00, 0x00, 0x00, 0x00, 0x00, 0x00,
    0x00, 0x00, 0x00, 0x00, 0x00, 0x00, 0x00, 0x00, 0x00, 0x00, 0x00, 0x00, 0x00, 0x00, 0x00, 0x00,
    0x00, 0x00, 0x00, 0x00, 0x00, 0x00, 0x00, 0x00, 0x00, 0x00, 0x00, 0x00, 0x00, 0x00, 0x00, 0x00,
    0x00, 0x00, 0x00, 0x00, 0x00, 0x00, 0x00, 0x00, 0x00, 0x00, 0x00, 0x00, 0x00, 0x00, 0x00, 0x00,
    0x00, 0x00, 0x00, 0x00, 0x00, 0x00, 0x00, 0x00, 0x00, 0x00, 0x00, 0x00, 0x00, 0x00, 0x00, 0x00,
    0x00, 0x00, 0x00, 0x00, 0x00, 0x00, 0x00, 0x00, 0x00, 0x00, 0x00, 0x00, 0x00, 0x00, 0x00, 0x00,
    0x00, 0x00, 0x00, 0x00, 0x00, 0x00, 0x00, 0x00, 0x00, 0x00, 0x00, 0x00, 0x00, 0x00, 0x00, 0x00,
    0x00, 0x00, 0x00, 0x00, 0x00, 0x00, 0x00, 0x00, 0x00, 0x00, 0x00, 0x00, 0x00, 0x00, 0x00, 0x00,
    0x00, 0x00, 0x00, 0x00, 0x00, 0x00, 0x00, 0x00, 0x00, 0x00, 0x00, 0x00, 0x00, 0x00, 0x00, 0x00,
    0x00, 0x00, 0x00, 0x00, 0x00, 0x00, 0x00, 0x00, 0x00, 0x00, 0x00, 0x00, 0x00, 0x00, 0x00, 0x00,
    0x00, 0x00, 0x00, 0x00, 0x00, 0x00, 0x00, 0x00, 0x00, 0x00, 0x00, 0x00, 0x00, 0x00, 0x00, 0x00,
    0x00, 0x00, 0x00, 0x00, 0x00, 0x00, 0x00, 0x00, 0x00, 0x00, 0x00, 0x00, 0x00, 0x00, 0x00, 0x00,
    0x00, 0x00, 0x00, 0x00, 0x00, 0x00, 0x00, 0x00, 0x00, 0x00, 0x00, 0x00, 0x00, 0x00, 0x00, 0x00,
    0x00, 0x00, 0x00, 0x00, 0x00, 0x00, 0x00, 0x00, 0x00, 0x00, 0x00, 0x00, 0x00, 0x00, 0x00, 0x00,
    0x00, 0x00, 0x00, 0x00, 0x00, 0x00, 0x00, 0x00, 0x00, 0x00, 0x00, 0x00, 0x00, 0x00, 0x00, 0x00,
    0x00, 0x00, 0x00, 0x00, 0x00, 0x00, 0x00, 0x00, 0x00, 0x00, 0x00, 0x00, 0x00, 0x00, 0x00, 0x00,
    0x00, 0x00, 0x00, 0x00, 0x00, 0x00, 0x00, 0x00, 0x00, 0x00, 0x00, 0x00, 0x00, 0x00, 0x00, 0x00,
    0x00, 0x00, 0x00, 0x00, 0x00, 0x00, 0x00, 0x00, 0x00, 0x00, 0x00, 0x00, 0x00, 0x00, 0x00, 0x00,
    0x00, 0x00, 0x00, 0x00, 0x00, 0x00, 0x00, 0x00, 0x00, 0x00, 0x00, 0x00, 0x00, 0x00, 0x00, 0x00,
    0x00, 0x00, 0x00, 0x00, 0x00, 0x00, 0x00, 0x00, 0x00, 0x00, 0x00, 0x00, 0x00, 0x00, 0x00, 0x00,
    0x00, 0x00, 0x00, 0x00, 0x00, 0x00, 0x00, 0x00, 0x00, 0x00, 0x00, 0x00, 0x00, 0x00, 0x00, 0x00,
    0x00, 0x00, 0x00, 0x00, 0x00, 0x00, 0x00, 0x00, 0x00, 0x00, 0x00, 0x00, 0x00, 0x00, 0x00, 0x00,
    0x00, 0x00, 0x00, 0x00, 0x00, 0x00, 0x00, 0x00, 0x00, 0x00, 0x00, 0x00, 0x00, 0x00, 0x00, 0x00,
    0x00, 0x00, 0x00, 0x00, 0x00, 0x00, 0x00, 0x00, 0x00, 0x00, 0x00, 0x00, 0x00, 0x00, 0x00, 0x00,
    0x00, 0x00, 0x00, 0x00, 0x00, 0x00, 0x00, 0x00, 0x00, 0x00, 0x00, 0x00, 0x00, 0x00, 0x00, 0x00,
    0x00, 0x00, 0x00, 0x00, 0x00, 0x00, 0x00, 0x00, 0x00, 0x00, 0x00, 0x00, 0x00, 0x00, 0x00, 0x00,
    0x00, 0x00, 0x00, 0x00, 0x00, 0x00, 0x00, 0x00, 0x00, 0x00, 0x00, 0x00, 0x00, 0x00, 0x00, 0x00,
    0x00, 0x00, 0x00, 0x00, 0x00, 0x00, 0x00, 0x00, 0x00, 0x00, 0x00, 0x00, 0x00, 0x00, 0x00, 0x00,
    0x00, 0x00, 0x00, 0x00, 0x00, 0x00, 0x00, 0x00, 0x00, 0x00, 0x00, 0x00, 0x00, 0x00, 0x00, 0x00,
    0x00, 0x00, 0x00, 0x00, 0x00, 0x00, 0x00, 0x00, 0x00, 0x00, 0x00, 0x00, 0x00, 0x00, 0x00, 0x00,
    0x00, 0x00, 0x00, 0x00, 0x00, 0x00, 0x00, 0x00, 0x00, 0x00, 0x00, 0x00, 0x00, 0x00, 0x00, 0x00,
    0x00, 0x00, 0x00, 0x00, 0x00, 0x00, 0x00, 0x00, 0x00, 0x00, 0x00, 0x00, 0x00, 0x00, 0x00, 0x00,
    0x00, 0x00, 0x00, 0x00, 0x00, 0x00, 0x00, 0x00, 0x00, 0x00, 0x00, 0x00, 0x00, 0x00, 0x00, 0x00,
    0x00, 0x00, 0x00, 0x00, 0x00, 0x00, 0x00, 0x00, 0x00, 0x00, 0x00, 0x00, 0x00, 0x00, 0x00, 0x00,
    0x00, 0x00, 0x00, 0x00, 0x00, 0x00, 0x00, 0x00, 0x00, 0x00, 0x00, 0x00, 0x00, 0x00, 0x00, 0x00,
    0x00, 0x00, 0x00, 0x00, 0x00, 0x00, 0x00, 0x00, 0x00, 0x00, 0x00, 0x00, 0x00, 0x00, 0x00, 0x00,
    0x00, 0x00, 0x00, 0x00, 0x00, 0x00, 0x00, 0x00, 0x00, 0x00, 0x00, 0x00, 0x00, 0x00, 0x00, 0x00,
    0x00, 0x00, 0x00, 0x00, 0x00, 0x00, 0x00, 0x00, 0x00, 0x00, 0x00, 0x00, 0x00, 0x00, 0x00, 0x00,
    0x00, 0x00, 0x00, 0x00, 0x00, 0x00, 0x00, 0x00, 0x00, 0x00, 0x00, 0x00, 0x00, 0x00, 0x00, 0x00,
    0x00, 0x00, 0x00, 0x00, 0x00, 0x00, 0x00, 0x00, 0x00, 0x00, 0x00, 0x00, 0x00, 0x00, 0x00, 0x00,
    0x00, 0x00, 0x00, 0x00, 0x00, 0x00, 0x00, 0x00, 0x00, 0x00, 0x00, 0x00, 0x00, 0x00, 0x00, 0x00,
    0x00, 0x00, 0x00, 0x00, 0x00, 0x00, 0x00, 0x00, 0x00, 0x00, 0x00, 0x00, 0x00, 0x00, 0x00, 0x00,
    0x00, 0x00, 0x00, 0x00, 0x00, 0x00, 0x00, 0x00, 0x00, 0x00, 0x00, 0x00, 0x00, 0x00, 0x00, 0x00,
    0x00, 0x00, 0x00, 0x00, 0x00, 0x00, 0x00, 0x00, 0x00, 0x00, 0x00, 0x00, 0x00, 0x00, 0x00, 0x00,
    0x00, 0x00, 0x00, 0x00, 0x00, 0x00, 0x00, 0x00, 0x00, 0x00, 0x00, 0x00, 0x00, 0x00, 0x00, 0x00,
    0x00, 0x00, 0x00, 0x00, 0x00, 0x00, 0x00, 0x00, 0x00, 0x00, 0x00, 0x00, 0x00, 0x00, 0x00, 0x00,
    0x00, 0x00, 0x00, 0x00, 0x00, 0x00, 0x00, 0x00, 0x00, 0x00, 0x00, 0x00, 0x00, 0x00, 0x00, 0x00,
    0x00, 0x00, 0x00, 0x00, 0x00, 0x00, 0x00, 0x00, 0x00, 0x00, 0x00, 0x00, 0x00, 0x00, 0x00, 0x00,
    0x00, 0x00, 0x00, 0x00, 0x00, 0x00, 0x00, 0x00, 0x00, 0x00, 0x00, 0x00, 0x00, 0x00, 0x00, 0x00,
    0x00, 0x00, 0x00, 0x00, 0x00, 0x00, 0x00, 0x00, 0x00, 0x00, 0x00, 0x00, 0x00, 0x00, 0x00, 0x00,
    0x00, 0x00, 0x00, 0x00, 0x00, 0x00, 0x00, 0x00, 0x00, 0x00, 0x00, 0x00, 0x00, 0x00, 0x00, 0x00,
    0x00, 0x00, 0x00, 0x00, 0x00, 0x00, 0x00, 0x00, 0x00, 0x00, 0x00, 0x00, 0x00, 0x00, 0x00, 0x00,
    0x00, 0x00, 0x00, 0x00, 0x00, 0x00, 0x00, 0x00, 0x00, 0x00, 0x00, 0x00, 0x00, 0x00, 0x00, 0x00,
    0x00, 0x00, 0x00, 0x00, 0x00, 0x00, 0x00, 0x00, 0x00, 0x00, 0x00, 0x00, 0x00, 0x00, 0x00, 0x00,
    0x00, 0x00, 0x00, 0x00, 0x00, 0x00, 0x00, 0x00, 0x00, 0x00, 0x00, 0x00, 0x00, 0x00, 0x00, 0x00,
    0x00, 0x00, 0x00, 0x00, 0x00, 0x00, 0x00, 0x00, 0x00, 0x00, 0x00, 0x00, 0x00, 0x00, 0x00, 0x00,
    0x00, 0x00, 0x00, 0x00, 0x00, 0x00, 0x00, 0x00, 0x00, 0x00, 0x00, 0x00, 0x00, 0x00, 0x00, 0x00,
    0x00, 0x00, 0x00, 0x00, 0x00, 0x00, 0x00, 0x00, 0x00, 0x00, 0x00, 0x00, 0x00, 0x00, 0x00, 0x00,
    0x00, 0x00, 0x00, 0x00, 0x00, 0x00, 0x00, 0x00, 0x00, 0x00, 0x00, 0x00, 0x00, 0x00, 0x00, 0x00,
    0x00, 0x00, 0x00, 0x00, 0x00, 0x00, 0x00, 0x00, 0x00, 0x00, 0x00, 0x00, 0x00, 0x00, 0x00, 0x00,
    0x00, 0x00, 0x00, 0x00, 0x00, 0x00, 0x00, 0x00, 0x00, 0x00, 0x00, 0x00, 0x00, 0x00, 0x00, 0x00,
    0x00, 0x00, 0x00, 0x00, 0x00, 0x00, 0x00, 0x00, 0x00, 0x00, 0x00, 0x00, 0x00, 0x00, 0x00, 0x00,
    0x00, 0x00, 0x00, 0x00, 0x00, 0x00, 0x00, 0x00, 0x00, 0x00, 0x00, 0x00, 0x00, 0x00, 0x00, 0x00,
    0x00, 0x00, 0x00, 0x00, 0x00, 0x00, 0x00, 0x00, 0x00, 0x00, 0x00, 0x00, 0x00, 0x00, 0x00, 0x00,
    0x00, 0x00, 0x00, 0x00, 0x00, 0x00, 0x00, 0x00, 0x00, 0x00, 0x00, 0x00, 0x00, 0x00, 0x00, 0x00,
    0x00, 0x00, 0x00, 0x00, 0x00, 0x00, 0x00, 0x00, 0x00, 0x00, 0x00, 0x00, 0x00, 0x00, 0x00, 0x00,
    0x00, 0x00, 0x00, 0x00, 0x00, 0x00, 0x00, 0x00, 0x00, 0x00, 0x00, 0x00, 0x00, 0x00, 0x00, 0x00,
    0x00, 0x00, 0x00, 0x00, 0x00, 0x00, 0x00, 0x00, 0x00, 0x00, 0x00, 0x00, 0x00, 0x00, 0x00, 0x00,
    0x00, 0x00, 0x00, 0x00, 0x00, 0x00, 0x00, 0x00, 0x00, 0x00, 0x00, 0x00, 0x00, 0x00, 0x00, 0x00,
    0x00, 0x00, 0x00, 0x00, 0x00, 0x00, 0x00, 0x00, 0x00, 0x00, 0x00, 0x00, 0x00, 0x00, 0x00, 0x00,
    0x00, 0x00, 0x00, 0x00, 0x00, 0x00, 0x00, 0x00, 0x00, 0x00, 0x00, 0x00, 0x00, 0x00, 0x00, 0x00,
    0x00, 0x00, 0x00, 0x00, 0x00, 0x00, 0x00, 0x00, 0x00, 0x00, 0x00, 0x00, 0x00, 0x00, 0x00, 0x00,
    0x00, 0x00, 0x00, 0x00, 0x00, 0x00, 0x00, 0x00, 0x00, 0x00, 0x00, 0x00, 0x00, 0x00, 0x00, 0x00,
    0x00, 0x00, 0x00, 0x00, 0x00, 0x00, 0x00, 0x00, 0x00, 0x00, 0x00, 0x00, 0x00, 0x00, 0x00, 0x00,
    0x00, 0x00, 0x00, 0x00, 0x00, 0x00, 0x00, 0x00, 0x00, 0x00, 0x00, 0x00, 0x00, 0x00, 0x00, 0x00,
    0x00, 0x00, 0x00, 0x00, 0x00, 0x00, 0x00, 0x00, 0x00, 0x00, 0x00, 0x00, 0x00, 0x00, 0x00, 0x00,
    0x00, 0x00, 0x00, 0x00, 0x00, 0x00, 0x00, 0x00, 0x00, 0x00, 0x00, 0x00, 0x00, 0x00, 0x00, 0x00,
    0x00, 0x00, 0x00, 0x00, 0x00, 0x00, 0x00, 0x00, 0x00, 0x00, 0x00, 0x00, 0x00, 0x00, 0x00, 0x00,
    0x00, 0x00, 0x00, 0x00, 0x00, 0x00, 0x00, 0x00, 0x00, 0x00, 0x00, 0x00, 0x00, 0x00, 0x00, 0x00,
    0x00, 0x00, 0x00, 0x00, 0x00, 0x00, 0x00, 0x00, 0x00, 0x00, 0x00, 0x00, 0x00, 0x00, 0x00, 0x00,
    0x00, 0x00, 0x00, 0x00, 0x00, 0x00, 0x00, 0x00, 0x00, 0x00, 0x00, 0x00, 0x00, 0x00, 0x00, 0x00,
    0x00, 0x00, 0x00, 0x00, 0x00, 0x00, 0x00, 0x00, 0x00, 0x00, 0x00, 0x00, 0x00, 0x00, 0x00, 0x00,
    0x00, 0x00, 0x00, 0x00, 0x00, 0x00, 0x00, 0x00, 0x00, 0x00, 0x00, 0x00, 0x00, 0x00, 0x00, 0x00,
    0x00, 0x00, 0x00, 0x00, 0x00, 0x00, 0x00, 0x00, 0x00, 0x00, 0x00, 0x00, 0x00, 0x00, 0x00, 0x00,
    0x00, 0x00, 0x00, 0x00, 0x00, 0x00, 0x00, 0x00, 0x00, 0x00, 0x00, 0x00, 0x00, 0x00, 0x00, 0x00,
    0x00, 0x00, 0x00, 0x00, 0x00, 0x00, 0x00, 0x00, 0x00, 0x00, 0x00, 0x00, 0x00, 0x00, 0x00, 0x00,
    0x00, 0x00, 0x00, 0x00, 0x00, 0x00, 0x00, 0x00, 0x00, 0x00, 0x00, 0x00, 0x00, 0x00, 0x00, 0x00,
    0x00, 0x00, 0x00, 0x00, 0x00, 0x00, 0x00, 0x00, 0x00, 0x00, 0x00, 0x00, 0x00, 0x00, 0x00, 0x00,
    0x00, 0x00, 0x00, 0x00, 0x00, 0x00, 0x00, 0x00, 0x00, 0x00, 0x00, 0x00, 0x00, 0x00, 0x00, 0x00,
    0x00, 0x00, 0x00, 0x00, 0x00, 0x00, 0x00, 0x00, 0x00, 0x00, 0x00, 0x00, 0x00, 0x00, 0x00, 0x00,
    0x00, 0x00, 0x00, 0x00, 0x00, 0x00, 0x00, 0x00, 0x00, 0x00, 0x00, 0x00, 0x00, 0x00, 0x00, 0x00,
    0x00, 0x00, 0x00, 0x00, 0x00, 0x00, 0x00, 0x00, 0x00, 0x00, 0x00, 0x00, 0x00, 0x00, 0x00, 0x00,
    0x00, 0x00, 0x00, 0x00, 0x00, 0x00, 0x00, 0x00, 0x00, 0x00, 0x00, 0x00, 0x00, 0x00, 0x00, 0x00,
    0x00, 0x00, 0x00, 0x00, 0x00, 0x00, 0x00, 0x00, 0x00, 0x00, 0x00, 0x00, 0x00, 0x00, 0x00, 0x00,
    0x00, 0x00, 0x00, 0x00, 0x00, 0x00, 0x00, 0x00, 0x00, 0x00, 0x00, 0x00, 0x00, 0x00, 0x00, 0x00,
    0x00, 0x00, 0x00, 0x00, 0x00, 0x00, 0x00, 0x00, 0x00, 0x00, 0x00, 0x00, 0x00, 0x00, 0x00, 0x00,
    0x00, 0x00, 0x00, 0x00, 0x00, 0x00, 0x00, 0x00, 0x00, 0x00, 0x00, 0x00, 0x00, 0x00, 0x00, 0x00,
    0x00, 0x00, 0x00, 0x00, 0x00, 0x00, 0x00, 0x00, 0x00, 0x00, 0x00, 0x00, 0x00, 0x00, 0x00, 0x00,
    0x00, 0x00, 0x00, 0x00, 0x00, 0x00, 0x00, 0x00, 0x00, 0x00, 0x00, 0x00, 0x00, 0x00, 0x00, 0x00,
    0x00, 0x00, 0x00, 0x00, 0x00, 0x00, 0x00, 0x00, 0x00, 0x00, 0x00, 0x00, 0x00, 0x00, 0x00, 0x00,
    0x00, 0x00, 0x00, 0x00, 0x00, 0x00, 0x00, 0x00, 0x00, 0x00, 0x00, 0x00, 0x00, 0x00, 0x00, 0x00,
    0x00, 0x00, 0x00, 0x00, 0x00, 0x00, 0x00, 0x00, 0x00, 0x00, 0x00, 0x00, 0x00, 0x00, 0x00, 0x00,
    0x00, 0x00, 0x00, 0x00, 0x00, 0x00, 0x00, 0x00, 0x00, 0x00, 0x00, 0x00, 0x00, 0x00, 0x00, 0x00,
    0x00, 0x00, 0x00, 0x00, 0x00, 0x00, 0x00, 0x00, 0x00, 0x00, 0x00, 0x00, 0x00, 0x00, 0x00, 0x00,
    0x00, 0x00, 0x00, 0x00, 0x00, 0x00, 0x00, 0x00, 0x00, 0x00, 0x00, 0x00, 0x00, 0x00, 0x00, 0x00,
    0x00, 0x00, 0x00, 0x00, 0x00, 0x00, 0x00, 0x00, 0x00, 0x00, 0x00, 0x00, 0x00, 0x00, 0x00, 0x00,
    0x00, 0x00, 0x00, 0x00, 0x00, 0x00, 0x00, 0x00, 0x00, 0x00, 0x00, 0x00, 0x00, 0x00, 0x00, 0x00,
    0x00, 0x00, 0x00, 0x00, 0x00, 0x00, 0x00, 0x00, 0x00, 0x00, 0x00, 0x00, 0x00, 0x00, 0x00, 0x00,
    0x00, 0x00, 0x00, 0x00, 0x00, 0x00, 0x00, 0x00, 0x00, 0x00, 0x00, 0x00, 0x00, 0x00, 0x00, 0x00,
    0x00, 0x00, 0x00, 0x00, 0x00, 0x00, 0x00, 0x00, 0x00, 0x00, 0x00, 0x00, 0x00, 0x00, 0x00, 0x00,
    0x00, 0x00, 0x00, 0x00, 0x00, 0x00, 0x00, 0x00, 0x00, 0x00, 0x00, 0x00, 0x00, 0x00, 0x00, 0x00,
    0x00, 0x00, 0x00, 0x00, 0x00, 0x00, 0x00, 0x00, 0x00, 0x00, 0x00, 0x00, 0x00, 0x00, 0x00, 0x00,
    0x00, 0x00, 0x00, 0x00, 0x00, 0x00, 0x00, 0x00, 0x00, 0x00, 0x00, 0x00, 0x00, 0x00, 0x00, 0x00,
    0x00, 0x00, 0x00, 0x00, 0x00, 0x00, 0x00, 0x00, 0x00, 0x00, 0x00, 0x00, 0x00, 0x00, 0x00, 0x00,
    0x00, 0x00, 0x00, 0x00, 0x00, 0x00, 0x00, 0x00, 0x00, 0x00, 0x00, 0x00, 0x00, 0x00, 0x00, 0x00,
    0x00, 0x00, 0x00, 0x00, 0x00, 0x00, 0x00, 0x00, 0x00, 0x00, 0x00, 0x00, 0x00, 0x00, 0x00, 0x00,
    0x00, 0x00, 0x00, 0x00, 0x00, 0x00, 0x00, 0x00, 0x00, 0x00, 0x00, 0x00, 0x00, 0x00, 0x00, 0x00,
    0x00, 0x00, 0x00, 0x00, 0x00, 0x00, 0x00, 0x00, 0x00, 0x00, 0x00, 0x00, 0x00, 0x00, 0x00, 0x00,
    0x00, 0x00, 0x00, 0x00, 0x00, 0x00, 0x00, 0x00, 0x00, 0x00, 0x00, 0x00, 0x00, 0x00, 0x00, 0x00,
    0x00, 0x00, 0x00, 0x00, 0x00, 0x00, 0x00, 0x00, 0x00, 0x00, 0x00, 0x00, 0x00, 0x00, 0x00, 0x00,
    0x00, 0x00, 0x00, 0x00, 0x00, 0x00, 0x00, 0x00, 0x00, 0x00, 0x00, 0x00, 0x00, 0x00, 0x00, 0x00,
    0x00, 0x00, 0x00, 0x00, 0x00, 0x00, 0x00, 0x00, 0x00, 0x00, 0x00, 0x00, 0x00, 0x00, 0x00, 0x00,
    0x00, 0x00, 0x00, 0x00, 0x00, 0x00, 0x00, 0x00, 0x00, 0x00, 0x00, 0x00, 0x00, 0x00, 0x00, 0x00,
    0x00, 0x00, 0x00, 0x00, 0x00, 0x00, 0x00, 0x00, 0x00, 0x00, 0x00, 0x00, 0x00, 0x00, 0x00, 0x00,
    0x00, 0x00, 0x00, 0x00, 0x00, 0x00, 0x00, 0x00, 0x00, 0x00, 0x00, 0x00, 0x00, 0x00, 0x00, 0x00,
    0x00, 0x00, 0x00, 0x00, 0x00, 0x00, 0x00, 0x00, 0x00, 0x00, 0x00, 0x00, 0x00, 0x00, 0x00, 0x00,
    0x00, 0x00, 0x00, 0x00, 0x00, 0x00, 0x00, 0x00, 0x00, 0x00, 0x00, 0x00, 0x00, 0x00, 0x00, 0x00,
    0x00, 0x00, 0x00, 0x00, 0x00, 0x00, 0x00, 0x00, 0x00, 0x00, 0x00, 0x00, 0x00, 0x00, 0x00, 0x00,
    0x00, 0x00, 0x00, 0x00, 0x00, 0x00, 0x00, 0x00, 0x00, 0x00, 0x00, 0x00, 0x00, 0x00, 0x00, 0x00,
    0x00, 0x00, 0x00, 0x00, 0x00, 0x00, 0x00, 0x00, 0x00, 0x00, 0x00, 0x00, 0x00, 0x00, 0x00, 0x00,
    0x00, 0x00, 0x00, 0x00, 0x00, 0x00, 0x00, 0x00, 0x00, 0x00, 0x00, 0x00, 0x00, 0x00, 0x00, 0x00,
    0x00, 0x00, 0x00, 0x00, 0x00, 0x00, 0x00, 0x00, 0x00, 0x00, 0x00, 0x00, 0x00, 0x00, 0x00, 0x00,
    0x00, 0x00, 0x00, 0x00, 0x00, 0x00, 0x00, 0x00, 0x00, 0x00, 0x00, 0x00, 0x00, 0x00, 0x00, 0x00,
    0x00, 0x00, 0x00, 0x00, 0x00, 0x00, 0x00, 0x00, 0x00, 0x00, 0x00, 0x00, 0x00, 0x00, 0x00, 0x00,
    0x00, 0x00, 0x00, 0x00, 0x00, 0x00, 0x00, 0x00, 0x00, 0x00, 0x00, 0x00, 0x00, 0x00, 0x00, 0x00,
    0x00, 0x00, 0x00, 0x00, 0x00, 0x00, 0x00, 0x00, 0x00, 0x00, 0x00, 0x00, 0x00, 0x00, 0x00, 0x00,
    0x00, 0x00, 0x00, 0x00, 0x00, 0x00, 0x00, 0x00, 0x00, 0x00, 0x00, 0x00, 0x00, 0x00, 0x00, 0x00,
    0x00, 0x00, 0x00, 0x00, 0x00, 0x00, 0x00, 0x00, 0x00, 0x00, 0x00, 0x00, 0x00, 0x00, 0x00, 0x00,
    0x00, 0x00, 0x00, 0x00, 0x00, 0x00, 0x00, 0x00, 0x00, 0x00, 0x00, 0x00, 0x00, 0x00, 0x00, 0x00,
    0x00, 0x00, 0x00, 0x00, 0x00, 0x00, 0x00, 0x00, 0x00, 0x00, 0x00, 0x00, 0x00, 0x00, 0x00, 0x00,
    0x00, 0x00, 0x00, 0x00, 0x00, 0x00, 0x00, 0x00, 0x00, 0x00, 0x00, 0x00, 0x00, 0x00, 0x00, 0x00,
    0x00, 0x00, 0x00, 0x00, 0x00, 0x00, 0x00, 0x00, 0x00, 0x00, 0x00, 0x00, 0x00, 0x00, 0x00, 0x00,
    0x00, 0x00, 0x00, 0x00, 0x00, 0x00, 0x00, 0x00, 0x00, 0x00, 0x00, 0x00, 0x00, 0x00, 0x00, 0x00,
    0x00, 0x00, 0x00, 0x00, 0x00, 0x00, 0x00, 0x00, 0x00, 0x00, 0x00, 0x00, 0x00, 0x00, 0x00, 0x00,
    0x00, 0x00, 0x00, 0x00, 0x00, 0x00, 0x00, 0x00, 0x00, 0x00, 0x00, 0x00, 0x00, 0x00, 0x00, 0x00,
    0x00, 0x00, 0x00, 0x00, 0x00, 0x00, 0x00, 0x00, 0x00, 0x00, 0x00, 0x00, 0x00, 0x00, 0x00, 0x00,
    0x00, 0x00, 0x00, 0x00, 0x00, 0x00, 0x00, 0x00, 0x00, 0x00, 0x00, 0x00, 0x00, 0x00, 0x00, 0x00,
    0x00, 0x00, 0x00, 0x00, 0x00, 0x00, 0x00, 0x00, 0x00, 0x00, 0x00, 0x00, 0x00, 0x00, 0x00, 0x00,
    0x00, 0x00, 0x00, 0x00, 0x00, 0x00, 0x00, 0x00, 0x00, 0x00, 0x00, 0x00, 0x00, 0x00, 0x00, 0x00,
    0x00, 0x00, 0x00, 0x00, 0x00, 0x00, 0x00, 0x00, 0x00, 0x00, 0x00, 0x00, 0x00, 0x00, 0x00, 0x00,
    0x00, 0x00, 0x00, 0x00, 0x00, 0x00, 0x00, 0x00, 0x00, 0x00, 0x00, 0x00, 0x00, 0x00, 0x00, 0x00,
    0x00, 0x00, 0x00, 0x00, 0x00, 0x00, 0x00, 0x00, 0x00, 0x00, 0x00, 0x00, 0x00, 0x00, 0x00, 0x00,
    0x00, 0x00, 0x00, 0x00, 0x00, 0x00, 0x00, 0x00, 0x00, 0x00, 0x00, 0x00, 0x00, 0x00, 0x00, 0x00,
    0x00, 0x00, 0x00, 0x00, 0x00, 0x00, 0x00, 0x00, 0x00, 0x00, 0x00, 0x00, 0x00, 0x00, 0x00, 0x00,
    0x00, 0x00, 0x00, 0x00, 0x00, 0x00, 0x00, 0x00, 0x00, 0x00, 0x00, 0x00, 0x00, 0x00, 0x00, 0x00,
    0x00, 0x00, 0x00, 0x00, 0x00, 0x00, 0x00, 0x00, 0x00, 0x00, 0x00, 0x00, 0x00, 0x00, 0x00, 0x00,
    0x00, 0x00, 0x00, 0x00, 0x00, 0x00, 0x00, 0x00, 0x00, 0x00, 0x00, 0x00, 0x00, 0x00, 0x00, 0x00,
    0x00, 0x00, 0x00, 0x00, 0x00, 0x00, 0x00, 0x00, 0x00, 0x00, 0x00, 0x00, 0x00, 0x00, 0x00, 0x00,
    0x00, 0x00, 0x00, 0x00, 0x00, 0x00, 0x00, 0x00, 0x00, 0x00, 0x00, 0x00, 0x00, 0x00, 0x00, 0x00,
    0x00, 0x00, 0x00, 0x00, 0x00, 0x00, 0x00, 0x00, 0x00, 0x00, 0x00, 0x00, 0x00, 0x00, 0x00, 0x00,
    0x00, 0x00, 0x00, 0x00, 0x00, 0x00, 0x00, 0x00, 0x00, 0x00, 0x00, 0x00, 0x00, 0x00, 0x00, 0x00,
    0x00, 0x00, 0x00, 0x00, 0x00, 0x00, 0x00, 0x00, 0x00, 0x00, 0x00, 0x00, 0x00, 0x00, 0x00, 0x00,
    0x00, 0x00, 0x00, 0x00, 0x00, 0x00, 0x00, 0x00, 0x00, 0x00, 0x00, 0x00, 0x00, 0x00, 0x00, 0x00,
    0x00, 0x00, 0x00, 0x00, 0x00, 0x00, 0x00, 0x00, 0x00, 0x00, 0x00, 0x00, 0x00, 0x00, 0x00, 0x00,
    0x00, 0x00, 0x00, 0x00, 0x00, 0x00, 0x00, 0x00, 0x00, 0x00, 0x00, 0x00, 0x00, 0x00, 0x00, 0x00,
    0x00, 0x00, 0x00, 0x00, 0x00, 0x00, 0x00, 0x00, 0x00, 0x00, 0x00, 0x00, 0x00, 0x00, 0x00, 0x00,
    0x00, 0x00, 0x00, 0x00, 0x00, 0x00, 0x00, 0x00, 0x00, 0x00, 0x00, 0x00, 0x00, 0x00, 0x00, 0x00,
    0x00, 0x00, 0x00, 0x00, 0x00, 0x00, 0x00, 0x00, 0x00, 0x00, 0x00, 0x00, 0x00, 0x00, 0x00, 0x00,
    0x00, 0x00, 0x00, 0x00, 0x00, 0x00, 0x00, 0x00, 0x00, 0x00, 0x00, 0x00, 0x00, 0x00, 0x00, 0x00,
    0x00, 0x00, 0x00, 0x00, 0x00, 0x00, 0x00, 0x00, 0x00, 0x00, 0x00, 0x00, 0x00, 0x00, 0x00, 0x00,
    0x00, 0x00, 0x00, 0x00, 0x00, 0x00, 0x00, 0x00, 0x00, 0x00, 0x00, 0x00, 0x00, 0x00, 0x00, 0x00,
    0x00, 0x00, 0x00, 0x00, 0x00, 0x00, 0x00, 0x00, 0x00, 0x00, 0x00, 0x00, 0x00, 0x00, 0x00, 0x00,
    0x00, 0x00, 0x00, 0x00, 0x00, 0x00, 0x00, 0x00, 0x00, 0x00, 0x00, 0x00, 0x00, 0x00, 0x00, 0x00,
    0x00, 0x00, 0x00, 0x00, 0x00, 0x00, 0x00, 0x00, 0x00, 0x00, 0x00, 0x00, 0x00, 0x00, 0x00, 0x00,
    0x00, 0x00, 0x00, 0x00, 0x00, 0x00, 0x00, 0x00, 0x00, 0x00, 0x00, 0x00, 0x00, 0x00, 0x00, 0x00,
    0x00, 0x00, 0x00, 0x00, 0x00, 0x00, 0x00, 0x00, 0x00, 0x00, 0x00, 0x00, 0x00, 0x00, 0x00, 0x00,
    0x00, 0x00, 0x00, 0x00, 0x00, 0x00, 0x00, 0x00, 0x00, 0x00, 0x00, 0x00, 0x00, 0x00, 0x00, 0x00,
    0x00, 0x00, 0x00, 0x00, 0x00, 0x00, 0x00, 0x00, 0x00, 0x00, 0x00, 0x00, 0x00, 0x00, 0x00, 0x00,
    0x00, 0x00, 0x00, 0x00, 0x00, 0x00, 0x00, 0x00, 0x00, 0x00, 0x00, 0x00, 0x00, 0x00, 0x00, 0x00,
    0x00, 0x00, 0x00, 0x00, 0x00, 0x00, 0x00, 0x00, 0x00, 0x00, 0x00, 0x00, 0x00, 0x00, 0x00, 0x00,
    0x00, 0x00, 0x00, 0x00, 0x00, 0x00, 0x00, 0x00, 0x00, 0x00, 0x00, 0x00, 0x00, 0x00, 0x00, 0x00,
    0x00, 0x00, 0x00, 0x00, 0x00, 0x00, 0x00, 0x00, 0x00, 0x00, 0x00, 0x00, 0x00, 0x00, 0x00, 0x00,
    0x00, 0x00, 0x00, 0x00, 0x00, 0x00, 0x00, 0x00, 0x00, 0x00, 0x00, 0x00, 0x00, 0x00, 0x00, 0x00,
    0x00, 0x00, 0x00, 0x00, 0x00, 0x00, 0x00, 0x00, 0x00, 0x00, 0x00, 0x00, 0x00, 0x00, 0x00, 0x00,
    0x00, 0x00, 0x00, 0x00, 0x00, 0x00, 0x00, 0x00, 0x00, 0x00, 0x00, 0x00, 0x00, 0x00, 0x00, 0x00,
    0x00, 0x00, 0x00, 0x00, 0x00, 0x00, 0x00, 0x00, 0x00, 0x00, 0x00, 0x00, 0x00, 0x00, 0x00, 0x00,
    0x00, 0x00, 0x00, 0x00, 0x00, 0x00, 0x00, 0x00, 0x00, 0x00, 0x00, 0x00, 0x00, 0x00, 0x00, 0x00,
    0x00, 0x00, 0x00, 0x00, 0x00, 0x00, 0x00, 0x00, 0x00, 0x00, 0x00, 0x00, 0x00, 0x00, 0x00, 0x00,
    0x00, 0x00, 0x00, 0x00, 0x00, 0x00, 0x00, 0x00, 0x00, 0x00, 0x00, 0x00, 0x00, 0x00, 0x00, 0x00,
    0x00, 0x00, 0x00, 0x00, 0x00, 0x00, 0x00, 0x00, 0x00, 0x00, 0x00, 0x00, 0x00, 0x00, 0x00, 0x00,
    0x00, 0x00, 0x00, 0x00, 0x00, 0x00, 0x00, 0x00, 0x00, 0x00, 0x00, 0x00, 0x00, 0x00, 0x00, 0x00,
    0x00, 0x00, 0x00, 0x00, 0x00, 0x00, 0x00, 0x00, 0x00, 0x00, 0x00, 0x00, 0x00, 0x00, 0x00, 0x00,
    0x00, 0x00, 0x00, 0x00, 0x00, 0x00, 0x00, 0x00, 0x00, 0x00, 0x00, 0x00, 0x00, 0x00, 0x00, 0x00,
    0x00, 0x00, 0x00, 0x00, 0x00, 0x00, 0x00, 0x00, 0x00, 0x00, 0x00, 0x00, 0x00, 0x00, 0x00, 0x00,
    0x00, 0x00, 0x00, 0x00, 0x00, 0x00, 0x00, 0x00, 0x00, 0x00, 0x00, 0x00, 0x00, 0x00, 0x00, 0x00,
    0x00, 0x00, 0x00, 0x00, 0x00, 0x00, 0x00, 0x00, 0x00, 0x00, 0x00, 0x00, 0x00, 0x00, 0x00, 0x00,
    0x00, 0x00, 0x00, 0x00, 0x00, 0x00, 0x00, 0x00, 0x00, 0x00, 0x00, 0x00, 0x00, 0x00, 0x00, 0x00,
    0x00, 0x00, 0x00, 0x00, 0x00, 0x00, 0x00, 0x00, 0x00, 0x00, 0x00, 0x00, 0x00, 0x00, 0x00, 0x00,
    0x00, 0x00, 0x00, 0x00, 0x00, 0x00, 0x00, 0x00, 0x00, 0x00, 0x00, 0x00, 0x00, 0x00, 0x00, 0x00,
    0x00, 0x00, 0x00, 0x00, 0x00, 0x00, 0x00, 0x00, 0x00, 0x00, 0x00, 0x00, 0x00, 0x00, 0x00, 0x00,
    0x00, 0x00, 0x00, 0x00, 0x00, 0x00, 0x00, 0x00, 0x00, 0x00, 0x00, 0x00, 0x00, 0x00, 0x00, 0x00,
    0x00, 0x00, 0x00, 0x00, 0x00, 0x00, 0x00, 0x00, 0x00, 0x00, 0x00, 0x00, 0x00, 0x00, 0x00, 0x00,
    0x00, 0x00, 0x00, 0x00, 0x00, 0x00, 0x00, 0x00, 0x00, 0x00, 0x00, 0x00, 0x00, 0x00, 0x00, 0x00,
    0x00, 0x00, 0x00, 0x00, 0x00, 0x00, 0x00, 0x00, 0x00, 0x00, 0x00, 0x00, 0x00, 0x00, 0x00, 0x00,
    0x00, 0x00, 0x00, 0x00, 0x00, 0x00, 0x00, 0x00, 0x00, 0x00, 0x00, 0x00, 0x00, 0x00, 0x00, 0x00,
    0x00, 0x00, 0x00, 0x00, 0x00, 0x00, 0x00, 0x00, 0x00, 0x00, 0x00, 0x00, 0x00, 0x00, 0x00, 0x00,
    0x00, 0x00, 0x00, 0x00, 0x00, 0x00, 0x00, 0x00, 0x00, 0x00, 0x00, 0x00, 0x00, 0x00, 0x00, 0x00,
    0x00, 0x00, 0x00, 0x00, 0x00, 0x00, 0x00, 0x00, 0x00, 0x00, 0x00, 0x00, 0x00, 0x00, 0x00, 0x00,
    0x00, 0x00, 0x00, 0x00, 0x00, 0x00, 0x00, 0x00, 0x00, 0x00, 0x00, 0x00, 0x00, 0x00, 0x00, 0x00,
    0x00, 0x00, 0x00, 0x00, 0x00, 0x00, 0x00, 0x00, 0x00, 0x00, 0x00, 0x00, 0x00, 0x00, 0x00, 0x00,
    0x00, 0x00, 0x00, 0x00, 0x00, 0x00, 0x00, 0x00, 0x00, 0x00, 0x00, 0x00, 0x00, 0x00, 0x00, 0x00,
    0x00, 0x00, 0x00, 0x00, 0x00, 0x00, 0x00, 0x00, 0x00, 0x00, 0x00, 0x00, 0x00, 0x00, 0x00, 0x00,
    0x00, 0x00, 0x00, 0x00, 0x00, 0x00, 0x00, 0x00, 0x00, 0x00, 0x00, 0x00, 0x00, 0x00, 0x00, 0x00,
    0x00, 0x00, 0x00, 0x00, 0x00, 0x00, 0x00, 0x00, 0x00, 0x00, 0x00, 0x00, 0x00, 0x00, 0x00, 0x00,
    0x00, 0x00, 0x00, 0x00, 0x00, 0x00, 0x00, 0x00, 0x00, 0x00, 0x00, 0x00, 0x00, 0x00, 0x00, 0x00,
    0x00, 0x00, 0x00, 0x00, 0x00, 0x00, 0x00, 0x00, 0x00, 0x00, 0x00, 0x00, 0x00, 0x00, 0x00, 0x00,
    0x00, 0x00, 0x00, 0x00, 0x00, 0x00, 0x00, 0x00, 0x00, 0x00, 0x00, 0x00, 0x00, 0x00, 0x00, 0x00,
    0x00, 0x00, 0x00, 0x00, 0x00, 0x00, 0x00, 0x00, 0x00, 0x00, 0x00, 0x00, 0x00, 0x00, 0x00, 0x00,
    0x00, 0x00, 0x00, 0x00, 0x00, 0x00, 0x00, 0x00, 0x00, 0x00, 0x00, 0x00, 0x00, 0x00, 0x00, 0x00,
    0x00, 0x00, 0x00, 0x00, 0x00, 0x00, 0x00, 0x00, 0x00, 0x00, 0x00, 0x00, 0x00, 0x00, 0x00, 0x00,
    0x00, 0x00, 0x00, 0x00, 0x00, 0x00, 0x00, 0x00, 0x00, 0x00, 0x00, 0x00, 0x00, 0x00, 0x00, 0x00,
    0x00, 0x00, 0x00, 0x00, 0x00, 0x00, 0x00, 0x00, 0x00, 0x00, 0x00, 0x00, 0x00, 0x00, 0x00, 0x00,
    0x00, 0x00, 0x00, 0x00, 0x00, 0x00, 0x00, 0x00, 0x00, 0x00, 0x00, 0x00, 0x00, 0x00, 0x00, 0x00,
    0x00, 0x00, 0x00, 0x00, 0x00, 0x00, 0x00, 0x00, 0x00, 0x00, 0x00, 0x00, 0x00, 0x00, 0x00, 0x00,
    0x00, 0x00, 0x00, 0x00, 0x00, 0x00, 0x00, 0x00, 0x00, 0x00, 0x00, 0x00, 0x00, 0x00, 0x00, 0x00,
    0x00, 0x00, 0x00, 0x00, 0x00, 0x00, 0x00, 0x00, 0x00, 0x00, 0x00, 0x00, 0x00, 0x00, 0x00, 0x00,
    0x00, 0x00, 0x00, 0x00, 0x00, 0x00, 0x00, 0x00, 0x00, 0x00, 0x00, 0x00, 0x00, 0x00, 0x00, 0x00,
    0x00, 0x00, 0x00, 0x00, 0x00, 0x00, 0x00, 0x00, 0x00, 0x00, 0x00, 0x00, 0x00, 0x00, 0x00, 0x00,
    0x00, 0x00, 0x00, 0x00, 0x00, 0x00, 0x00, 0x00, 0x00, 0x00, 0x00, 0x00, 0x00, 0x00, 0x00, 0x00,
    0x00, 0x00, 0x00, 0x00, 0x00, 0x00, 0x00, 0x00, 0x00, 0x00, 0x00, 0x00, 0x00, 0x00, 0x00, 0x00,
    0x00, 0x00, 0x00, 0x00, 0x00, 0x00, 0x00, 0x00, 0x00, 0x00, 0x00, 0x00, 0x00, 0x00, 0x00, 0x00,
    0x00, 0x00, 0x00, 0x00, 0x00, 0x00, 0x00, 0x00, 0x00, 0x00, 0x00, 0x00, 0x00, 0x00, 0x00, 0x00,
    0x00, 0x00, 0x00, 0x00, 0x00, 0x00, 0x00, 0x00, 0x00, 0x00, 0x00, 0x00, 0x00, 0x00, 0x00, 0x00,
    0x00, 0x00, 0x00, 0x00, 0x00, 0x00, 0x00, 0x00, 0x00, 0x00, 0x00, 0x00, 0x00, 0x00, 0x00, 0x00,
    0x00, 0x00, 0x00, 0x00, 0x00, 0x00, 0x00, 0x00, 0x00, 0x00, 0x00, 0x00, 0x00, 0x00, 0x00, 0x00,
    0x00, 0x00, 0x00, 0x00, 0x00, 0x00, 0x00, 0x00, 0x00, 0x00, 0x00, 0x00, 0x00, 0x00, 0x00, 0x00,
    0x00, 0x00, 0x00, 0x00, 0x00, 0x00, 0x00, 0x00, 0x00, 0x00, 0x00, 0x00, 0x00, 0x00, 0x00, 0x00,
    0x00, 0x00, 0x00, 0x00, 0x00, 0x00, 0x00, 0x00, 0x00, 0x00, 0x00, 0x00, 0x00, 0x00, 0x00, 0x00,
    0x00, 0x00, 0x00, 0x00, 0x00, 0x00, 0x00, 0x00, 0x00, 0x00, 0x00, 0x00, 0x00, 0x00, 0x00, 0x00,
    0x00, 0x00, 0x00, 0x00, 0x00, 0x00, 0x00, 0x00, 0x00, 0x00, 0x00, 0x00, 0x00, 0x00, 0x00, 0x00,
    0x00, 0x00, 0x00, 0x00, 0x00, 0x00, 0x00, 0x00, 0x00, 0x00, 0x00, 0x00, 0x00, 0x00, 0x00, 0x00,
    0x00, 0x00, 0x00, 0x00, 0x00, 0x00, 0x00, 0x00, 0x00, 0x00, 0x00, 0x00, 0x00, 0x00, 0x00, 0x00,
    0x00, 0x00, 0x00, 0x00, 0x00, 0x00, 0x00, 0x00, 0x00, 0x00, 0x00, 0x00, 0x00, 0x00, 0x00, 0x00,
    0x00, 0x00, 0x00, 0x00, 0x00, 0x00, 0x00, 0x00, 0x00, 0x00, 0x00, 0x00, 0x00, 0x00, 0x00, 0x00,
    0x00, 0x00, 0x00, 0x00, 0x00, 0x00, 0x00, 0x00, 0x00, 0x00, 0x00, 0x00, 0x00, 0x00, 0x00, 0x00,
    0x00, 0x00, 0x00, 0x00, 0x00, 0x00, 0x00, 0x00, 0x00, 0x00, 0x00, 0x00, 0x00, 0x00, 0x00, 0x00,
    0x00, 0x00, 0x00, 0x00, 0x00, 0x00, 0x00, 0x00, 0x00, 0x00, 0x00, 0x00, 0x00, 0x00, 0x00, 0x00,
    0x00, 0x00, 0x00, 0x00, 0x00, 0x00, 0x00, 0x00, 0x00, 0x00, 0x00, 0x00, 0x00, 0x00, 0x00, 0x00,
    0x00, 0x00, 0x00, 0x00, 0x00, 0x00, 0x00, 0x00, 0x00, 0x00, 0x00, 0x00, 0x00, 0x00, 0x00, 0x00,
    0x00, 0x00, 0x00, 0x00, 0x00, 0x00, 0x00, 0x00, 0x00, 0x00, 0x00, 0x00, 0x00, 0x00, 0x00, 0x00,
    0x00, 0x00, 0x00, 0x00, 0x00, 0x00, 0x00, 0x00, 0x00, 0x00, 0x00, 0x00, 0x00, 0x00, 0x00, 0x00,
    0x00, 0x00, 0x00, 0x00, 0x00, 0x00, 0x00, 0x00, 0x00, 0x00, 0x00, 0x00, 0x00, 0x00, 0x00, 0x00,
    0x00, 0x00, 0x00, 0x00, 0x00, 0x00, 0x00, 0x00, 0x00, 0x00, 0x00, 0x00, 0x00, 0x00, 0x00, 0x00,
    0x00, 0x00, 0x00, 0x00, 0x00, 0x00, 0x00, 0x00, 0x00, 0x00, 0x00, 0x00, 0x00, 0x00, 0x00, 0x00,
    0x00, 0x00, 0x00, 0x00, 0x00, 0x00, 0x00, 0x00, 0x00, 0x00, 0x00, 0x00, 0x00, 0x00, 0x00, 0x00,
    0x00, 0x00, 0x00, 0x00, 0x00, 0x00, 0x00, 0x00, 0x00, 0x00, 0x00, 0x00, 0x00, 0x00, 0x00, 0x00,
    0x00, 0x00, 0x00, 0x00, 0x00, 0x00, 0x00, 0x00, 0x00, 0x00, 0x00, 0x00, 0x00, 0x00, 0x00, 0x00,
    0x00, 0x00, 0x00, 0x00, 0x00, 0x00, 0x00, 0x00, 0x00, 0x00, 0x00, 0x00, 0x00, 0x00, 0x00, 0x00,
    0x00, 0x00, 0x00, 0x00, 0x00, 0x00, 0x00, 0x00, 0x00, 0x00, 0x00, 0x00, 0x00, 0x00, 0x00, 0x00,
    0x00, 0x00, 0x00, 0x00, 0x00, 0x00, 0x00, 0x00, 0x00, 0x00, 0x00, 0x00, 0x00, 0x00, 0x00, 0x00,
    0x00, 0x00, 0x00, 0x00, 0x00, 0x00, 0x00, 0x00, 0x00, 0x00, 0x00, 0x00, 0x00, 0x00, 0x00, 0x00,
    0x00, 0x00, 0x00, 0x00, 0x00, 0x00, 0x00, 0x00, 0x00, 0x00, 0x00, 0x00, 0x00, 0x00, 0x00, 0x00,
    0x00, 0x00, 0x00, 0x00, 0x00, 0x00, 0x00, 0x00, 0x00, 0x00, 0x00, 0x00, 0x00, 0x00, 0x00, 0x00,
    0x00, 0x00, 0x00, 0x00, 0x00, 0x00, 0x00, 0x00, 0x00, 0x00, 0x00, 0x00, 0x00, 0x00, 0x00, 0x00,
    0x00, 0x00, 0x00, 0x00, 0x00, 0x00, 0x00, 0x00, 0x00, 0x00, 0x00, 0x00, 0x00, 0x00, 0x00, 0x00,
    0x00, 0x00, 0x00, 0x00, 0x00, 0x00, 0x00, 0x00, 0x00, 0x00, 0x00, 0x00, 0x00, 0x00, 0x00, 0x00,
    0x00, 0x00, 0x00, 0x00, 0x00, 0x00, 0x00, 0x00, 0x00, 0x00, 0x00, 0x00, 0x00, 0x00, 0x00, 0x00,
    0x00, 0x00, 0x00, 0x00, 0x00, 0x00, 0x00, 0x00, 0x00, 0x00, 0x00, 0x00, 0x00, 0x00, 0x00, 0x00,
    0x00, 0x00, 0x00, 0x00, 0x00, 0x00, 0x00, 0x00, 0x00, 0x00, 0x00, 0x00, 0x00, 0x00, 0x00, 0x00,
    0x00, 0x00, 0x00, 0x00, 0x00, 0x00, 0x00, 0x00, 0x00, 0x00, 0x00, 0x00, 0x00, 0x00, 0x00, 0x00,
    0x00, 0x00, 0x00, 0x00, 0x00, 0x00, 0x00, 0x00, 0x00, 0x00, 0x00, 0x00, 0x00, 0x00, 0x00, 0x00,
    0x00, 0x00, 0x00, 0x00, 0x00, 0x00, 0x00, 0x00, 0x00, 0x00, 0x00, 0x00, 0x00, 0x00, 0x00, 0x00,
    0x00, 0x00, 0x00, 0x00, 0x00, 0x00, 0x00, 0x00, 0x00, 0x00, 0x00, 0x00, 0x00, 0x00, 0x00, 0x00,
    0x00, 0x00, 0x00, 0x00, 0x00, 0x00, 0x00, 0x00, 0x00, 0x00, 0x00, 0x00, 0x00, 0x00, 0x00, 0x00,
    0x00, 0x00, 0x00, 0x00, 0x00, 0x00, 0x00, 0x00, 0x00, 0x00, 0x00, 0x00, 0x00, 0x00, 0x00, 0x00,
    0x00, 0x00, 0x00, 0x00, 0x00, 0x00, 0x00, 0x00, 0x00, 0x00, 0x00, 0x00, 0x00, 0x00, 0x00, 0x00,
    0x00, 0x00, 0x00, 0x00, 0x00, 0x00, 0x00, 0x00, 0x00, 0x00, 0x00, 0x00, 0x00, 0x00, 0x00, 0x00,
    0x00, 0x00, 0x00, 0x00, 0x00, 0x00, 0x00, 0x00, 0x00, 0x00, 0x00, 0x00, 0x00, 0x00, 0x00, 0x00,
    0x00, 0x00, 0x00, 0x00, 0x00, 0x00, 0x00, 0x00, 0x00, 0x00, 0x00, 0x00, 0x00, 0x00, 0x00, 0x00,
    0x00, 0x00, 0x00, 0x00, 0x00, 0x00, 0x00, 0x00, 0x00, 0x00, 0x00, 0x00, 0x00, 0x00, 0x00, 0x00,
    0x00, 0x00, 0x00, 0x00, 0x00, 0x00, 0x00, 0x00, 0x00, 0x00, 0x00, 0x00, 0x00, 0x00, 0x00, 0x00,
    0x00, 0x00, 0x00, 0x00, 0x00, 0x00, 0x00, 0x00, 0x00, 0x00, 0x00, 0x00, 0x00, 0x00, 0x00, 0x00,
    0x00, 0x00, 0x00, 0x00, 0x00, 0x00, 0x00, 0x00, 0x00, 0x00, 0x00, 0x00, 0x00, 0x00, 0x00, 0x00,
    0x00, 0x00, 0x00, 0x00, 0x00, 0x00, 0x00, 0x00, 0x00, 0x00, 0x00, 0x00, 0x00, 0x00, 0x00, 0x00,
    0x00, 0x00, 0x00, 0x00, 0x00, 0x00, 0x00, 0x00, 0x00, 0x00, 0x00, 0x00, 0x00, 0x00, 0x00, 0x00,
    0x00, 0x00, 0x00, 0x00, 0x00, 0x00, 0x00, 0x00, 0x00, 0x00, 0x00, 0x00, 0x00, 0x00, 0x00, 0x00,
    0x00, 0x00, 0x00, 0x00, 0x00, 0x00, 0x00, 0x00, 0x00, 0x00, 0x00, 0x00, 0x00, 0x00, 0x00, 0x00,
    0x00, 0x00, 0x00, 0x00, 0x00, 0x00, 0x00, 0x00, 0x00, 0x00, 0x00, 0x00, 0x00, 0x00, 0x00, 0x00,
    0x00, 0x00, 0x00, 0x00, 0x00, 0x00, 0x00, 0x00, 0x00, 0x00, 0x00, 0x00, 0x00, 0x00, 0x00, 0x00,
    0x00, 0x00, 0x00, 0x00, 0x00, 0x00, 0x00, 0x00, 0x00, 0x00, 0x00, 0x00, 0x00, 0x00, 0x00, 0x00,
    0x00, 0x00, 0x00, 0x00, 0x00, 0x00, 0x00, 0x00, 0x00, 0x00, 0x00, 0x00, 0x00, 0x00, 0x00, 0x00,
    0x00, 0x00, 0x00, 0x00, 0x00, 0x00, 0x00, 0x00, 0x00, 0x00, 0x00, 0x00, 0x00, 0x00, 0x00, 0x00,
    0x00, 0x00, 0x00, 0x00, 0x00, 0x00, 0x00, 0x00, 0x00, 0x00, 0x00, 0x00, 0x00, 0x00, 0x00, 0x00,
    0x00, 0x00, 0x00, 0x00, 0x00, 0x00, 0x00, 0x00, 0x00, 0x00, 0x00, 0x00, 0x00, 0x00, 0x00, 0x00,
    0x00, 0x00, 0x00, 0x00, 0x00, 0x00, 0x00, 0x00, 0x00, 0x00, 0x00, 0x00, 0x00, 0x00, 0x00, 0x00,
    0x00, 0x00, 0x00, 0x00, 0x00, 0x00, 0x00, 0x00, 0x00, 0x00, 0x00, 0x00, 0x00, 0x00, 0x00, 0x00,
    0x00, 0x00, 0x00, 0x00, 0x00, 0x00, 0x00, 0x00, 0x00, 0x00, 0x00, 0x00, 0x00, 0x00, 0x00, 0x00,
    0x00, 0x00, 0x00, 0x00, 0x00, 0x00, 0x00, 0x00, 0x00, 0x00, 0x00, 0x00, 0x00, 0x00, 0x00, 0x00,
    0x00, 0x00, 0x00, 0x00, 0x00, 0x00, 0x00, 0x00, 0x00, 0x00, 0x00, 0x00, 0x00, 0x00, 0x00, 0x00,
    0x00, 0x00, 0x00, 0x00, 0x00, 0x00, 0x00, 0x00, 0x00, 0x00, 0x00, 0x00, 0x00, 0x00, 0x00, 0x00,
    0x00, 0x00, 0x00, 0x00, 0x00, 0x00, 0x00, 0x00, 0x00, 0x00, 0x00, 0x00, 0x00, 0x00, 0x00, 0x00,
    0x00, 0x00, 0x00, 0x00, 0x00, 0x00, 0x00, 0x00, 0x00, 0x00, 0x00, 0x00, 0x00, 0x00, 0x00, 0x00,
    0x00, 0x00, 0x00, 0x00, 0x00, 0x00, 0x00, 0x00, 0x00, 0x00, 0x00, 0x00, 0x00, 0x00, 0x00, 0x00,
    0x00, 0x00, 0x00, 0x00, 0x00, 0x00, 0x00, 0x00, 0x00, 0x00, 0x00, 0x00, 0x00, 0x00, 0x00, 0x00,
    0x00, 0x00, 0x00, 0x00, 0x00, 0x00, 0x00, 0x00, 0x00, 0x00, 0x00, 0x00, 0x00, 0x00, 0x00, 0x00,
    0x00, 0x00, 0x00, 0x00, 0x00, 0x00, 0x00, 0x00, 0x00, 0x00, 0x00, 0x00, 0x00, 0x00, 0x00, 0x00,
    0x00, 0x00, 0x00, 0x00, 0x00, 0x00, 0x00, 0x00, 0x00, 0x00, 0x00, 0x00, 0x00, 0x00, 0x00, 0x00,
    0x00, 0x00, 0x00, 0x00, 0x00, 0x00, 0x00, 0x00, 0x00, 0x00, 0x00, 0x00, 0x00, 0x00, 0x00, 0x00,
    0x00, 0x00, 0x00, 0x00, 0x00, 0x00, 0x00, 0x00, 0x00, 0x00, 0x00, 0x00, 0x00, 0x00, 0x00, 0x00,
    0x00, 0x00, 0x00, 0x00, 0x00, 0x00, 0x00, 0x00, 0x00, 0x00, 0x00, 0x00, 0x00, 0x00, 0x00, 0x00,
    0x00, 0x00, 0x00, 0x00, 0x00, 0x00, 0x00, 0x00, 0x00, 0x00, 0x00, 0x00, 0x00, 0x00, 0x00, 0x00,
    0x00, 0x00, 0x00, 0x00, 0x00, 0x00, 0x00, 0x00, 0x00, 0x00, 0x00, 0x00, 0x00, 0x00, 0x00, 0x00,
    0x00, 0x00, 0x00, 0x00, 0x00, 0x00, 0x00, 0x00, 0x00, 0x00, 0x00, 0x00, 0x00, 0x00, 0x00, 0x00,
    0x00, 0x00, 0x00, 0x00, 0x00, 0x00, 0x00, 0x00, 0x00, 0x00, 0x00, 0x00, 0x00, 0x00, 0x00, 0x00,
    0x00, 0x00, 0x00, 0x00, 0x00, 0x00, 0x00, 0x00, 0x00, 0x00, 0x00, 0x00, 0x00, 0x00, 0x00, 0x00,
    0x00, 0x00, 0x00, 0x00, 0x00, 0x00, 0x00, 0x00, 0x00, 0x00, 0x00, 0x00, 0x00, 0x00, 0x00, 0x00,
    0x00, 0x00, 0x00, 0x00, 0x00, 0x00, 0x00, 0x00, 0x00, 0x00, 0x00, 0x00, 0x00, 0x00, 0x00, 0x00,
    0x00, 0x00, 0x00, 0x00, 0x00, 0x00, 0x00, 0x00, 0x00, 0x00, 0x00, 0x00, 0x00, 0x00, 0x00, 0x00,
    0x00, 0x00, 0x00, 0x00, 0x00, 0x00, 0x00, 0x00, 0x00, 0x00, 0x00, 0x00, 0x00, 0x00, 0x00, 0x00,
    0x00, 0x00, 0x00, 0x00, 0x00, 0x00, 0x00, 0x00, 0x00, 0x00, 0x00, 0x00, 0x00, 0x00, 0x00, 0x00,
    0x00, 0x00, 0x00, 0x00, 0x00, 0x00, 0x00, 0x00, 0x00, 0x00, 0x00, 0x00, 0x00, 0x00, 0x00, 0x00,
    0x00, 0x00, 0x00, 0x00, 0x00, 0x00, 0x00, 0x00, 0x00, 0x00, 0x00, 0x00, 0x00, 0x00, 0x00, 0x00,
    0x00, 0x00, 0x00, 0x00, 0x00, 0x00, 0x00, 0x00, 0x00, 0x00, 0x00, 0x00, 0x00, 0x00, 0x00, 0x00,
    0x00, 0x00, 0x00, 0x00, 0x00, 0x00, 0x00, 0x00, 0x00, 0x00, 0x00, 0x00, 0x00, 0x00, 0x00, 0x00,
    0x00, 0x00, 0x00, 0x00, 0x00, 0x00, 0x00, 0x00, 0x00, 0x00, 0x00, 0x00, 0x00, 0x00, 0x00, 0x00,
    0x00, 0x00, 0x00, 0x00, 0x00, 0x00, 0x00, 0x00, 0x00, 0x00, 0x00, 0x00, 0x00, 0x00, 0x00, 0x00,
    0x00, 0x00, 0x00, 0x00, 0x00, 0x00, 0x00, 0x00, 0x00, 0x00, 0x00, 0x00, 0x00, 0x00, 0x00, 0x00,
    0x00, 0x00, 0x00, 0x00, 0x00, 0x00, 0x00, 0x00, 0x00, 0x00, 0x00, 0x00, 0x00, 0x00, 0x00, 0x00,
    0x00, 0x00, 0x00, 0x00, 0x00, 0x00, 0x00, 0x00, 0x00, 0x00, 0x00, 0x00, 0x00, 0x00, 0x00, 0x00,
    0x00, 0x00, 0x00, 0x00, 0x00, 0x00, 0x00, 0x00, 0x00, 0x00, 0x00, 0x00, 0x00, 0x00, 0x00, 0x00,
    0x00, 0x00, 0x00, 0x00, 0x00, 0x00, 0x00, 0x00, 0x00, 0x00, 0x00, 0x00, 0x00, 0x00, 0x00, 0x00,
    0x00, 0x00, 0x00, 0x00, 0x00, 0x00, 0x00, 0x00, 0x00, 0x00, 0x00, 0x00, 0x00, 0x00, 0x00, 0x00,
    0x00, 0x00, 0x00, 0x00, 0x00, 0x00, 0x00, 0x00, 0x00, 0x00, 0x00, 0x00, 0x00, 0x00, 0x00, 0x00,
    0x00, 0x00, 0x00, 0x00, 0x00, 0x00, 0x00, 0x00, 0x00, 0x00, 0x00, 0x00, 0x00, 0x00, 0x00, 0x00,
    0x00, 0x00, 0x00, 0x00, 0x00, 0x00, 0x00, 0x00, 0x00, 0x00, 0x00, 0x00, 0x00, 0x00, 0x00, 0x00,
    0x00, 0x00, 0x00, 0x00, 0x00, 0x00, 0x00, 0x00, 0x00, 0x00, 0x00, 0x00, 0x00, 0x00, 0x00, 0x00,
    0x00, 0x00, 0x00, 0x00, 0x00, 0x00, 0x00, 0x00, 0x00, 0x00, 0x00, 0x00, 0x00, 0x00, 0x00, 0x00,
    0x00, 0x00, 0x00, 0x00, 0x00, 0x00, 0x00, 0x00, 0x00, 0x00, 0x00, 0x00, 0x00, 0x00, 0x00, 0x00,
    0x00, 0x00, 0x00, 0x00, 0x00, 0x00, 0x00, 0x00, 0x00, 0x00, 0x00, 0x00, 0x00, 0x00, 0x00, 0x00,
    0x00, 0x00, 0x00, 0x00, 0x00, 0x00, 0x00, 0x00, 0x00, 0x00, 0x00, 0x00, 0x00, 0x00, 0x00, 0x00,
    0x00, 0x00, 0x00, 0x00, 0x00, 0x00, 0x00, 0x00, 0x00, 0x00, 0x00, 0x00, 0x00, 0x00, 0x00, 0x00,
    0x00, 0x00, 0x00, 0x00, 0x00, 0x00, 0x00, 0x00, 0x00, 0x00, 0x00, 0x00, 0x00, 0x00, 0x00, 0x00,
    0x00, 0x00, 0x00, 0x00, 0x00, 0x00, 0x00, 0x00, 0x00, 0x00, 0x00, 0x00, 0x00, 0x00, 0x00, 0x00,
    0x00, 0x00, 0x00, 0x00, 0x00, 0x00, 0x00, 0x00, 0x00, 0x00, 0x00, 0x00, 0x00, 0x00, 0x00, 0x00,
    0x00, 0x00, 0x00, 0x00, 0x00, 0x00, 0x00, 0x00, 0x00, 0x00, 0x00, 0x00, 0x00, 0x00, 0x00, 0x00,
    0x00, 0x00, 0x00, 0x00, 0x00, 0x00, 0x00, 0x00, 0x00, 0x00, 0x00, 0x00, 0x00, 0x00, 0x00, 0x00,
    0x00, 0x00, 0x00, 0x00, 0x00, 0x00, 0x00, 0x00, 0x00, 0x00, 0x00, 0x00, 0x00, 0x00, 0x00, 0x00,
    0x00, 0x00, 0x00, 0x00, 0x00, 0x00, 0x00, 0x00, 0x00, 0x00, 0x00, 0x00, 0x00, 0x00, 0x00, 0x00,
    0x00, 0x00, 0x00, 0x00, 0x00, 0x00, 0x00, 0x00, 0x00, 0x00, 0x00, 0x00, 0x00, 0x00, 0x00, 0x00,
    0x00, 0x00, 0x00, 0x00, 0x00, 0x00, 0x00, 0x00, 0x00, 0x00, 0x00, 0x00, 0x00, 0x00, 0x00, 0x00,
    0x00, 0x00, 0x00, 0x00, 0x00, 0x00, 0x00, 0x00, 0x00, 0x00, 0x00, 0x00, 0x00, 0x00, 0x00, 0x00,
    0x00, 0x00, 0x00, 0x00, 0x00, 0x00, 0x00, 0x00, 0x00, 0x00, 0x00, 0x00, 0x00, 0x00, 0x00, 0x00,
    0x00, 0x00, 0x00, 0x00, 0x00, 0x00, 0x00, 0x00, 0x00, 0x00, 0x00, 0x00, 0x00, 0x00, 0x00, 0x00,
    0x00, 0x00, 0x00, 0x00, 0x00, 0x00, 0x00, 0x00, 0x00, 0x00, 0x00, 0x00, 0x00, 0x00, 0x00, 0x00,
    0x00, 0x00, 0x00, 0x00, 0x00, 0x00, 0x00, 0x00, 0x00, 0x00, 0x00, 0x00, 0x00, 0x00, 0x00, 0x00,
    0x00, 0x00, 0x00, 0x00, 0x00, 0x00, 0x00, 0x00, 0x00, 0x00, 0x00, 0x00, 0x00, 0x00, 0x00, 0x00,
    0x00, 0x00, 0x00, 0x00, 0x00, 0x00, 0x00, 0x00, 0x00, 0x00, 0x00, 0x00, 0x00, 0x00, 0x00, 0x00,
    0x00, 0x00, 0x00, 0x00, 0x00, 0x00, 0x00, 0x00, 0x00, 0x00, 0x00, 0x00, 0x00, 0x00, 0x00, 0x00,
    0x00, 0x00, 0x00, 0x00, 0x00, 0x00, 0x00, 0x00, 0x00, 0x00, 0x00, 0x00, 0x00, 0x00, 0x00, 0x00,
    0x00, 0x00, 0x00, 0x00, 0x00, 0x00, 0x00, 0x00, 0x00, 0x00, 0x00, 0x00, 0x00, 0x00, 0x00, 0x00,
    0x00, 0x00, 0x00, 0x00, 0x00, 0x00, 0x00, 0x00, 0x00, 0x00, 0x00, 0x00, 0x00, 0x00, 0x00, 0x00,
    0x00, 0x00, 0x00, 0x00, 0x00, 0x00, 0x00, 0x00, 0x00, 0x00, 0x00, 0x00, 0x00, 0x00, 0x00, 0x00,
    0x00, 0x00, 0x00, 0x00, 0x00, 0x00, 0x00, 0x00, 0x00, 0x00, 0x00, 0x00, 0x00, 0x00, 0x00, 0x00,
    0x00, 0x00, 0x00, 0x00, 0x00, 0x00, 0x00, 0x00, 0x00, 0x00, 0x00, 0x00, 0x00, 0x00, 0x00, 0x00,
    0x00, 0x00, 0x00, 0x00, 0x00, 0x00, 0x00, 0x00, 0x00, 0x00, 0x00, 0x00, 0x00, 0x00, 0x00, 0x00,
    0x00, 0x00, 0x00, 0x00, 0x00, 0x00, 0x00, 0x00, 0x00, 0x00, 0x00, 0x00, 0x00, 0x00, 0x00, 0x00,
    0x00, 0x00, 0x00, 0x00, 0x00, 0x00, 0x00, 0x00, 0x00, 0x00, 0x00, 0x00, 0x00, 0x00, 0x00, 0x00,
    0x00, 0x00, 0x00, 0x00, 0x00, 0x00, 0x00, 0x00, 0x00, 0x00, 0x00, 0x00, 0x00, 0x00, 0x00, 0x00,
    0x00, 0x00, 0x00, 0x00, 0x00, 0x00, 0x00, 0x00, 0x00, 0x00, 0x00, 0x00, 0x00, 0x00, 0x00, 0x00,
    0x00, 0x00, 0x00, 0x00, 0x00, 0x00, 0x00, 0x00, 0x00, 0x00, 0x00, 0x00, 0x00, 0x00, 0x00, 0x00,
    0x00, 0x00, 0x00, 0x00, 0x00, 0x00, 0x00, 0x00, 0x00, 0x00, 0x00, 0x00, 0x00, 0x00, 0x00, 0x00,
    0x00, 0x00, 0x00, 0x00, 0x00, 0x00, 0x00, 0x00, 0x00, 0x00, 0x00, 0x00, 0x00, 0x00, 0x00, 0x00,
    0x00, 0x00, 0x00, 0x00, 0x00, 0x00, 0x00, 0x00, 0x00, 0x00, 0x00, 0x00, 0x00, 0x00, 0x00, 0x00,
    0x00, 0x00, 0x00, 0x00, 0x00, 0x00, 0x00, 0x00, 0x00, 0x00, 0x00, 0x00, 0x00, 0x00, 0x00, 0x00,
    0x00, 0x00, 0x00, 0x00, 0x00, 0x00, 0x00, 0x00, 0x00, 0x00, 0x00, 0x00, 0x00, 0x00, 0x00, 0x00,
    0x00, 0x00, 0x00, 0x00, 0x00, 0x00, 0x00, 0x00, 0x00, 0x00, 0x00, 0x00, 0x00, 0x00, 0x00, 0x00,
    0x00, 0x00, 0x00, 0x00, 0x00, 0x00, 0x00, 0x00, 0x00, 0x00, 0x00, 0x00, 0x00, 0x00, 0x00, 0x00,
    0x00, 0x00, 0x00, 0x00, 0x00, 0x00, 0x00, 0x00, 0x00, 0x00, 0x00, 0x00, 0x00, 0x00, 0x00, 0x00,
    0x00, 0x00, 0x00, 0x00, 0x00, 0x00, 0x00, 0x00, 0x00, 0x00, 0x00, 0x00, 0x00, 0x00, 0x00, 0x00,
    0x00, 0x00, 0x00, 0x00, 0x00, 0x00, 0x00, 0x00, 0x00, 0x00, 0x00, 0x00, 0x00, 0x00, 0x00, 0x00,
    0x00, 0x00, 0x00, 0x00, 0x00, 0x00, 0x00, 0x00, 0x00, 0x00, 0x00, 0x00, 0x00, 0x00, 0x00, 0x00,
    0x00, 0x00, 0x00, 0x00, 0x00, 0x00, 0x00, 0x00, 0x00, 0x00, 0x00, 0x00, 0x00, 0x00, 0x00, 0x00,
    0x00, 0x00, 0x00, 0x00, 0x00, 0x00, 0x00, 0x00, 0x00, 0x00, 0x00, 0x00, 0x00, 0x00, 0x00, 0x00,
    0x00, 0x00, 0x00, 0x00, 0x00, 0x00, 0x00, 0x00, 0x00, 0x00, 0x00, 0x00, 0x00, 0x00, 0x00, 0x00,
    0x00, 0x00, 0x00, 0x00, 0x00, 0x00, 0x00, 0x00, 0x00, 0x00, 0x00, 0x00, 0x00, 0x00, 0x00, 0x00,
    0x00, 0x00, 0x00, 0x00, 0x00, 0x00, 0x00, 0x00, 0x00, 0x00, 0x00, 0x00, 0x00, 0x00, 0x00, 0x00,
    0x00, 0x00, 0x00, 0x00, 0x00, 0x00, 0x00, 0x00, 0x00, 0x00, 0x00, 0x00, 0x00, 0x00, 0x00, 0x00,
    0x00, 0x00, 0x00, 0x00, 0x00, 0x00, 0x00, 0x00, 0x00, 0x00, 0x00, 0x00, 0x00, 0x00, 0x00, 0x00,
    0x00, 0x00, 0x00, 0x00, 0x00, 0x00, 0x00, 0x00, 0x00, 0x00, 0x00, 0x00, 0x00, 0x00, 0x00, 0x00,
    0x00, 0x00, 0x00, 0x00, 0x00, 0x00, 0x00, 0x00, 0x00, 0x00, 0x00, 0x00, 0x00, 0x00, 0x00, 0x00,
    0x00, 0x00, 0x00, 0x00, 0x00, 0x00, 0x00, 0x00, 0x00, 0x00, 0x00, 0x00, 0x00, 0x00, 0x00, 0x00,
    0x00, 0x00, 0x00, 0x00, 0x00, 0x00, 0x00, 0x00, 0x00, 0x00, 0x00, 0x00, 0x00, 0x00, 0x00, 0x00,
    0x00, 0x00, 0x00, 0x00, 0x00, 0x00, 0x00, 0x00, 0x00, 0x00, 0x00, 0x00, 0x00, 0x00, 0x00, 0x00,
    0x00, 0x00, 0x00, 0x00, 0x00, 0x00, 0x00, 0x00, 0x00, 0x00, 0x00, 0x00, 0x00, 0x00, 0x00, 0x00,
    0x00, 0x00, 0x00, 0x00, 0x00, 0x00, 0x00, 0x00, 0x00, 0x00, 0x00, 0x00, 0x00, 0x00, 0x00, 0x00,
    0x00, 0x00, 0x00, 0x00, 0x00, 0x00, 0x00, 0x00, 0x00, 0x00, 0x00, 0x00, 0x00, 0x00, 0x00, 0x00,
    0x00, 0x00, 0x00, 0x00, 0x00, 0x00, 0x00, 0x00, 0x00, 0x00, 0x00, 0x00, 0x00, 0x00, 0x00, 0x00,
    0x00, 0x00, 0x00, 0x00, 0x00, 0x00, 0x00, 0x00, 0x00, 0x00, 0x00, 0x00, 0x00, 0x00, 0x00, 0x00,
    0x00, 0x00, 0x00, 0x00, 0x00, 0x00, 0x00, 0x00, 0x00, 0x00, 0x00, 0x00, 0x00, 0x00, 0x00, 0x00,
    0x00, 0x00, 0x00, 0x00, 0x00, 0x00, 0x00, 0x00, 0x00, 0x00, 0x00, 0x00, 0x00, 0x00, 0x00, 0x00,
    0x00, 0x00, 0x00, 0x00, 0x00, 0x00, 0x00, 0x00, 0x00, 0x00, 0x00, 0x00, 0x00, 0x00, 0x00, 0x00,
    0x00, 0x00, 0x00, 0x00, 0x00, 0x00, 0x00, 0x00, 0x00, 0x00, 0x00, 0x00, 0x00, 0x00, 0x00, 0x00,
    0x00, 0x00, 0x00, 0x00, 0x00, 0x00, 0x00, 0x00, 0x00, 0x00, 0x00, 0x00, 0x00, 0x00, 0x00, 0x00,
    0x00, 0x00, 0x00, 0x00, 0x00, 0x00, 0x00, 0x00, 0x00, 0x00, 0x00, 0x00, 0x00, 0x00, 0x00, 0x00,
    0x00, 0x00, 0x00, 0x00, 0x00, 0x00, 0x00, 0x00, 0x00, 0x00, 0x00, 0x00, 0x00, 0x00, 0x00, 0x00,
    0x00, 0x00, 0x00, 0x00, 0x00, 0x00, 0x00, 0x00, 0x00, 0x00, 0x00, 0x00, 0x00, 0x00, 0x00, 0x00,
    0x00, 0x00, 0x00, 0x00, 0x00, 0x00, 0x00, 0x00, 0x00, 0x00, 0x00, 0x00, 0x00, 0x00, 0x00, 0x00,
    0x00, 0x00, 0x00, 0x00, 0x00, 0x00, 0x00, 0x00, 0x00, 0x00, 0x00, 0x00, 0x00, 0x00, 0x00, 0x00,
    0x00, 0x00, 0x00, 0x00, 0x00, 0x00, 0x00, 0x00, 0x00, 0x00, 0x00, 0x00, 0x00, 0x00, 0x00, 0x00,
    0x00, 0x00, 0x00, 0x00, 0x00, 0x00, 0x00, 0x00, 0x00, 0x00, 0x00, 0x00, 0x00, 0x00, 0x00, 0x00,
    0x00, 0x00, 0x00, 0x00, 0x00, 0x00, 0x00, 0x00, 0x00, 0x00, 0x00, 0x00, 0x00, 0x00, 0x00, 0x00,
    0x00, 0x00, 0x00, 0x00, 0x00, 0x00, 0x00, 0x00, 0x00, 0x00, 0x00, 0x00, 0x00, 0x00, 0x00, 0x00,
    0x00, 0x00, 0x00, 0x00, 0x00, 0x00, 0x00, 0x00, 0x00, 0x00, 0x00, 0x00, 0x00, 0x00, 0x00, 0x00,
    0x00, 0x00, 0x00, 0x00, 0x00, 0x00, 0x00, 0x00, 0x00, 0x00, 0x00, 0x00, 0x00, 0x00, 0x00, 0x00,
    0x00, 0x00, 0x00, 0x00, 0x00, 0x00, 0x00, 0x00, 0x00, 0x00, 0x00, 0x00, 0x00, 0x00, 0x00, 0x00,
    0x00, 0x00, 0x00, 0x00, 0x00, 0x00, 0x00, 0x00, 0x00, 0x00, 0x00, 0x00, 0x00, 0x00, 0x00, 0x00,
    0x00, 0x00, 0x00, 0x00, 0x00, 0x00, 0x00, 0x00, 0x00, 0x00, 0x00, 0x00, 0x00, 0x00, 0x00, 0x00,
    0x00, 0x00, 0x00, 0x00, 0x00, 0x00, 0x00, 0x00, 0x00, 0x00, 0x00, 0x00, 0x00, 0x00, 0x00, 0x00,
    0x00, 0x00, 0x00, 0x00, 0x00, 0x00, 0x00, 0x00, 0x00, 0x00, 0x00, 0x00, 0x00, 0x00, 0x00, 0x00,
    0x00, 0x00, 0x00, 0x00, 0x00, 0x00, 0x00, 0x00, 0x00, 0x00, 0x00, 0x00, 0x00, 0x00, 0x00, 0x00,
    0x00, 0x00, 0x00, 0x00, 0x00, 0x00, 0x00, 0x00, 0x00, 0x00, 0x00, 0x00, 0x00, 0x00, 0x00, 0x00,
    0x00, 0x00, 0x00, 0x00, 0x00, 0x00, 0x00, 0x00, 0x00, 0x00, 0x00, 0x00, 0x00, 0x00, 0x00, 0x00,
    0x00, 0x00, 0x00, 0x00, 0x00, 0x00, 0x00, 0x00, 0x00, 0x00, 0x00, 0x00, 0x00, 0x00, 0x00, 0x00,
    0x00, 0x00, 0x00, 0x00, 0x00, 0x00, 0x00, 0x00, 0x00, 0x00, 0x00, 0x00, 0x00, 0x00, 0x00, 0x00,
    0x00, 0x00, 0x00, 0x00, 0x00, 0x00, 0x00, 0x00, 0x00, 0x00, 0x00, 0x00, 0x00, 0x00, 0x00, 0x00,
    0x00, 0x00, 0x00, 0x00, 0x00, 0x00, 0x00, 0x00, 0x00, 0x00, 0x00, 0x00, 0x00, 0x00, 0x00, 0x00,
    0x00, 0x00, 0x00, 0x00, 0x00, 0x00, 0x00, 0x00, 0x00, 0x00, 0x00, 0x00, 0x00, 0x00, 0x00, 0x00,
    0x00, 0x00, 0x00, 0x00, 0x00, 0x00, 0x00, 0x00, 0x00, 0x00, 0x00, 0x00, 0x00, 0x00, 0x00, 0x00,
    0x00, 0x00, 0x00, 0x00, 0x00, 0x00, 0x00, 0x00, 0x00, 0x00, 0x00, 0x00, 0x00, 0x00, 0x00, 0x00,
    0x00, 0x00, 0x00, 0x00, 0x00, 0x00, 0x00, 0x00, 0x00, 0x00, 0x00, 0x00, 0x00, 0x00, 0x00, 0x00,
    0x00, 0x00, 0x00, 0x00, 0x00, 0x00, 0x00, 0x00, 0x00, 0x00, 0x00, 0x00, 0x00, 0x00, 0x00, 0x00,
    0x00, 0x00, 0x00, 0x00, 0x00, 0x00, 0x00, 0x00, 0x00, 0x00, 0x00, 0x00, 0x00, 0x00, 0x00, 0x00,
    0x00, 0x00, 0x00, 0x00, 0x00, 0x00, 0x00, 0x00, 0x00, 0x00, 0x00, 0x00, 0x00, 0x00, 0x00, 0x00,
    0x00, 0x00, 0x00, 0x00, 0x00, 0x00, 0x00, 0x00, 0x00, 0x00, 0x00, 0x00, 0x00, 0x00, 0x00, 0x00,
    0x00, 0x00, 0x00, 0x00, 0x00, 0x00, 0x00, 0x00, 0x00, 0x00, 0x00, 0x00, 0x00, 0x00, 0x00, 0x00,
    0x00, 0x00, 0x00, 0x00, 0x00, 0x00, 0x00, 0x00, 0x00, 0x00, 0x00, 0x00, 0x00, 0x00, 0x00, 0x00,
    0x00, 0x00, 0x00, 0x00, 0x00, 0x00, 0x00, 0x00, 0x00, 0x00, 0x00, 0x00, 0x00, 0x00, 0x00, 0x00,
    0x00, 0x00, 0x00, 0x00, 0x00, 0x00, 0x00, 0x00, 0x00, 0x00, 0x00, 0x00, 0x00, 0x00, 0x00, 0x00,
    0x00, 0x00, 0x00, 0x00, 0x00, 0x00, 0x00, 0x00, 0x00, 0x00, 0x00, 0x00, 0x00, 0x00, 0x00, 0x00,
    0x00, 0x00, 0x00, 0x00, 0x00, 0x00, 0x00, 0x00, 0x00, 0x00, 0x00, 0x00, 0x00, 0x00, 0x00, 0x00,
    0x00, 0x00, 0x00, 0x00, 0x00, 0x00, 0x00, 0x00, 0x00, 0x00, 0x00, 0x00, 0x00, 0x00, 0x00, 0x00,
    0x00, 0x00, 0x00, 0x00, 0x00, 0x00, 0x00, 0x00, 0x00, 0x00, 0x00, 0x00, 0x00, 0x00, 0x00, 0x00,
    0x00, 0x00, 0x00, 0x00, 0x00, 0x00, 0x00, 0x00, 0x00, 0x00, 0x00, 0x00, 0x00, 0x00, 0x00, 0x00,
    0x00, 0x00, 0x00, 0x00, 0x00, 0x00, 0x00, 0x00, 0x00, 0x00, 0x00, 0x00, 0x00, 0x00, 0x00, 0x00,
    0x00, 0x00, 0x00, 0x00, 0x00, 0x00, 0x00, 0x00, 0x00, 0x00, 0x00, 0x00, 0x00, 0x00, 0x00, 0x00,
    0x00, 0x00, 0x00, 0x00, 0x00, 0x00, 0x00, 0x00, 0x00, 0x00, 0x00, 0x00, 0x00, 0x00, 0x00, 0x00,
    0x00, 0x00, 0x00, 0x00, 0x00, 0x00, 0x00, 0x00, 0x00, 0x00, 0x00, 0x00, 0x00, 0x00, 0x00, 0x00,
    0x00, 0x00, 0x00, 0x00, 0x00, 0x00, 0x00, 0x00, 0x00, 0x00, 0x00, 0x00, 0x00, 0x00, 0x00, 0x00,
    0x00, 0x00, 0x00, 0x00, 0x00, 0x00, 0x00, 0x00, 0x00, 0x00, 0x00, 0x00, 0x00, 0x00, 0x00, 0x00,
    0x00, 0x00, 0x00, 0x00, 0x00, 0x00, 0x00, 0x00, 0x00, 0x00, 0x00, 0x00, 0x00, 0x00, 0x00, 0x00,
    0x00, 0x00, 0x00, 0x00, 0x00, 0x00, 0x00, 0x00, 0x00, 0x00, 0x00, 0x00, 0x00, 0x00, 0x00, 0x00,
    0x00, 0x00, 0x00, 0x00, 0x00, 0x00, 0x00, 0x00, 0x00, 0x00, 0x00, 0x00, 0x00, 0x00, 0x00, 0x00,
    0x00, 0x00, 0x00, 0x00, 0x00, 0x00, 0x00, 0x00, 0x00, 0x00, 0x00, 0x00, 0x00, 0x00, 0x00, 0x00,
    0x00, 0x00, 0x00, 0x00, 0x00, 0x00, 0x00, 0x00, 0x00, 0x00, 0x00, 0x00, 0x00, 0x00, 0x00, 0x00,
    0x00, 0x00, 0x00, 0x00, 0x00, 0x00, 0x00, 0x00, 0x00, 0x00, 0x00, 0x00, 0x00, 0x00, 0x00, 0x00,
    0x00, 0x00, 0x00, 0x00, 0x00, 0x00, 0x00, 0x00, 0x00, 0x00, 0x00, 0x00, 0x00, 0x00, 0x00, 0x00,
    0x00, 0x00, 0x00, 0x00, 0x00, 0x00, 0x00, 0x00, 0x00, 0x00, 0x00, 0x00, 0x00, 0x00, 0x00, 0x00,
    0x00, 0x00, 0x00, 0x00, 0x00, 0x00, 0x00, 0x00, 0x00, 0x00, 0x00, 0x00, 0x00, 0x00, 0x00, 0x00,
    0x00, 0x00, 0x00, 0x00, 0x00, 0x00, 0x00, 0x00, 0x00, 0x00, 0x00, 0x00, 0x00, 0x00, 0x00, 0x00,
    0x00, 0x00, 0x00, 0x00, 0x00, 0x00, 0x00, 0x00, 0x00, 0x00, 0x00, 0x00, 0x00, 0x00, 0x00, 0x00,
    0x00, 0x00, 0x00, 0x00, 0x00, 0x00, 0x00, 0x00, 0x00, 0x00, 0x00, 0x00, 0x00, 0x00, 0x00, 0x00,
    0x00, 0x00, 0x00, 0x00, 0x00, 0x00, 0x00, 0x00, 0x00, 0x00, 0x00, 0x00, 0x00, 0x00, 0x00, 0x00,
    0x00, 0x00, 0x00, 0x00, 0x00, 0x00, 0x00, 0x00, 0x00, 0x00, 0x00, 0x00, 0x00, 0x00, 0x00, 0x00,
    0x00, 0x00, 0x00, 0x00, 0x00, 0x00, 0x00, 0x00, 0x00, 0x00, 0x00, 0x00, 0x00, 0x00, 0x00, 0x00,
    0x00, 0x00, 0x00, 0x00, 0x00, 0x00, 0x00, 0x00, 0x00, 0x00, 0x00, 0x00, 0x00, 0x00, 0x00, 0x00,
    0x00, 0x00, 0x00, 0x00, 0x00, 0x00, 0x00, 0x00, 0x00, 0x00, 0x00, 0x00, 0x00, 0x00, 0x00, 0x00,
    0x00, 0x00, 0x00, 0x00, 0x00, 0x00, 0x00, 0x00, 0x00, 0x00, 0x00, 0x00, 0x00, 0x00, 0x00, 0x00,
    0x00, 0x00, 0x00, 0x00, 0x00, 0x00, 0x00, 0x00, 0x00, 0x00, 0x00, 0x00, 0x00, 0x00, 0x00, 0x00,
    0x00, 0x00, 0x00, 0x00, 0x00, 0x00, 0x00, 0x00, 0x00, 0x00, 0x00, 0x00, 0x00, 0x00, 0x00, 0x00,
    0x00, 0x00, 0x00, 0x00, 0x00, 0x00, 0x00, 0x00, 0x00, 0x00, 0x00, 0x00, 0x00, 0x00, 0x00, 0x00,
    0x00, 0x00, 0x00, 0x00, 0x00, 0x00, 0x00, 0x00, 0x00, 0x00, 0x00, 0x00, 0x00, 0x00, 0x00, 0x00,
    0x00, 0x00, 0x00, 0x00, 0x00, 0x00, 0x00, 0x00, 0x00, 0x00, 0x00, 0x00, 0x00, 0x00, 0x00, 0x00,
    0x00, 0x00, 0x00, 0x00, 0x00, 0x00, 0x00, 0x00, 0x00, 0x00, 0x00, 0x00, 0x00, 0x00, 0x00, 0x00,
    0x00, 0x00, 0x00, 0x00, 0x00, 0x00, 0x00, 0x00, 0x00, 0x00, 0x00, 0x00, 0x00, 0x00, 0x00, 0x00,
    0x00, 0x00, 0x00, 0x00, 0x00, 0x00, 0x00, 0x00, 0x00, 0x00, 0x00, 0x00, 0x00, 0x00, 0x00, 0x00,
    0x00, 0x00, 0x00, 0x00, 0x00, 0x00, 0x00, 0x00, 0x00, 0x00, 0x00, 0x00, 0x00, 0x00, 0x00, 0x00,
    0x00, 0x00, 0x00, 0x00, 0x00, 0x00, 0x00, 0x00, 0x00, 0x00, 0x00, 0x00, 0x00, 0x00, 0x00, 0x00,
    0x00, 0x00, 0x00, 0x00, 0x00, 0x00, 0x00, 0x00, 0x00, 0x00, 0x00, 0x00, 0x00, 0x00, 0x00, 0x00,
    0x00, 0x00, 0x00, 0x00, 0x00, 0x00, 0x00, 0x00, 0x00, 0x00, 0x00, 0x00, 0x00, 0x00, 0x00, 0x00,
    0x00, 0x00, 0x00, 0x00, 0x00, 0x00, 0x00, 0x00, 0x00, 0x00, 0x00, 0x00, 0x00, 0x00, 0x00, 0x00,
    0x00, 0x00, 0x00, 0x00, 0x00, 0x00, 0x00, 0x00, 0x00, 0x00, 0x00, 0x00, 0x00, 0x00, 0x00, 0x00,
    0x00, 0x00, 0x00, 0x00, 0x00, 0x00, 0x00, 0x00, 0x00, 0x00, 0x00, 0x00, 0x00, 0x00, 0x00, 0x00,
    0x00, 0x00, 0x00, 0x00, 0x00, 0x00, 0x00, 0x00, 0x00, 0x00, 0x00, 0x00, 0x00, 0x00, 0x00, 0x00,
    0x00, 0x00, 0x00, 0x00, 0x00, 0x00, 0x00, 0x00, 0x00, 0x00, 0x00, 0x00, 0x00, 0x00, 0x00, 0x00,
    0x00, 0x00, 0x00, 0x00, 0x00, 0x00, 0x00, 0x00, 0x00, 0x00, 0x00, 0x00, 0x00, 0x00, 0x00, 0x00,
    0x00, 0x00, 0x00, 0x00, 0x00, 0x00, 0x00, 0x00, 0x00, 0x00, 0x00, 0x00, 0x00, 0x00, 0x00, 0x00,
    0x00, 0x00, 0x00, 0x00, 0x00, 0x00, 0x00, 0x00, 0x00, 0x00, 0x00, 0x00, 0x00, 0x00, 0x00, 0x00,
    0x00, 0x00, 0x00, 0x00, 0x00, 0x00, 0x00, 0x00, 0x00, 0x00, 0x00, 0x00, 0x00, 0x00, 0x00, 0x00,
    0x00, 0x00, 0x00, 0x00, 0x00, 0x00, 0x00, 0x00, 0x00, 0x00, 0x00, 0x00, 0x00, 0x00, 0x00, 0x00,
    0x00, 0x00, 0x00, 0x00, 0x00, 0x00, 0x00, 0x00, 0x00, 0x00, 0x00, 0x00, 0x00, 0x00, 0x00, 0x00,
    0x00, 0x00, 0x00, 0x00, 0x00, 0x00, 0x00, 0x00, 0x00, 0x00, 0x00, 0x00, 0x00, 0x00, 0x00, 0x00,
    0x00, 0x00, 0x00, 0x00, 0x00, 0x00, 0x00, 0x00, 0x00, 0x00, 0x00, 0x00, 0x00, 0x00, 0x00, 0x00,
    0x00, 0x00, 0x00, 0x00, 0x00, 0x00, 0x00, 0x00, 0x00, 0x00, 0x00, 0x00, 0x00, 0x00, 0x00, 0x00,
    0x00, 0x00, 0x00, 0x00, 0x00, 0x00, 0x00, 0x00, 0x00, 0x00, 0x00, 0x00, 0x00, 0x00, 0x00, 0x00,
    0x00, 0x00, 0x00, 0x00, 0x00, 0x00, 0x00, 0x00, 0x00, 0x00, 0x00, 0x00, 0x00, 0x00, 0x00, 0x00,
    0x00, 0x00, 0x00, 0x00, 0x00, 0x00, 0x00, 0x00, 0x00, 0x00, 0x00, 0x00, 0x00, 0x00, 0x00, 0x00,
    0x00, 0x00, 0x00, 0x00, 0x00, 0x00, 0x00, 0x00, 0x00, 0x00, 0x00, 0x00, 0x00, 0x00, 0x00, 0x00,
    0x00, 0x00, 0x00, 0x00, 0x00, 0x00, 0x00, 0x00, 0x00, 0x00, 0x00, 0x00, 0x00, 0x00, 0x00, 0x00,
    0x00, 0x00, 0x00, 0x00, 0x00, 0x00, 0x00, 0x00, 0x00, 0x00, 0x00, 0x00, 0x00, 0x00, 0x00, 0x00,
    0x00, 0x00, 0x00, 0x00, 0x00, 0x00, 0x00, 0x00, 0x00, 0x00, 0x00, 0x00, 0x00, 0x00, 0x00, 0x00,
    0x00, 0x00, 0x00, 0x00, 0x00, 0x00, 0x00, 0x00, 0x00, 0x00, 0x00, 0x00, 0x00, 0x00, 0x00, 0x00,
    0x00, 0x00, 0x00, 0x00, 0x00, 0x00, 0x00, 0x00, 0x00, 0x00, 0x00, 0x00, 0x00, 0x00, 0x00, 0x00,
    0x00, 0x00, 0x00, 0x00, 0x00, 0x00, 0x00, 0x00, 0x00, 0x00, 0x00, 0x00, 0x00, 0x00, 0x00, 0x00,
    0x00, 0x00, 0x00, 0x00, 0x00, 0x00, 0x00, 0x00, 0x00, 0x00, 0x00, 0x00, 0x00, 0x00, 0x00, 0x00,
    0x00, 0x00, 0x00, 0x00, 0x00, 0x00, 0x00, 0x00, 0x00, 0x00, 0x00, 0x00, 0x00, 0x00, 0x00, 0x00,
    0x00, 0x00, 0x00, 0x00, 0x00, 0x00, 0x00, 0x00, 0x00, 0x00, 0x00, 0x00, 0x00, 0x00, 0x00, 0x00,
    0x00, 0x00, 0x00, 0x00, 0x00, 0x00, 0x00, 0x00, 0x00, 0x00, 0x00, 0x00, 0x00, 0x00, 0x00, 0x00,
    0x00, 0x00, 0x00, 0x00, 0x00, 0x00, 0x00, 0x00, 0x00, 0x00, 0x00, 0x00, 0x00, 0x00, 0x00, 0x00,
    0x00, 0x00, 0x00, 0x00, 0x00, 0x00, 0x00, 0x00, 0x00, 0x00, 0x00, 0x00, 0x00, 0x00, 0x00, 0x00,
    0x00, 0x00, 0x00, 0x00, 0x00, 0x00, 0x00, 0x00, 0x00, 0x00, 0x00, 0x00, 0x00, 0x00, 0x00, 0x00,
    0x00, 0x00, 0x00, 0x00, 0x00, 0x00, 0x00, 0x00, 0x00, 0x00, 0x00, 0x00, 0x00, 0x00, 0x00, 0x00,
    0x00, 0x00, 0x00, 0x00, 0x00, 0x00, 0x00, 0x00, 0x00, 0x00, 0x00, 0x00, 0x00, 0x00, 0x00, 0x00,
    0x00, 0x00, 0x00, 0x00, 0x00, 0x00, 0x00, 0x00, 0x00, 0x00, 0x00, 0x00, 0x00, 0x00, 0x00, 0x00,
    0x00, 0x00, 0x00, 0x00, 0x00, 0x00, 0x00, 0x00, 0x00, 0x00, 0x00, 0x00, 0x00, 0x00, 0x00, 0x00,
    0x00, 0x00, 0x00, 0x00, 0x00, 0x00, 0x00, 0x00, 0x00, 0x00, 0x00, 0x00, 0x00, 0x00, 0x00, 0x00,
    0x00, 0x00, 0x00, 0x00, 0x00, 0x00, 0x00, 0x00, 0x00, 0x00, 0x00, 0x00, 0x00, 0x00, 0x00, 0x00,
    0x00, 0x00, 0x00, 0x00, 0x00, 0x00, 0x00, 0x00, 0x00, 0x00, 0x00, 0x00, 0x00, 0x00, 0x00, 0x00,
    0x00, 0x00, 0x00, 0x00, 0x00, 0x00, 0x00, 0x00, 0x00, 0x00, 0x00, 0x00, 0x00, 0x00, 0x00, 0x00,
    0x00, 0x00, 0x00, 0x00, 0x00, 0x00, 0x00, 0x00, 0x00, 0x00, 0x00, 0x00, 0x00, 0x00, 0x00, 0x00,
    0x00, 0x00, 0x00, 0x00, 0x00, 0x00, 0x00, 0x00, 0x00, 0x00, 0x00, 0x00, 0x00, 0x00, 0x00, 0x00,
    0x00, 0x00, 0x00, 0x00, 0x00, 0x00, 0x00, 0x00, 0x00, 0x00, 0x00, 0x00, 0x00, 0x00, 0x00, 0x00,
    0x00, 0x00, 0x00, 0x00, 0x00, 0x00, 0x00, 0x00, 0x00, 0x00, 0x00, 0x00, 0x00, 0x00, 0x00, 0x00,
    0x00, 0x00, 0x00, 0x00, 0x00, 0x00, 0x00, 0x00, 0x00, 0x00, 0x00, 0x00, 0x00, 0x00, 0x00, 0x00,
    0x00, 0x00, 0x00, 0x00, 0x00, 0x00, 0x00, 0x00, 0x00, 0x00, 0x00, 0x00, 0x00, 0x00, 0x00, 0x00,
    0x00, 0x00, 0x00, 0x00, 0x00, 0x00, 0x00, 0x00, 0x00, 0x00, 0x00, 0x00, 0x00, 0x00, 0x00, 0x00,
    0x00, 0x00, 0x00, 0x00, 0x00, 0x00, 0x00, 0x00, 0x00, 0x00, 0x00, 0x00, 0x00, 0x00, 0x00, 0x00,
    0x00, 0x00, 0x00, 0x00, 0x00, 0x00, 0x00, 0x00, 0x00, 0x00, 0x00, 0x00, 0x00, 0x00, 0x00, 0x00,
    0x00, 0x00, 0x00, 0x00, 0x00, 0x00, 0x00, 0x00, 0x00, 0x00, 0x00, 0x00, 0x00, 0x00, 0x00, 0x00,
    0x00, 0x00, 0x00, 0x00, 0x00, 0x00, 0x00, 0x00, 0x00, 0x00, 0x00, 0x00, 0x00, 0x00, 0x00, 0x00,
    0x00, 0x00, 0x00, 0x00, 0x00, 0x00, 0x00, 0x00, 0x00, 0x00, 0x00, 0x00, 0x00, 0x00, 0x00, 0x00,
    0x00, 0x00, 0x00, 0x00, 0x00, 0x00, 0x00, 0x00, 0x00, 0x00, 0x00, 0x00, 0x00, 0x00, 0x00, 0x00,
    0x00, 0x00, 0x00, 0x00, 0x00, 0x00, 0x00, 0x00, 0x00, 0x00, 0x00, 0x00, 0x00, 0x00, 0x00, 0x00,
    0x00, 0x00, 0x00, 0x00, 0x00, 0x00, 0x00, 0x00, 0x00, 0x00, 0x00, 0x00, 0x00, 0x00, 0x00, 0x00,
    0x00, 0x00, 0x00, 0x00, 0x00, 0x00, 0x00, 0x00, 0x00, 0x00, 0x00, 0x00, 0x00, 0x00, 0x00, 0x00,
    0x00, 0x00, 0x00, 0x00, 0x00, 0x00, 0x00, 0x00, 0x00, 0x00, 0x00, 0x00, 0x00, 0x00, 0x00, 0x00,
    0x00, 0x00, 0x00, 0x00, 0x00, 0x00, 0x00, 0x00, 0x00, 0x00, 0x00, 0x00, 0x00, 0x00, 0x00, 0x00,
    0x00, 0x00, 0x00, 0x00, 0x00, 0x00, 0x00, 0x00, 0x00, 0x00, 0x00, 0x00, 0x00, 0x00, 0x00, 0x00,
    0x00, 0x00, 0x00, 0x00, 0x00, 0x00, 0x00, 0x00, 0x00, 0x00, 0x00, 0x00, 0x00, 0x00, 0x00, 0x00,
    0x00, 0x00, 0x00, 0x00, 0x00, 0x00, 0x00, 0x00, 0x00, 0x00, 0x00, 0x00, 0x00, 0x00, 0x00, 0x00,
    0x00, 0x00, 0x00, 0x00, 0x00, 0x00, 0x00, 0x00, 0x00, 0x00, 0x00, 0x00, 0x00, 0x00, 0x00, 0x00,
    0x00, 0x00, 0x00, 0x00, 0x00, 0x00, 0x00, 0x00, 0x00, 0x00, 0x00, 0x00, 0x00, 0x00, 0x00, 0x00,
    0x00, 0x00, 0x00, 0x00, 0x00, 0x00, 0x00, 0x00, 0x00, 0x00, 0x00, 0x00, 0x00, 0x00, 0x00, 0x00,
    0x00, 0x00, 0x00, 0x00, 0x00, 0x00, 0x00, 0x00, 0x00, 0x00, 0x00, 0x00, 0x00, 0x00, 0x00, 0x00,
    0x00, 0x00, 0x00, 0x00, 0x00, 0x00, 0x00, 0x00, 0x00, 0x00, 0x00, 0x00, 0x00, 0x00, 0x00, 0x00,
    0x00, 0x00, 0x00, 0x00, 0x00, 0x00, 0x00, 0x00, 0x00, 0x00, 0x00, 0x00, 0x00, 0x00, 0x00, 0x00,
    0x00, 0x00, 0x00, 0x00, 0x00, 0x00, 0x00, 0x00, 0x00, 0x00, 0x00, 0x00, 0x00, 0x00, 0x00, 0x00,
    0x00, 0x00, 0x00, 0x00, 0x00, 0x00, 0x00, 0x00, 0x00, 0x00, 0x00, 0x00, 0x00, 0x00, 0x00, 0x00,
    0x00, 0x00, 0x00, 0x00, 0x00, 0x00, 0x00, 0x00, 0x00, 0x00, 0x00, 0x00, 0x00, 0x00, 0x00, 0x00,
    0x00, 0x00, 0x00, 0x00, 0x00, 0x00, 0x00, 0x00, 0x00, 0x00, 0x00, 0x00, 0x00, 0x00, 0x00, 0x00,
    0x00, 0x00, 0x00, 0x00, 0x00, 0x00, 0x00, 0x00, 0x00, 0x00, 0x00, 0x00, 0x00, 0x00, 0x00, 0x00,
    0x00, 0x00, 0x00, 0x00, 0x00, 0x00, 0x00, 0x00, 0x00, 0x00, 0x00, 0x00, 0x00, 0x00, 0x00, 0x00,
    0x00, 0x00, 0x00, 0x00, 0x00, 0x00, 0x00, 0x00, 0x00, 0x00, 0x00, 0x00, 0x00, 0x00, 0x00, 0x00,
    0x00, 0x00, 0x00, 0x00, 0x00, 0x00, 0x00, 0x00, 0x00, 0x00, 0x00, 0x00, 0x00, 0x00, 0x00, 0x00,
    0x00, 0x00, 0x00, 0x00, 0x00, 0x00, 0x00, 0x00, 0x00, 0x00, 0x00, 0x00, 0x00, 0x00, 0x00, 0x00,
    0x00, 0x00, 0x00, 0x00, 0x00, 0x00, 0x00, 0x00, 0x00, 0x00, 0x00, 0x00, 0x00, 0x00, 0x00, 0x00,
    0x00, 0x00, 0x00, 0x00, 0x00, 0x00, 0x00, 0x00, 0x00, 0x00, 0x00, 0x00, 0x00, 0x00, 0x00, 0x00,
    0x00, 0x00, 0x00, 0x00, 0x00, 0x00, 0x00, 0x00, 0x00, 0x00, 0x00, 0x00, 0x00, 0x00, 0x00, 0x00,
    0x00, 0x00, 0x00, 0x00, 0x00, 0x00, 0x00, 0x00, 0x00, 0x00, 0x00, 0x00, 0x00, 0x00, 0x00, 0x00,
    0x00, 0x00, 0x00, 0x00, 0x00, 0x00, 0x00, 0x00, 0x00, 0x00, 0x00, 0x00, 0x00, 0x00, 0x00, 0x00,
    0x00, 0x00, 0x00, 0x00, 0x00, 0x00, 0x00, 0x00, 0x00, 0x00, 0x00, 0x00, 0x00, 0x00, 0x00, 0x00,
    0x00, 0x00, 0x00, 0x00, 0x00, 0x00, 0x00, 0x00, 0x00, 0x00, 0x00, 0x00, 0x00, 0x00, 0x00, 0x00,
    0x00, 0x00, 0x00, 0x00, 0x00, 0x00, 0x00, 0x00, 0x00, 0x00, 0x00, 0x00, 0x00, 0x00, 0x00, 0x00,
    0x00, 0x00, 0x00, 0x00, 0x00, 0x00, 0x00, 0x00, 0x00, 0x00, 0x00, 0x00, 0x00, 0x00, 0x00, 0x00,
    0x00, 0x00, 0x00, 0x00, 0x00, 0x00, 0x00, 0x00, 0x00, 0x00, 0x00, 0x00, 0x00, 0x00, 0x00, 0x00,
    0x00, 0x00, 0x00, 0x00, 0x00, 0x00, 0x00, 0x00, 0x00, 0x00, 0x00, 0x00, 0x00, 0x00, 0x00, 0x00,
    0x00, 0x00, 0x00, 0x00, 0x00, 0x00, 0x00, 0x00, 0x00, 0x00, 0x00, 0x00, 0x00, 0x00, 0x00, 0x00,
    0x00, 0x00, 0x00, 0x00, 0x00, 0x00, 0x00, 0x00, 0x00, 0x00, 0x00, 0x00, 0x00, 0x00, 0x00, 0x00,
    0x00, 0x00, 0x00, 0x00, 0x00, 0x00, 0x00, 0x00, 0x00, 0x00, 0x00, 0x00, 0x00, 0x00, 0x00, 0x00,
    0x00, 0x00, 0x00, 0x00, 0x00, 0x00, 0x00, 0x00, 0x00, 0x00, 0x00, 0x00, 0x00, 0x00, 0x00, 0x00,
    0x00, 0x00, 0x00, 0x00, 0x00, 0x00, 0x00, 0x00, 0x00, 0x00, 0x00, 0x00, 0x00, 0x00, 0x00, 0x00,
    0x00, 0x00, 0x00, 0x00, 0x00, 0x00, 0x00, 0x00, 0x00, 0x00, 0x00, 0x00, 0x00, 0x00, 0x00, 0x00,
    0x00, 0x00, 0x00, 0x00, 0x00, 0x00, 0x00, 0x00, 0x00, 0x00, 0x00, 0x00, 0x00, 0x00, 0x00, 0x00,
    0x00, 0x00, 0x00, 0x00, 0x00, 0x00, 0x00, 0x00, 0x00, 0x00, 0x00, 0x00, 0x00, 0x00, 0x00, 0x00,
    0x00, 0x00, 0x00, 0x00, 0x00, 0x00, 0x00, 0x00, 0x00, 0x00, 0x00, 0x00, 0x00, 0x00, 0x00, 0x00,
    0x00, 0x00, 0x00, 0x00, 0x00, 0x00, 0x00, 0x00, 0x00, 0x00, 0x00, 0x00, 0x00, 0x00, 0x00, 0x00,
    0x00, 0x00, 0x00, 0x00, 0x00, 0x00, 0x00, 0x00, 0x00, 0x00, 0x00, 0x00, 0x00, 0x00, 0x00, 0x00,
    0x00, 0x00, 0x00, 0x00, 0x00, 0x00, 0x00, 0x00, 0x00, 0x00, 0x00, 0x00, 0x00, 0x00, 0x00, 0x00,
    0x00, 0x00, 0x00, 0x00, 0x00, 0x00, 0x00, 0x00, 0x00, 0x00, 0x00, 0x00, 0x00, 0x00, 0x00, 0x00,
    0x00, 0x00, 0x00, 0x00, 0x00, 0x00, 0x00, 0x00, 0x00, 0x00, 0x00, 0x00, 0x00, 0x00, 0x00, 0x00,
    0x00, 0x00, 0x00, 0x00, 0x00, 0x00, 0x00, 0x00, 0x00, 0x00, 0x00, 0x00, 0x00, 0x00, 0x00, 0x00,
    0x00, 0x00, 0x00, 0x00, 0x00, 0x00, 0x00, 0x00, 0x00, 0x00, 0x00, 0x00, 0x00, 0x00, 0x00, 0x00,
    0x00, 0x00, 0x00, 0x00, 0x00, 0x00, 0x00, 0x00, 0x00, 0x00, 0x00, 0x00, 0x00, 0x00, 0x00, 0x00,
    0x00, 0x00, 0x00, 0x00, 0x00, 0x00, 0x00, 0x00, 0x00, 0x00, 0x00, 0x00, 0x00, 0x00, 0x00, 0x00,
    0x00, 0x00, 0x00, 0x00, 0x00, 0x00, 0x00, 0x00, 0x00, 0x00, 0x00, 0x00, 0x00, 0x00, 0x00, 0x00,
    0x00, 0x00, 0x00, 0x00, 0x00, 0x00, 0x00, 0x00, 0x00, 0x00, 0x00, 0x00, 0x00, 0x00, 0x00, 0x00,
    0x00, 0x00, 0x00, 0x00, 0x00, 0x00, 0x00, 0x00, 0x00, 0x00, 0x00, 0x00, 0x00, 0x00, 0x00, 0x00,
    0x00, 0x00, 0x00, 0x00, 0x00, 0x00, 0x00, 0x00, 0x00, 0x00, 0x00, 0x00, 0x00, 0x00, 0x00, 0x00,
    0x00, 0x00, 0x00, 0x00, 0x00, 0x00, 0x00, 0x00, 0x00, 0x00, 0x00, 0x00, 0x00, 0x00, 0x00, 0x00,
    0x00, 0x00, 0x00, 0x00, 0x00, 0x00, 0x00, 0x00, 0x00, 0x00, 0x00, 0x00, 0x00, 0x00, 0x00, 0x00,
    0x00, 0x00, 0x00, 0x00, 0x00, 0x00, 0x00, 0x00, 0x00, 0x00, 0x00, 0x00, 0x00, 0x00, 0x00, 0x00,
    0x00, 0x00, 0x00, 0x00, 0x00, 0x00, 0x00, 0x00, 0x00, 0x00, 0x00, 0x00, 0x00, 0x00, 0x00, 0x00,
    0x00, 0x00, 0x00, 0x00, 0x00, 0x00, 0x00, 0x00, 0x00, 0x00, 0x00, 0x00, 0x00, 0x00, 0x00, 0x00,
    0x00, 0x00, 0x00, 0x00, 0x00, 0x00, 0x00, 0x00, 0x00, 0x00, 0x00, 0x00, 0x00, 0x00, 0x00, 0x00,
    0x00, 0x00, 0x00, 0x00, 0x00, 0x00, 0x00, 0x00, 0x00, 0x00, 0x00, 0x00, 0x00, 0x00, 0x00, 0x00,
    0x00, 0x00, 0x00, 0x00, 0x00, 0x00, 0x00, 0x00, 0x00, 0x00, 0x00, 0x00, 0x00, 0x00, 0x00, 0x00,
    0x00, 0x00, 0x00, 0x00, 0x00, 0x00, 0x00, 0x00, 0x00, 0x00, 0x00, 0x00, 0x00, 0x00, 0x00, 0x00,
    0x00, 0x00, 0x00, 0x00, 0x00, 0x00, 0x00, 0x00, 0x00, 0x00, 0x00, 0x00, 0x00, 0x00, 0x00, 0x00,
    0x00, 0x00, 0x00, 0x00, 0x00, 0x00, 0x00, 0x00, 0x00, 0x00, 0x00, 0x00, 0x00, 0x00, 0x00, 0x00,
    0x00, 0x00, 0x00, 0x00, 0x00, 0x00, 0x00, 0x00, 0x00, 0x00, 0x00, 0x00, 0x00, 0x00, 0x00, 0x00,
    0x00, 0x00, 0x00, 0x00, 0x00, 0x00, 0x00, 0x00, 0x00, 0x00, 0x00, 0x00, 0x00, 0x00, 0x00, 0x00,
    0x00, 0x00, 0x00, 0x00, 0x00, 0x00, 0x00, 0x00, 0x00, 0x00, 0x00, 0x00, 0x00, 0x00, 0x00, 0x00,
    0x00, 0x00, 0x00, 0x00, 0x00, 0x00, 0x00, 0x00, 0x00, 0x00, 0x00, 0x00, 0x00, 0x00, 0x00, 0x00,
    0x00, 0x00, 0x00, 0x00, 0x00, 0x00, 0x00, 0x00, 0x00, 0x00, 0x00, 0x00, 0x00, 0x00, 0x00, 0x00,
    0x00, 0x00, 0x00, 0x00, 0x00, 0x00, 0x00, 0x00, 0x00, 0x00, 0x00, 0x00, 0x00, 0x00, 0x00, 0x00,
    0x00, 0x00, 0x00, 0x00, 0x00, 0x00, 0x00, 0x00, 0x00, 0x00, 0x00, 0x00, 0x00, 0x00, 0x00, 0x00,
    0x00, 0x00, 0x00, 0x00, 0x00, 0x00, 0x00, 0x00, 0x00, 0x00, 0x00, 0x00, 0x00, 0x00, 0x00, 0x00,
    0x00, 0x00, 0x00, 0x00, 0x00, 0x00, 0x00, 0x00, 0x00, 0x00, 0x00, 0x00, 0x00, 0x00, 0x00, 0x00,
    0x00, 0x00, 0x00, 0x00, 0x00, 0x00, 0x00, 0x00, 0x00, 0x00, 0x00, 0x00, 0x00, 0x00, 0x00, 0x00,
    0x00, 0x00, 0x00, 0x00, 0x00, 0x00, 0x00, 0x00, 0x00, 0x00, 0x00, 0x00, 0x00, 0x00, 0x00, 0x00,
    0x00, 0x00, 0x00, 0x00, 0x00, 0x00, 0x00, 0x00, 0x00, 0x00, 0x00, 0x00, 0x00, 0x00, 0x00, 0x00,
    0x00, 0x00, 0x00, 0x00, 0x00, 0x00, 0x00, 0x00, 0x00, 0x00, 0x00, 0x00, 0x00, 0x00, 0x00, 0x00,
    0x00, 0x00, 0x00, 0x00, 0x00, 0x00, 0x00, 0x00, 0x00, 0x00, 0x00, 0x00, 0x00, 0x00, 0x00, 0x00,
    0x00, 0x00, 0x00, 0x00, 0x00, 0x00, 0x00, 0x00, 0x00, 0x00, 0x00, 0x00, 0x00, 0x00, 0x00, 0x00,
    0x00, 0x00, 0x00, 0x00, 0x00, 0x00, 0x00, 0x00, 0x00, 0x00, 0x00, 0x00, 0x00, 0x00, 0x00, 0x00,
    0x00, 0x00, 0x00, 0x00, 0x00, 0x00, 0x00, 0x00, 0x00, 0x00, 0x00, 0x00, 0x00, 0x00, 0x00, 0x00,
    0x00, 0x00, 0x00, 0x00, 0x00, 0x00, 0x00, 0x00, 0x00, 0x00, 0x00, 0x00, 0x00, 0x00, 0x00, 0x00
};

static unsigned char _unused_punctuation[64] = {
     0x00, 0x00, 0x00, 0x00,  0x00, 0x00, 0x00, 0x00,  0x00, 0x00, 0x00, 0x00,  0x00, 0x00, 0x00, 0x00,
     0x00, 0x00, 0x00, 0x00,  0x00, 0x00, 0x00, 0x00,  0x00, 0x00, 0x00, 0x00,  0x00, 0x00, 0x00, 0x00,
     0x00, 0x00, 0x00, 0x00,  0x00, 0x00, 0x00, 0x00,  0x00, 0x00, 0x00, 0x00,  0x00, 0x00, 0x00, 0x00,
     0x00, 0x00, 0x00, 0x00,  0x00, 0x00, 0x00, 0x00, 0x00, 0x00, 0x00, 0x00, 0x00, 0x00, 0x00, 0x00
};

unsigned char CL_handle[4] = {
    0xff, 0xff, 0xff, 0xff
};

unsigned char currentHandle[28] = {
    0xff, 0xff, 0xff, 0xff, 0x00, 0x00, 0x00, 0x00, 0x00, 0x00, 0x00, 0x00, 0x00, 0x00, 0x00, 0x00,
    0x00, 0x00, 0x00, 0x00, 0x00, 0x00, 0x00, 0x00, 0x00, 0x00, 0x00, 0x00
};

unsigned char PADDING[64] = {
    0x80, 0x00, 0x00, 0x00, 0x00, 0x00, 0x00, 0x00, 0x00, 0x00, 0x00, 0x00, 0x00, 0x00, 0x00, 0x00,
    0x00, 0x00, 0x00, 0x00, 0x00, 0x00, 0x00, 0x00, 0x00, 0x00, 0x00, 0x00, 0x00, 0x00, 0x00, 0x00,
    0x00, 0x00, 0x00, 0x00, 0x00, 0x00, 0x00, 0x00, 0x00, 0x00, 0x00, 0x00, 0x00, 0x00, 0x00, 0x00,
    0x00, 0x00, 0x00, 0x00, 0x00, 0x00, 0x00, 0x00, 0x00, 0x00, 0x00, 0x00, 0x00, 0x00, 0x00, 0x00
};

extern unsigned char legacyHacksArray[1792];
void *legacyHacks[8] = {
    legacyHacksArray, 0, 0, 0, 0, 0, 0, 0
};

unsigned char g_pszSndAliasKeyNames[96] = {
    0x00, 0x00, 0x00, 0x00,  0x00, 0x00, 0x00, 0x00,  0x00, 0x00, 0x00, 0x00,  0x00, 0x00, 0x00, 0x00,
     0x00, 0x00, 0x00, 0x00,  0x00, 0x00, 0x00, 0x00,  0x00, 0x00, 0x00, 0x00,  0x00, 0x00, 0x00, 0x00,
     0x00, 0x00, 0x00, 0x00,  0x00, 0x00, 0x00, 0x00,  0x00, 0x00, 0x00, 0x00,  0x00, 0x00, 0x00, 0x00,
     0x00, 0x00, 0x00, 0x00,  0x00, 0x00, 0x00, 0x00,  0x00, 0x00, 0x00, 0x00,  0x00, 0x00, 0x00, 0x00,
     0x00, 0x00, 0x00, 0x00,  0x00, 0x00, 0x00, 0x00,  0x00, 0x00, 0x00, 0x00,  0x00, 0x00, 0x00, 0x00,
     0x00, 0x00, 0x00, 0x00,  0x00, 0x00, 0x00, 0x00,  0x00, 0x00, 0x00, 0x00,  0x00, 0x00, 0x00, 0x00
};

unsigned char g_pszChannelNames[64] = {
     0x00, 0x00, 0x00, 0x00,  0x00, 0x00, 0x00, 0x00,  0x00, 0x00, 0x00, 0x00,  0x00, 0x00, 0x00, 0x00,
     0x00, 0x00, 0x00, 0x00,  0x00, 0x00, 0x00, 0x00,  0x00, 0x00, 0x00, 0x00,  0x00, 0x00, 0x00, 0x00,
     0x00, 0x00, 0x00, 0x00,  0x00, 0x00, 0x00, 0x00,  0x00, 0x00, 0x00, 0x00, 0x00, 0x00, 0x00, 0x00,
    0x00, 0x00, 0x00, 0x00, 0x00, 0x00, 0x00, 0x00, 0x00, 0x00, 0x00, 0x00, 0x00, 0x00, 0x00, 0x00
};

unsigned char infoParms[1088] = {
     0x00, 0x00, 0x00, 0x00, 0x00, 0x00, 0x00, 0x00, 0x00, 0x00, 0x10, 0x00, 0x00, 0x00, 0x00, 0x00,
    0x00, 0x00, 0x00, 0x00,  0x00, 0x00, 0x00, 0x00, 0x00, 0x00, 0x00, 0x00, 0x00, 0x00, 0x20, 0x00,
    0x00, 0x00, 0x00, 0x00, 0x00, 0x00, 0x00, 0x00,  0x00, 0x00, 0x00, 0x00, 0x00, 0x00, 0x00, 0x00,
    0x00, 0x00, 0x30, 0x00, 0x00, 0x00, 0x00, 0x00, 0x00, 0x00, 0x00, 0x00,  0x00, 0x00, 0x00, 0x00,
    0x00, 0x00, 0x00, 0x00, 0x00, 0x00, 0x40, 0x00, 0x00, 0x00, 0x00, 0x00, 0x00, 0x00, 0x00, 0x00,
     0x00, 0x00, 0x00, 0x00, 0x00, 0x00, 0x00, 0x00, 0x00, 0x00, 0x50, 0x00, 0x00, 0x00, 0x00, 0x00,
    0x00, 0x00, 0x00, 0x00,  0x00, 0x00, 0x00, 0x00, 0x00, 0x00, 0x00, 0x00, 0x00, 0x00, 0x60, 0x00,
    0x00, 0x00, 0x00, 0x00, 0x00, 0x00, 0x00, 0x00,  0x00, 0x00, 0x00, 0x00, 0x00, 0x00, 0x00, 0x00,
    0x00, 0x00, 0x70, 0x00, 0x00, 0x00, 0x00, 0x00, 0x00, 0x00, 0x00, 0x00,  0x00, 0x00, 0x00, 0x00,
    0x01, 0x00, 0x00, 0x00, 0x00, 0x00, 0x80, 0x00, 0x02, 0x00, 0x00, 0x00, 0x00, 0x00, 0x00, 0x00,
     0x00, 0x00, 0x00, 0x00, 0x01, 0x00, 0x00, 0x00, 0x00, 0x00, 0x90, 0x00, 0x10, 0x00, 0x00, 0x00,
    0x00, 0x00, 0x00, 0x00,  0x00, 0x00, 0x00, 0x00, 0x00, 0x00, 0x00, 0x00, 0x00, 0x00, 0xa0, 0x00,
    0x00, 0x00, 0x00, 0x00, 0x00, 0x00, 0x00, 0x00,  0x00, 0x00, 0x00, 0x00, 0x00, 0x00, 0x00, 0x00,
    0x00, 0x00, 0xb0, 0x00, 0x00, 0x00, 0x00, 0x00, 0x00, 0x00, 0x00, 0x00,  0x00, 0x00, 0x00, 0x00,
    0x00, 0x00, 0x00, 0x00, 0x00, 0x00, 0xc0, 0x00, 0x00, 0x00, 0x00, 0x00, 0x00, 0x00, 0x00, 0x00,
     0x00, 0x00, 0x00, 0x00, 0x00, 0x00, 0x00, 0x00, 0x00, 0x00, 0xd0, 0x00, 0x00, 0x00, 0x00, 0x00,
    0x00, 0x00, 0x00, 0x00,  0x00, 0x00, 0x00, 0x00, 0x00, 0x00, 0x00, 0x00, 0x00, 0x00, 0xe0, 0x00,
    0x00, 0x00, 0x00, 0x00, 0x00, 0x00, 0x00, 0x00,  0x00, 0x00, 0x00, 0x00, 0x00, 0x00, 0x00, 0x00,
    0x00, 0x00, 0xf0, 0x00, 0x00, 0x00, 0x00, 0x00, 0x00, 0x00, 0x00, 0x00,  0x00, 0x00, 0x00, 0x00,
    0x00, 0x00, 0x00, 0x00, 0x00, 0x00, 0x00, 0x01, 0x00, 0x00, 0x00, 0x00, 0x00, 0x00, 0x00, 0x00,
     0x00, 0x00, 0x00, 0x00, 0x00, 0x00, 0x00, 0x00, 0x00, 0x00, 0x10, 0x01, 0x00, 0x00, 0x00, 0x00,
    0x00, 0x00, 0x00, 0x00,  0x00, 0x00, 0x00, 0x00, 0x00, 0x00, 0x00, 0x00, 0x00, 0x00, 0x20, 0x01,
    0x00, 0x00, 0x00, 0x00, 0x00, 0x00, 0x00, 0x00,  0x00, 0x00, 0x00, 0x00, 0x00, 0x00, 0x00, 0x00,
    0x00, 0x00, 0x30, 0x01, 0x00, 0x00, 0x00, 0x00, 0x00, 0x00, 0x00, 0x00,  0x00, 0x00, 0x00, 0x00,
    0x01, 0x00, 0x00, 0x00, 0x00, 0x00, 0x40, 0x01, 0x20, 0x00, 0x00, 0x00, 0x00, 0x00, 0x00, 0x00,
     0x00, 0x00, 0x00, 0x00, 0x00, 0x00, 0x00, 0x00, 0x00, 0x00, 0x50, 0x01, 0x00, 0x00, 0x00, 0x00,
    0x00, 0x00, 0x00, 0x00,  0x00, 0x00, 0x00, 0x00, 0x00, 0x00, 0x00, 0x00, 0x00, 0x00, 0x60, 0x01,
    0x00, 0x00, 0x00, 0x00, 0x00, 0x00, 0x00, 0x00,  0x00, 0x00, 0x00, 0x00, 0x00, 0x00, 0x00, 0x00,
     0x00, 0x00, 0x00, 0x00, 0x00, 0x00, 0x00, 0x00, 0x00, 0x00, 0x00, 0x00,  0x00, 0x00, 0x00, 0x00,
    0x01, 0x00, 0x00, 0x00, 0x00, 0x00, 0x00, 0x00, 0x80, 0x00, 0x00, 0x00, 0x00, 0x00, 0x00, 0x00,
     0x00, 0x00, 0x00, 0x00, 0x01, 0x00, 0x00, 0x00, 0x00, 0x00, 0x00, 0x00,  0x00, 0x00, 0x00, 0x00,
    0x00, 0x00, 0x00, 0x00,  0x00, 0x00, 0x00, 0x00, 0x01, 0x00, 0x00, 0x00, 0x00, 0x00, 0x00, 0x00,
     0x00, 0x00, 0x00, 0x00, 0x00, 0x00, 0x00, 0x00,  0x00, 0x00, 0x00, 0x00, 0x01, 0x00, 0x00, 0x00,
    0x00, 0x00, 0x00, 0x00,  0x00, 0x00, 0x00, 0x00, 0x00, 0x00, 0x00, 0x00,  0x00, 0x00, 0x00, 0x00,
    0x01, 0x00, 0x00, 0x00, 0x00, 0x00, 0x00, 0x00,  0x00, 0x00, 0x00, 0x00, 0x00, 0x00, 0x00, 0x00,
     0x00, 0x00, 0x00, 0x00, 0x01, 0x00, 0x00, 0x00, 0x00, 0x00, 0x00, 0x00, 0x00, 0x02, 0x00, 0x00,
    0x00, 0x00, 0x00, 0x00,  0x00, 0x00, 0x00, 0x00, 0x01, 0x00, 0x00, 0x00, 0x00, 0x00, 0x00, 0x00,
    0x00, 0x04, 0x00, 0x00, 0x00, 0x00, 0x00, 0x00,  0x00, 0x00, 0x00, 0x00, 0x01, 0x00, 0x00, 0x00,
    0x00, 0x00, 0x00, 0x00, 0x00, 0x00, 0x00, 0x80, 0x00, 0x00, 0x00, 0x00,  0x00, 0x00, 0x00, 0x00,
    0x01, 0x00, 0x00, 0x00,  0x00, 0x00, 0x00, 0x00, 0x00, 0x00, 0x00, 0x00, 0x00, 0x00, 0x00, 0x00,
     0x00, 0x00, 0x00, 0x00, 0x00, 0x00, 0x00, 0x00, 0x00, 0x00, 0x00, 0x00, 0x00, 0x00, 0x00, 0x08,
    0x00, 0x00, 0x00, 0x00,  0x00, 0x00, 0x00, 0x00, 0x00, 0x00, 0x00, 0x00, 0x00, 0x00, 0x00, 0x00,
    0x00, 0x00, 0x00, 0x10, 0x00, 0x00, 0x00, 0x00,  0x00, 0x00, 0x00, 0x00, 0x01, 0x00, 0x00, 0x00,
    0x00, 0x00, 0x00, 0x80, 0x00, 0x00, 0x00, 0x00, 0x00, 0x00, 0x00, 0x00,  0x00, 0x00, 0x00, 0x00,
    0x00, 0x00, 0x00, 0x00, 0x00, 0x00, 0x00, 0x00, 0x40, 0x00, 0x00, 0x00, 0x00, 0x00, 0x00, 0x00,
     0x00, 0x00, 0x00, 0x00, 0x01, 0x00, 0x00, 0x00, 0x00, 0x00, 0x00, 0x00, 0x00, 0x00, 0x00, 0x00,
    0x04, 0x00, 0x00, 0x00,  0x00, 0x00, 0x00, 0x00, 0x00, 0x00, 0x00, 0x00, 0x04, 0x00, 0x00, 0x00,
    0x00, 0x08, 0x00, 0x00, 0x00, 0x00, 0x00, 0x00,  0x00, 0x00, 0x00, 0x00, 0x00, 0x00, 0x00, 0x00,
     0x00, 0x00, 0x00, 0x00, 0x00, 0x00, 0x00, 0x00, 0x00, 0x00, 0x00, 0x00,  0x00, 0x00, 0x00, 0x00,
    0x00, 0x00, 0x00, 0x00,  0x00, 0x00, 0x00, 0x00, 0x00, 0x00, 0x00, 0x00, 0x00, 0x00, 0x00, 0x00,
     0x00, 0x00, 0x00, 0x00, 0x00, 0x00, 0x00, 0x00, 0x02, 0x00, 0x00, 0x00, 0x00, 0x00, 0x00, 0x00,
    0x00, 0x00, 0x00, 0x00,  0x00, 0x00, 0x00, 0x00, 0x00, 0x00, 0x00, 0x00, 0x10, 0x00, 0x00, 0x00,
    0x00, 0x00, 0x00, 0x00, 0x00, 0x00, 0x00, 0x00,  0x00, 0x00, 0x00, 0x00, 0x00, 0x00, 0x00, 0x00,
    0x20, 0x00, 0x00, 0x00, 0x00, 0x00, 0x00, 0x00, 0x00, 0x00, 0x00, 0x00,  0x00, 0x00, 0x00, 0x00,
    0x00, 0x00, 0x00, 0x00, 0x08, 0x00, 0x00, 0x00, 0x00, 0x00, 0x00, 0x00, 0x00, 0x00, 0x00, 0x00,
     0x00, 0x00, 0x00, 0x00, 0x00, 0x00, 0x00, 0x00, 0x01, 0x00, 0x00, 0x00, 0x00, 0x00, 0x00, 0x00,
    0x00, 0x00, 0x00, 0x00,  0x00, 0x00, 0x00, 0x00, 0x00, 0x00, 0x00, 0x00, 0x00, 0x00, 0x00, 0x02,
    0x00, 0x00, 0x00, 0x01, 0x00, 0x00, 0x00, 0x00,  0x00, 0x00, 0x00, 0x00, 0x00, 0x00, 0x00, 0x00,
    0x00, 0x00, 0x00, 0x04, 0x00, 0x00, 0x00, 0x01, 0x00, 0x00, 0x00, 0x00,  0x00, 0x00, 0x00, 0x00,
    0x00, 0x00, 0x00, 0x00,  0x00, 0x00, 0x00, 0x00, 0x00, 0x00, 0x00, 0x00, 0x00, 0x00, 0x00, 0x00,
     0x00, 0x00, 0x00, 0x00, 0x00, 0x00, 0x00, 0x00, 0x80, 0x00, 0x00, 0x00, 0x00, 0x00, 0x00, 0x00,
    0x00, 0x00, 0x00, 0x00,  0x00, 0x00, 0x00, 0x00, 0x00, 0x00, 0x00, 0x00, 0x00, 0x08, 0x00, 0x00,
    0x00, 0x00, 0x00, 0x00, 0x00, 0x00, 0x00, 0x00,  0x00, 0x00, 0x00, 0x00, 0x00, 0x00, 0x00, 0x00,
    0x00, 0x04, 0x00, 0x00, 0x00, 0x00, 0x00, 0x00, 0x00, 0x00, 0x00, 0x00,  0x00, 0x00, 0x00, 0x00,
    0x00, 0x00, 0x00, 0x00,  0x00, 0x00, 0x00, 0x00, 0x00, 0x00, 0x00, 0x00, 0x00, 0x00, 0x00, 0x00,
    0x00, 0x00, 0x00, 0x00, 0x00, 0x00, 0x00, 0x00, 0x00, 0x00, 0x00, 0x00, 0x00, 0x00, 0x00, 0x00,
    0x00, 0x00, 0x00, 0x00, 0x00, 0x00, 0x00, 0x00, 0x00, 0x00, 0x00, 0x00, 0x00, 0x00, 0x00, 0x00,
    0x00, 0x00, 0x00, 0x00, 0x00, 0x00, 0x00, 0x00, 0x00, 0x00, 0x00, 0x00, 0x00, 0x00, 0x00, 0x00
};

unsigned char weaponDefFields[4392] = {
     0x00, 0x00, 0x00, 0x00, 0x04, 0x00, 0x00, 0x00, 0x00, 0x00, 0x00, 0x00,  0x00, 0x00, 0x00, 0x00,
    0x08, 0x00, 0x00, 0x00, 0x00, 0x00, 0x00, 0x00,  0x00, 0x00, 0x00, 0x00, 0x70, 0x00, 0x00, 0x00,
    0x00, 0x00, 0x00, 0x00,  0x00, 0x00, 0x00, 0x00, 0x74, 0x00, 0x00, 0x00, 0x0f, 0x00, 0x00, 0x00,
     0x00, 0x00, 0x00, 0x00, 0x0c, 0x00, 0x00, 0x00, 0x00, 0x00, 0x00, 0x00,  0x00, 0x00, 0x00, 0x00,
    0x10, 0x00, 0x00, 0x00, 0x00, 0x00, 0x00, 0x00,  0x00, 0x00, 0x00, 0x00, 0x18, 0x00, 0x00, 0x00,
    0x00, 0x00, 0x00, 0x00,  0x00, 0x00, 0x00, 0x00, 0x1c, 0x00, 0x00, 0x00, 0x00, 0x00, 0x00, 0x00,
     0x00, 0x00, 0x00, 0x00, 0x20, 0x00, 0x00, 0x00, 0x00, 0x00, 0x00, 0x00,  0x00, 0x00, 0x00, 0x00,
    0x24, 0x00, 0x00, 0x00, 0x00, 0x00, 0x00, 0x00,  0x00, 0x00, 0x00, 0x00, 0x28, 0x00, 0x00, 0x00,
    0x00, 0x00, 0x00, 0x00,  0x00, 0x00, 0x00, 0x00, 0x2c, 0x00, 0x00, 0x00, 0x00, 0x00, 0x00, 0x00,
     0x00, 0x00, 0x00, 0x00, 0x30, 0x00, 0x00, 0x00, 0x00, 0x00, 0x00, 0x00,  0x00, 0x00, 0x00, 0x00,
    0x34, 0x00, 0x00, 0x00, 0x00, 0x00, 0x00, 0x00,  0x00, 0x00, 0x00, 0x00, 0x38, 0x00, 0x00, 0x00,
    0x00, 0x00, 0x00, 0x00,  0x00, 0x00, 0x00, 0x00, 0x3c, 0x00, 0x00, 0x00, 0x00, 0x00, 0x00, 0x00,
     0x00, 0x00, 0x00, 0x00, 0x40, 0x00, 0x00, 0x00, 0x00, 0x00, 0x00, 0x00,  0x00, 0x00, 0x00, 0x00,
    0x44, 0x00, 0x00, 0x00, 0x00, 0x00, 0x00, 0x00,  0x00, 0x00, 0x00, 0x00, 0x48, 0x00, 0x00, 0x00,
    0x00, 0x00, 0x00, 0x00,  0x00, 0x00, 0x00, 0x00, 0x4c, 0x00, 0x00, 0x00, 0x00, 0x00, 0x00, 0x00,
     0x00, 0x00, 0x00, 0x00, 0x50, 0x00, 0x00, 0x00, 0x00, 0x00, 0x00, 0x00,  0x00, 0x00, 0x00, 0x00,
    0x54, 0x00, 0x00, 0x00, 0x00, 0x00, 0x00, 0x00,  0x00, 0x00, 0x00, 0x00, 0x58, 0x00, 0x00, 0x00,
    0x00, 0x00, 0x00, 0x00,  0x00, 0x00, 0x00, 0x00, 0x5c, 0x00, 0x00, 0x00, 0x00, 0x00, 0x00, 0x00,
     0x00, 0x00, 0x00, 0x00, 0x60, 0x00, 0x00, 0x00, 0x00, 0x00, 0x00, 0x00,  0x00, 0x00, 0x00, 0x00,
    0x64, 0x00, 0x00, 0x00, 0x00, 0x00, 0x00, 0x00,  0x00, 0x00, 0x00, 0x00, 0x68, 0x00, 0x00, 0x00,
    0x00, 0x00, 0x00, 0x00,  0x00, 0x00, 0x00, 0x00, 0x6c, 0x00, 0x00, 0x00, 0x00, 0x00, 0x00, 0x00,
     0x00, 0x00, 0x00, 0x00, 0x84, 0x05, 0x00, 0x00, 0x00, 0x00, 0x00, 0x00,  0x00, 0x00, 0x00, 0x00,
    0x78, 0x00, 0x00, 0x00, 0x08, 0x00, 0x00, 0x00,  0x00, 0x00, 0x00, 0x00, 0x7c, 0x00, 0x00, 0x00,
    0x09, 0x00, 0x00, 0x00,  0x00, 0x00, 0x00, 0x00, 0x80, 0x00, 0x00, 0x00, 0x0b, 0x00, 0x00, 0x00,
     0x00, 0x00, 0x00, 0x00, 0x88, 0x00, 0x00, 0x00, 0x05, 0x00, 0x00, 0x00,  0x00, 0x00, 0x00, 0x00,
    0x84, 0x00, 0x00, 0x00, 0x0e, 0x00, 0x00, 0x00,  0x00, 0x00, 0x00, 0x00, 0x90, 0x00, 0x00, 0x00,
    0x00, 0x00, 0x00, 0x00,  0x00, 0x00, 0x00, 0x00, 0x94, 0x00, 0x00, 0x00, 0x00, 0x00, 0x00, 0x00,
     0x00, 0x00, 0x00, 0x00, 0x98, 0x00, 0x00, 0x00, 0x00, 0x00, 0x00, 0x00,  0x00, 0x00, 0x00, 0x00,
    0x9c, 0x00, 0x00, 0x00, 0x00, 0x00, 0x00, 0x00,  0x00, 0x00, 0x00, 0x00, 0xa0, 0x00, 0x00, 0x00,
    0x00, 0x00, 0x00, 0x00,  0x00, 0x00, 0x00, 0x00, 0xa4, 0x00, 0x00, 0x00, 0x00, 0x00, 0x00, 0x00,
     0x00, 0x00, 0x00, 0x00, 0xa8, 0x00, 0x00, 0x00, 0x00, 0x00, 0x00, 0x00,  0x00, 0x00, 0x00, 0x00,
    0xac, 0x00, 0x00, 0x00, 0x00, 0x00, 0x00, 0x00,  0x00, 0x00, 0x00, 0x00, 0xb0, 0x00, 0x00, 0x00,
    0x00, 0x00, 0x00, 0x00,  0x00, 0x00, 0x00, 0x00, 0xb4, 0x00, 0x00, 0x00, 0x00, 0x00, 0x00, 0x00,
     0x00, 0x00, 0x00, 0x00, 0xb8, 0x00, 0x00, 0x00, 0x00, 0x00, 0x00, 0x00,  0x00, 0x00, 0x00, 0x00,
    0xbc, 0x00, 0x00, 0x00, 0x00, 0x00, 0x00, 0x00,  0x00, 0x00, 0x00, 0x00, 0xc0, 0x00, 0x00, 0x00,
    0x00, 0x00, 0x00, 0x00,  0x00, 0x00, 0x00, 0x00, 0xc4, 0x00, 0x00, 0x00, 0x00, 0x00, 0x00, 0x00,
     0x00, 0x00, 0x00, 0x00, 0xc8, 0x00, 0x00, 0x00, 0x00, 0x00, 0x00, 0x00,  0x00, 0x00, 0x00, 0x00,
    0xcc, 0x00, 0x00, 0x00, 0x00, 0x00, 0x00, 0x00,  0x00, 0x00, 0x00, 0x00, 0xd0, 0x00, 0x00, 0x00,
    0x00, 0x00, 0x00, 0x00,  0x00, 0x00, 0x00, 0x00, 0xd4, 0x00, 0x00, 0x00, 0x00, 0x00, 0x00, 0x00,
     0x00, 0x00, 0x00, 0x00, 0xd8, 0x00, 0x00, 0x00, 0x00, 0x00, 0x00, 0x00,  0x00, 0x00, 0x00, 0x00,
    0xdc, 0x00, 0x00, 0x00, 0x00, 0x00, 0x00, 0x00,  0x00, 0x00, 0x00, 0x00, 0xe0, 0x00, 0x00, 0x00,
    0x00, 0x00, 0x00, 0x00,  0x00, 0x00, 0x00, 0x00, 0xe4, 0x00, 0x00, 0x00, 0x00, 0x00, 0x00, 0x00,
     0x00, 0x00, 0x00, 0x00, 0xe8, 0x00, 0x00, 0x00, 0x00, 0x00, 0x00, 0x00,  0x00, 0x00, 0x00, 0x00,
    0xec, 0x00, 0x00, 0x00, 0x00, 0x00, 0x00, 0x00,  0x00, 0x00, 0x00, 0x00, 0xf0, 0x00, 0x00, 0x00,
    0x00, 0x00, 0x00, 0x00,  0x00, 0x00, 0x00, 0x00, 0xf4, 0x00, 0x00, 0x00, 0x00, 0x00, 0x00, 0x00,
     0x00, 0x00, 0x00, 0x00, 0xf8, 0x00, 0x00, 0x00, 0x00, 0x00, 0x00, 0x00,  0x00, 0x00, 0x00, 0x00,
    0xfc, 0x00, 0x00, 0x00, 0x00, 0x00, 0x00, 0x00,  0x00, 0x00, 0x00, 0x00, 0x00, 0x01, 0x00, 0x00,
    0x00, 0x00, 0x00, 0x00,  0x00, 0x00, 0x00, 0x00, 0x04, 0x01, 0x00, 0x00, 0x00, 0x00, 0x00, 0x00,
     0x00, 0x00, 0x00, 0x00, 0x08, 0x01, 0x00, 0x00, 0x00, 0x00, 0x00, 0x00,  0x00, 0x00, 0x00, 0x00,
    0x0c, 0x01, 0x00, 0x00, 0x00, 0x00, 0x00, 0x00,  0x00, 0x00, 0x00, 0x00, 0x10, 0x01, 0x00, 0x00,
    0x00, 0x00, 0x00, 0x00,  0x00, 0x00, 0x00, 0x00, 0x14, 0x01, 0x00, 0x00, 0x00, 0x00, 0x00, 0x00,
     0x00, 0x00, 0x00, 0x00, 0x18, 0x01, 0x00, 0x00, 0x00, 0x00, 0x00, 0x00,  0x00, 0x00, 0x00, 0x00,
    0x1c, 0x01, 0x00, 0x00, 0x00, 0x00, 0x00, 0x00,  0x00, 0x00, 0x00, 0x00, 0x20, 0x01, 0x00, 0x00,
    0x04, 0x00, 0x00, 0x00,  0x00, 0x00, 0x00, 0x00, 0x24, 0x01, 0x00, 0x00, 0x04, 0x00, 0x00, 0x00,
     0x00, 0x00, 0x00, 0x00, 0x28, 0x01, 0x00, 0x00, 0x04, 0x00, 0x00, 0x00,  0x00, 0x00, 0x00, 0x00,
    0x2c, 0x01, 0x00, 0x00, 0x06, 0x00, 0x00, 0x00,  0x00, 0x00, 0x00, 0x00, 0x30, 0x01, 0x00, 0x00,
    0x06, 0x00, 0x00, 0x00,  0x00, 0x00, 0x00, 0x00, 0x34, 0x01, 0x00, 0x00, 0x06, 0x00, 0x00, 0x00,
     0x00, 0x00, 0x00, 0x00, 0x38, 0x01, 0x00, 0x00, 0x06, 0x00, 0x00, 0x00,  0x00, 0x00, 0x00, 0x00,
    0x3c, 0x01, 0x00, 0x00, 0x06, 0x00, 0x00, 0x00,  0x00, 0x00, 0x00, 0x00, 0x40, 0x01, 0x00, 0x00,
    0x06, 0x00, 0x00, 0x00,  0x00, 0x00, 0x00, 0x00, 0x44, 0x01, 0x00, 0x00, 0x06, 0x00, 0x00, 0x00,
     0x00, 0x00, 0x00, 0x00, 0x48, 0x01, 0x00, 0x00, 0x06, 0x00, 0x00, 0x00,  0x00, 0x00, 0x00, 0x00,
    0x4c, 0x01, 0x00, 0x00, 0x06, 0x00, 0x00, 0x00,  0x00, 0x00, 0x00, 0x00, 0x50, 0x01, 0x00, 0x00,
    0x06, 0x00, 0x00, 0x00,  0x00, 0x00, 0x00, 0x00, 0x54, 0x01, 0x00, 0x00, 0x06, 0x00, 0x00, 0x00,
     0x00, 0x00, 0x00, 0x00, 0x58, 0x01, 0x00, 0x00, 0x06, 0x00, 0x00, 0x00,  0x00, 0x00, 0x00, 0x00,
    0x5c, 0x01, 0x00, 0x00, 0x06, 0x00, 0x00, 0x00,  0x00, 0x00, 0x00, 0x00, 0x60, 0x01, 0x00, 0x00,
    0x06, 0x00, 0x00, 0x00,  0x00, 0x00, 0x00, 0x00, 0x64, 0x01, 0x00, 0x00, 0x06, 0x00, 0x00, 0x00,
     0x00, 0x00, 0x00, 0x00, 0x68, 0x01, 0x00, 0x00, 0x06, 0x00, 0x00, 0x00,  0x00, 0x00, 0x00, 0x00,
    0x6c, 0x01, 0x00, 0x00, 0x06, 0x00, 0x00, 0x00,  0x00, 0x00, 0x00, 0x00, 0x70, 0x01, 0x00, 0x00,
    0x06, 0x00, 0x00, 0x00,  0x00, 0x00, 0x00, 0x00, 0x74, 0x01, 0x00, 0x00, 0x06, 0x00, 0x00, 0x00,
     0x00, 0x00, 0x00, 0x00, 0x78, 0x01, 0x00, 0x00, 0x06, 0x00, 0x00, 0x00,  0x00, 0x00, 0x00, 0x00,
    0x7c, 0x01, 0x00, 0x00, 0x06, 0x00, 0x00, 0x00,  0x00, 0x00, 0x00, 0x00, 0x80, 0x01, 0x00, 0x00,
    0x06, 0x00, 0x00, 0x00,  0x00, 0x00, 0x00, 0x00, 0x84, 0x01, 0x00, 0x00, 0x06, 0x00, 0x00, 0x00,
     0x00, 0x00, 0x00, 0x00, 0x88, 0x01, 0x00, 0x00, 0x06, 0x00, 0x00, 0x00,  0x00, 0x00, 0x00, 0x00,
    0x8c, 0x01, 0x00, 0x00, 0x06, 0x00, 0x00, 0x00,  0x00, 0x00, 0x00, 0x00, 0x90, 0x01, 0x00, 0x00,
    0x06, 0x00, 0x00, 0x00,  0x00, 0x00, 0x00, 0x00, 0x94, 0x01, 0x00, 0x00, 0x06, 0x00, 0x00, 0x00,
     0x00, 0x00, 0x00, 0x00, 0x98, 0x01, 0x00, 0x00, 0x06, 0x00, 0x00, 0x00,  0x00, 0x00, 0x00, 0x00,
    0x9c, 0x01, 0x00, 0x00, 0x06, 0x00, 0x00, 0x00,  0x00, 0x00, 0x00, 0x00, 0xa0, 0x01, 0x00, 0x00,
    0x06, 0x00, 0x00, 0x00,  0x00, 0x00, 0x00, 0x00, 0xa4, 0x01, 0x00, 0x00, 0x06, 0x00, 0x00, 0x00,
     0x00, 0x00, 0x00, 0x00, 0xa8, 0x01, 0x00, 0x00, 0x06, 0x00, 0x00, 0x00,  0x00, 0x00, 0x00, 0x00,
    0xac, 0x01, 0x00, 0x00, 0x06, 0x00, 0x00, 0x00,  0x00, 0x00, 0x00, 0x00, 0xb0, 0x01, 0x00, 0x00,
    0x06, 0x00, 0x00, 0x00,  0x00, 0x00, 0x00, 0x00, 0xb4, 0x01, 0x00, 0x00, 0x00, 0x00, 0x00, 0x00,
     0x00, 0x00, 0x00, 0x00, 0xb8, 0x01, 0x00, 0x00, 0x00, 0x00, 0x00, 0x00,  0x00, 0x00, 0x00, 0x00,
    0xbc, 0x01, 0x00, 0x00, 0x00, 0x00, 0x00, 0x00,  0x00, 0x00, 0x00, 0x00, 0xc0, 0x01, 0x00, 0x00,
    0x04, 0x00, 0x00, 0x00,  0x00, 0x00, 0x00, 0x00, 0xc4, 0x01, 0x00, 0x00, 0x00, 0x00, 0x00, 0x00,
     0x00, 0x00, 0x00, 0x00, 0xcc, 0x01, 0x00, 0x00, 0x00, 0x00, 0x00, 0x00,  0x00, 0x00, 0x00, 0x00,
    0xd4, 0x01, 0x00, 0x00, 0x04, 0x00, 0x00, 0x00,  0x00, 0x00, 0x00, 0x00, 0xd8, 0x01, 0x00, 0x00,
    0x04, 0x00, 0x00, 0x00,  0x00, 0x00, 0x00, 0x00, 0xdc, 0x01, 0x00, 0x00, 0x04, 0x00, 0x00, 0x00,
     0x00, 0x00, 0x00, 0x00, 0xe0, 0x01, 0x00, 0x00, 0x00, 0x00, 0x00, 0x00,  0x00, 0x00, 0x00, 0x00,
    0xe8, 0x01, 0x00, 0x00, 0x04, 0x00, 0x00, 0x00,  0x00, 0x00, 0x00, 0x00, 0xec, 0x01, 0x00, 0x00,
    0x04, 0x00, 0x00, 0x00,  0x00, 0x00, 0x00, 0x00, 0xf0, 0x01, 0x00, 0x00, 0x04, 0x00, 0x00, 0x00,
     0x00, 0x00, 0x00, 0x00, 0xf4, 0x01, 0x00, 0x00, 0x04, 0x00, 0x00, 0x00,  0x00, 0x00, 0x00, 0x00,
    0x90, 0x05, 0x00, 0x00, 0x04, 0x00, 0x00, 0x00,  0x00, 0x00, 0x00, 0x00, 0x94, 0x05, 0x00, 0x00,
    0x04, 0x00, 0x00, 0x00,  0x00, 0x00, 0x00, 0x00, 0x98, 0x05, 0x00, 0x00, 0x06, 0x00, 0x00, 0x00,
     0x00, 0x00, 0x00, 0x00, 0x9c, 0x05, 0x00, 0x00, 0x06, 0x00, 0x00, 0x00,  0x00, 0x00, 0x00, 0x00,
    0xa0, 0x05, 0x00, 0x00, 0x06, 0x00, 0x00, 0x00,  0x00, 0x00, 0x00, 0x00, 0xa4, 0x05, 0x00, 0x00,
    0x06, 0x00, 0x00, 0x00,  0x00, 0x00, 0x00, 0x00, 0xa8, 0x05, 0x00, 0x00, 0x06, 0x00, 0x00, 0x00,
     0x00, 0x00, 0x00, 0x00, 0xac, 0x05, 0x00, 0x00, 0x04, 0x00, 0x00, 0x00,  0x00, 0x00, 0x00, 0x00,
    0xfc, 0x01, 0x00, 0x00, 0x07, 0x00, 0x00, 0x00,  0x00, 0x00, 0x00, 0x00, 0x00, 0x02, 0x00, 0x00,
    0x07, 0x00, 0x00, 0x00,  0x00, 0x00, 0x00, 0x00, 0x04, 0x02, 0x00, 0x00, 0x07, 0x00, 0x00, 0x00,
     0x00, 0x00, 0x00, 0x00, 0x08, 0x02, 0x00, 0x00, 0x07, 0x00, 0x00, 0x00,  0x00, 0x00, 0x00, 0x00,
    0x0c, 0x02, 0x00, 0x00, 0x07, 0x00, 0x00, 0x00,  0x00, 0x00, 0x00, 0x00, 0x10, 0x02, 0x00, 0x00,
    0x07, 0x00, 0x00, 0x00,  0x00, 0x00, 0x00, 0x00, 0x14, 0x02, 0x00, 0x00, 0x07, 0x00, 0x00, 0x00,
     0x00, 0x00, 0x00, 0x00, 0x18, 0x02, 0x00, 0x00, 0x07, 0x00, 0x00, 0x00,  0x00, 0x00, 0x00, 0x00,
    0x1c, 0x02, 0x00, 0x00, 0x07, 0x00, 0x00, 0x00,  0x00, 0x00, 0x00, 0x00, 0x20, 0x02, 0x00, 0x00,
    0x07, 0x00, 0x00, 0x00,  0x00, 0x00, 0x00, 0x00, 0x24, 0x02, 0x00, 0x00, 0x07, 0x00, 0x00, 0x00,
     0x00, 0x00, 0x00, 0x00, 0x28, 0x02, 0x00, 0x00, 0x07, 0x00, 0x00, 0x00,  0x00, 0x00, 0x00, 0x00,
    0x2c, 0x02, 0x00, 0x00, 0x07, 0x00, 0x00, 0x00,  0x00, 0x00, 0x00, 0x00, 0x30, 0x02, 0x00, 0x00,
    0x07, 0x00, 0x00, 0x00,  0x00, 0x00, 0x00, 0x00, 0x34, 0x02, 0x00, 0x00, 0x07, 0x00, 0x00, 0x00,
     0x00, 0x00, 0x00, 0x00, 0x38, 0x02, 0x00, 0x00, 0x07, 0x00, 0x00, 0x00,  0x00, 0x00, 0x00, 0x00,
    0x3c, 0x02, 0x00, 0x00, 0x07, 0x00, 0x00, 0x00,  0x00, 0x00, 0x00, 0x00, 0x40, 0x02, 0x00, 0x00,
    0x07, 0x00, 0x00, 0x00,  0x00, 0x00, 0x00, 0x00, 0x44, 0x02, 0x00, 0x00, 0x07, 0x00, 0x00, 0x00,
     0x00, 0x00, 0x00, 0x00, 0x48, 0x02, 0x00, 0x00, 0x07, 0x00, 0x00, 0x00,  0x00, 0x00, 0x00, 0x00,
    0x4c, 0x02, 0x00, 0x00, 0x06, 0x00, 0x00, 0x00,  0x00, 0x00, 0x00, 0x00, 0x50, 0x02, 0x00, 0x00,
    0x06, 0x00, 0x00, 0x00,  0x00, 0x00, 0x00, 0x00, 0x54, 0x02, 0x00, 0x00, 0x06, 0x00, 0x00, 0x00,
     0x00, 0x00, 0x00, 0x00, 0x58, 0x02, 0x00, 0x00, 0x06, 0x00, 0x00, 0x00,  0x00, 0x00, 0x00, 0x00,
    0x5c, 0x02, 0x00, 0x00, 0x06, 0x00, 0x00, 0x00,  0x00, 0x00, 0x00, 0x00, 0x60, 0x02, 0x00, 0x00,
    0x06, 0x00, 0x00, 0x00,  0x00, 0x00, 0x00, 0x00, 0x64, 0x02, 0x00, 0x00, 0x06, 0x00, 0x00, 0x00,
     0x00, 0x00, 0x00, 0x00, 0xd8, 0x02, 0x00, 0x00, 0x06, 0x00, 0x00, 0x00,  0x00, 0x00, 0x00, 0x00,
    0xdc, 0x02, 0x00, 0x00, 0x06, 0x00, 0x00, 0x00,  0x00, 0x00, 0x00, 0x00, 0xe0, 0x02, 0x00, 0x00,
    0x06, 0x00, 0x00, 0x00,  0x00, 0x00, 0x00, 0x00, 0xe4, 0x02, 0x00, 0x00, 0x06, 0x00, 0x00, 0x00,
     0x00, 0x00, 0x00, 0x00, 0xe8, 0x02, 0x00, 0x00, 0x06, 0x00, 0x00, 0x00,  0x00, 0x00, 0x00, 0x00,
    0xec, 0x02, 0x00, 0x00, 0x06, 0x00, 0x00, 0x00,  0x00, 0x00, 0x00, 0x00, 0xf0, 0x02, 0x00, 0x00,
    0x06, 0x00, 0x00, 0x00,  0x00, 0x00, 0x00, 0x00, 0xf4, 0x02, 0x00, 0x00, 0x06, 0x00, 0x00, 0x00,
     0x00, 0x00, 0x00, 0x00, 0xf8, 0x02, 0x00, 0x00, 0x06, 0x00, 0x00, 0x00,  0x00, 0x00, 0x00, 0x00,
    0xfc, 0x02, 0x00, 0x00, 0x06, 0x00, 0x00, 0x00,  0x00, 0x00, 0x00, 0x00, 0x00, 0x03, 0x00, 0x00,
    0x06, 0x00, 0x00, 0x00,  0x00, 0x00, 0x00, 0x00, 0x04, 0x03, 0x00, 0x00, 0x06, 0x00, 0x00, 0x00,
     0x00, 0x00, 0x00, 0x00, 0x08, 0x03, 0x00, 0x00, 0x06, 0x00, 0x00, 0x00,  0x00, 0x00, 0x00, 0x00,
    0x0c, 0x03, 0x00, 0x00, 0x06, 0x00, 0x00, 0x00,  0x00, 0x00, 0x00, 0x00, 0x10, 0x03, 0x00, 0x00,
    0x06, 0x00, 0x00, 0x00,  0x00, 0x00, 0x00, 0x00, 0x14, 0x03, 0x00, 0x00, 0x06, 0x00, 0x00, 0x00,
     0x00, 0x00, 0x00, 0x00, 0x18, 0x03, 0x00, 0x00, 0x06, 0x00, 0x00, 0x00,  0x00, 0x00, 0x00, 0x00,
    0x1c, 0x03, 0x00, 0x00, 0x05, 0x00, 0x00, 0x00,  0x00, 0x00, 0x00, 0x00, 0x20, 0x03, 0x00, 0x00,
    0x05, 0x00, 0x00, 0x00,  0x00, 0x00, 0x00, 0x00, 0x24, 0x03, 0x00, 0x00, 0x05, 0x00, 0x00, 0x00,
     0x00, 0x00, 0x00, 0x00, 0x28, 0x03, 0x00, 0x00, 0x05, 0x00, 0x00, 0x00,  0x00, 0x00, 0x00, 0x00,
    0x2c, 0x03, 0x00, 0x00, 0x05, 0x00, 0x00, 0x00,  0x00, 0x00, 0x00, 0x00, 0x30, 0x03, 0x00, 0x00,
    0x05, 0x00, 0x00, 0x00,  0x00, 0x00, 0x00, 0x00, 0x34, 0x03, 0x00, 0x00, 0x06, 0x00, 0x00, 0x00,
     0x00, 0x00, 0x00, 0x00, 0x38, 0x03, 0x00, 0x00, 0x06, 0x00, 0x00, 0x00,  0x00, 0x00, 0x00, 0x00,
    0x40, 0x03, 0x00, 0x00, 0x05, 0x00, 0x00, 0x00,  0x00, 0x00, 0x00, 0x00, 0x3c, 0x03, 0x00, 0x00,
    0x05, 0x00, 0x00, 0x00,  0x00, 0x00, 0x00, 0x00, 0x44, 0x03, 0x00, 0x00, 0x05, 0x00, 0x00, 0x00,
     0x00, 0x00, 0x00, 0x00, 0x48, 0x03, 0x00, 0x00, 0x05, 0x00, 0x00, 0x00,  0x00, 0x00, 0x00, 0x00,
    0x4c, 0x03, 0x00, 0x00, 0x00, 0x00, 0x00, 0x00,  0x00, 0x00, 0x00, 0x00, 0x50, 0x03, 0x00, 0x00,
    0x05, 0x00, 0x00, 0x00,  0x00, 0x00, 0x00, 0x00, 0x54, 0x03, 0x00, 0x00, 0x05, 0x00, 0x00, 0x00,
     0x00, 0x00, 0x00, 0x00, 0x58, 0x03, 0x00, 0x00, 0x05, 0x00, 0x00, 0x00,  0x00, 0x00, 0x00, 0x00,
    0x5c, 0x03, 0x00, 0x00, 0x05, 0x00, 0x00, 0x00,  0x00, 0x00, 0x00, 0x00, 0x60, 0x03, 0x00, 0x00,
    0x04, 0x00, 0x00, 0x00,  0x00, 0x00, 0x00, 0x00, 0x64, 0x03, 0x00, 0x00, 0x04, 0x00, 0x00, 0x00,
     0x00, 0x00, 0x00, 0x00, 0x68, 0x03, 0x00, 0x00, 0x00, 0x00, 0x00, 0x00,  0x00, 0x00, 0x00, 0x00,
    0x70, 0x03, 0x00, 0x00, 0x04, 0x00, 0x00, 0x00,  0x00, 0x00, 0x00, 0x00, 0x74, 0x03, 0x00, 0x00,
    0x04, 0x00, 0x00, 0x00,  0x00, 0x00, 0x00, 0x00, 0x78, 0x03, 0x00, 0x00, 0x04, 0x00, 0x00, 0x00,
     0x00, 0x00, 0x00, 0x00, 0x7c, 0x03, 0x00, 0x00, 0x04, 0x00, 0x00, 0x00,  0x00, 0x00, 0x00, 0x00,
    0x80, 0x03, 0x00, 0x00, 0x04, 0x00, 0x00, 0x00,  0x00, 0x00, 0x00, 0x00, 0x84, 0x03, 0x00, 0x00,
    0x04, 0x00, 0x00, 0x00,  0x00, 0x00, 0x00, 0x00, 0x88, 0x03, 0x00, 0x00, 0x04, 0x00, 0x00, 0x00,
     0x00, 0x00, 0x00, 0x00, 0x8c, 0x03, 0x00, 0x00, 0x00, 0x00, 0x00, 0x00,  0x00, 0x00, 0x00, 0x00,
    0x90, 0x03, 0x00, 0x00, 0x0d, 0x00, 0x00, 0x00,  0x00, 0x00, 0x00, 0x00, 0x94, 0x03, 0x00, 0x00,
    0x00, 0x00, 0x00, 0x00,  0x00, 0x00, 0x00, 0x00, 0x98, 0x03, 0x00, 0x00, 0x00, 0x00, 0x00, 0x00,
     0x00, 0x00, 0x00, 0x00, 0x9c, 0x03, 0x00, 0x00, 0x05, 0x00, 0x00, 0x00,  0x00, 0x00, 0x00, 0x00,
    0xa0, 0x03, 0x00, 0x00, 0x06, 0x00, 0x00, 0x00,  0x00, 0x00, 0x00, 0x00, 0xa4, 0x03, 0x00, 0x00,
    0x06, 0x00, 0x00, 0x00,  0x00, 0x00, 0x00, 0x00, 0xa8, 0x03, 0x00, 0x00, 0x06, 0x00, 0x00, 0x00,
     0x00, 0x00, 0x00, 0x00, 0xac, 0x03, 0x00, 0x00, 0x06, 0x00, 0x00, 0x00,  0x00, 0x00, 0x00, 0x00,
    0xb0, 0x03, 0x00, 0x00, 0x06, 0x00, 0x00, 0x00,  0x00, 0x00, 0x00, 0x00, 0xb4, 0x03, 0x00, 0x00,
    0x06, 0x00, 0x00, 0x00,  0x00, 0x00, 0x00, 0x00, 0xb8, 0x03, 0x00, 0x00, 0x06, 0x00, 0x00, 0x00,
     0x00, 0x00, 0x00, 0x00, 0xbc, 0x03, 0x00, 0x00, 0x06, 0x00, 0x00, 0x00,  0x00, 0x00, 0x00, 0x00,
    0xc0, 0x03, 0x00, 0x00, 0x06, 0x00, 0x00, 0x00,  0x00, 0x00, 0x00, 0x00, 0xc4, 0x03, 0x00, 0x00,
    0x06, 0x00, 0x00, 0x00,  0x00, 0x00, 0x00, 0x00, 0xc8, 0x03, 0x00, 0x00, 0x06, 0x00, 0x00, 0x00,
     0x00, 0x00, 0x00, 0x00, 0xcc, 0x03, 0x00, 0x00, 0x06, 0x00, 0x00, 0x00,  0x00, 0x00, 0x00, 0x00,
    0xd0, 0x03, 0x00, 0x00, 0x06, 0x00, 0x00, 0x00,  0x00, 0x00, 0x00, 0x00, 0xd4, 0x03, 0x00, 0x00,
    0x06, 0x00, 0x00, 0x00,  0x00, 0x00, 0x00, 0x00, 0xd8, 0x03, 0x00, 0x00, 0x06, 0x00, 0x00, 0x00,
     0x00, 0x00, 0x00, 0x00, 0xdc, 0x03, 0x00, 0x00, 0x06, 0x00, 0x00, 0x00,  0x00, 0x00, 0x00, 0x00,
    0xe0, 0x03, 0x00, 0x00, 0x06, 0x00, 0x00, 0x00,  0x00, 0x00, 0x00, 0x00, 0xe4, 0x03, 0x00, 0x00,
    0x06, 0x00, 0x00, 0x00,  0x00, 0x00, 0x00, 0x00, 0xe8, 0x03, 0x00, 0x00, 0x06, 0x00, 0x00, 0x00,
     0x00, 0x00, 0x00, 0x00, 0xec, 0x03, 0x00, 0x00, 0x06, 0x00, 0x00, 0x00,  0x00, 0x00, 0x00, 0x00,
    0xf0, 0x03, 0x00, 0x00, 0x06, 0x00, 0x00, 0x00,  0x00, 0x00, 0x00, 0x00, 0xf4, 0x03, 0x00, 0x00,
    0x06, 0x00, 0x00, 0x00,  0x00, 0x00, 0x00, 0x00, 0xf8, 0x03, 0x00, 0x00, 0x06, 0x00, 0x00, 0x00,
     0x00, 0x00, 0x00, 0x00, 0xfc, 0x03, 0x00, 0x00, 0x06, 0x00, 0x00, 0x00,  0x00, 0x00, 0x00, 0x00,
    0x00, 0x04, 0x00, 0x00, 0x06, 0x00, 0x00, 0x00,  0x00, 0x00, 0x00, 0x00, 0x04, 0x04, 0x00, 0x00,
    0x06, 0x00, 0x00, 0x00,  0x00, 0x00, 0x00, 0x00, 0x08, 0x04, 0x00, 0x00, 0x06, 0x00, 0x00, 0x00,
     0x00, 0x00, 0x00, 0x00, 0x0c, 0x04, 0x00, 0x00, 0x06, 0x00, 0x00, 0x00,  0x00, 0x00, 0x00, 0x00,
    0x10, 0x04, 0x00, 0x00, 0x06, 0x00, 0x00, 0x00,  0x00, 0x00, 0x00, 0x00, 0x14, 0x04, 0x00, 0x00,
    0x06, 0x00, 0x00, 0x00,  0x00, 0x00, 0x00, 0x00, 0x18, 0x04, 0x00, 0x00, 0x06, 0x00, 0x00, 0x00,
     0x00, 0x00, 0x00, 0x00, 0x1c, 0x04, 0x00, 0x00, 0x06, 0x00, 0x00, 0x00,  0x00, 0x00, 0x00, 0x00,
    0x20, 0x04, 0x00, 0x00, 0x06, 0x00, 0x00, 0x00,  0x00, 0x00, 0x00, 0x00, 0x24, 0x04, 0x00, 0x00,
    0x06, 0x00, 0x00, 0x00,  0x00, 0x00, 0x00, 0x00, 0x28, 0x04, 0x00, 0x00, 0x06, 0x00, 0x00, 0x00,
     0x00, 0x00, 0x00, 0x00, 0x2c, 0x04, 0x00, 0x00, 0x06, 0x00, 0x00, 0x00,  0x00, 0x00, 0x00, 0x00,
    0x30, 0x04, 0x00, 0x00, 0x06, 0x00, 0x00, 0x00,  0x00, 0x00, 0x00, 0x00, 0x34, 0x04, 0x00, 0x00,
    0x06, 0x00, 0x00, 0x00,  0x00, 0x00, 0x00, 0x00, 0x38, 0x04, 0x00, 0x00, 0x06, 0x00, 0x00, 0x00,
     0x00, 0x00, 0x00, 0x00, 0x3c, 0x04, 0x00, 0x00, 0x06, 0x00, 0x00, 0x00,  0x00, 0x00, 0x00, 0x00,
    0x40, 0x04, 0x00, 0x00, 0x06, 0x00, 0x00, 0x00,  0x00, 0x00, 0x00, 0x00, 0x44, 0x04, 0x00, 0x00,
    0x06, 0x00, 0x00, 0x00,  0x00, 0x00, 0x00, 0x00, 0x48, 0x04, 0x00, 0x00, 0x06, 0x00, 0x00, 0x00,
     0x00, 0x00, 0x00, 0x00, 0x4c, 0x04, 0x00, 0x00, 0x06, 0x00, 0x00, 0x00,  0x00, 0x00, 0x00, 0x00,
    0x50, 0x04, 0x00, 0x00, 0x06, 0x00, 0x00, 0x00,  0x00, 0x00, 0x00, 0x00, 0x54, 0x04, 0x00, 0x00,
    0x06, 0x00, 0x00, 0x00,  0x00, 0x00, 0x00, 0x00, 0x58, 0x04, 0x00, 0x00, 0x00, 0x00, 0x00, 0x00,
     0x00, 0x00, 0x00, 0x00, 0x5c, 0x04, 0x00, 0x00, 0x04, 0x00, 0x00, 0x00,  0x00, 0x00, 0x00, 0x00,
    0x60, 0x04, 0x00, 0x00, 0x06, 0x00, 0x00, 0x00,  0x00, 0x00, 0x00, 0x00, 0x64, 0x04, 0x00, 0x00,
    0x06, 0x00, 0x00, 0x00,  0x00, 0x00, 0x00, 0x00, 0x68, 0x04, 0x00, 0x00, 0x06, 0x00, 0x00, 0x00,
     0x00, 0x00, 0x00, 0x00, 0xc0, 0x02, 0x00, 0x00, 0x07, 0x00, 0x00, 0x00,  0x00, 0x00, 0x00, 0x00,
    0xc4, 0x02, 0x00, 0x00, 0x07, 0x00, 0x00, 0x00,  0x00, 0x00, 0x00, 0x00, 0xc8, 0x02, 0x00, 0x00,
    0x06, 0x00, 0x00, 0x00,  0x00, 0x00, 0x00, 0x00, 0xd0, 0x02, 0x00, 0x00, 0x06, 0x00, 0x00, 0x00,
     0x00, 0x00, 0x00, 0x00, 0x68, 0x02, 0x00, 0x00, 0x06, 0x00, 0x00, 0x00,  0x00, 0x00, 0x00, 0x00,
    0x6c, 0x02, 0x00, 0x00, 0x06, 0x00, 0x00, 0x00,  0x00, 0x00, 0x00, 0x00, 0x70, 0x02, 0x00, 0x00,
    0x06, 0x00, 0x00, 0x00,  0x00, 0x00, 0x00, 0x00, 0x74, 0x02, 0x00, 0x00, 0x00, 0x00, 0x00, 0x00,
     0x00, 0x00, 0x00, 0x00, 0x78, 0x02, 0x00, 0x00, 0x0a, 0x00, 0x00, 0x00,  0x00, 0x00, 0x00, 0x00,
    0x7c, 0x02, 0x00, 0x00, 0x06, 0x00, 0x00, 0x00,  0x00, 0x00, 0x00, 0x00, 0x80, 0x02, 0x00, 0x00,
    0x06, 0x00, 0x00, 0x00,  0x00, 0x00, 0x00, 0x00, 0x84, 0x02, 0x00, 0x00, 0x06, 0x00, 0x00, 0x00,
     0x00, 0x00, 0x00, 0x00, 0x88, 0x02, 0x00, 0x00, 0x06, 0x00, 0x00, 0x00,  0x00, 0x00, 0x00, 0x00,
    0x6c, 0x04, 0x00, 0x00, 0x06, 0x00, 0x00, 0x00,  0x00, 0x00, 0x00, 0x00, 0x70, 0x04, 0x00, 0x00,
    0x06, 0x00, 0x00, 0x00,  0x00, 0x00, 0x00, 0x00, 0x74, 0x04, 0x00, 0x00, 0x06, 0x00, 0x00, 0x00,
     0x00, 0x00, 0x00, 0x00, 0x24, 0x05, 0x00, 0x00, 0x07, 0x00, 0x00, 0x00,  0x00, 0x00, 0x00, 0x00,
    0x78, 0x04, 0x00, 0x00, 0x04, 0x00, 0x00, 0x00,  0x00, 0x00, 0x00, 0x00, 0x7c, 0x04, 0x00, 0x00,
    0x06, 0x00, 0x00, 0x00,  0x00, 0x00, 0x00, 0x00, 0x80, 0x04, 0x00, 0x00, 0x06, 0x00, 0x00, 0x00,
     0x00, 0x00, 0x00, 0x00, 0x84, 0x04, 0x00, 0x00, 0x06, 0x00, 0x00, 0x00,  0x00, 0x00, 0x00, 0x00,
    0x88, 0x04, 0x00, 0x00, 0x06, 0x00, 0x00, 0x00,  0x00, 0x00, 0x00, 0x00, 0x8c, 0x04, 0x00, 0x00,
    0x06, 0x00, 0x00, 0x00,  0x00, 0x00, 0x00, 0x00, 0x90, 0x04, 0x00, 0x00, 0x06, 0x00, 0x00, 0x00,
     0x00, 0x00, 0x00, 0x00, 0x94, 0x04, 0x00, 0x00, 0x06, 0x00, 0x00, 0x00,  0x00, 0x00, 0x00, 0x00,
    0x98, 0x04, 0x00, 0x00, 0x06, 0x00, 0x00, 0x00,  0x00, 0x00, 0x00, 0x00, 0x9c, 0x04, 0x00, 0x00,
    0x06, 0x00, 0x00, 0x00,  0x00, 0x00, 0x00, 0x00, 0xa0, 0x04, 0x00, 0x00, 0x06, 0x00, 0x00, 0x00,
     0x00, 0x00, 0x00, 0x00, 0xa4, 0x04, 0x00, 0x00, 0x06, 0x00, 0x00, 0x00,  0x00, 0x00, 0x00, 0x00,
    0xa8, 0x04, 0x00, 0x00, 0x06, 0x00, 0x00, 0x00,  0x00, 0x00, 0x00, 0x00, 0xac, 0x04, 0x00, 0x00,
    0x06, 0x00, 0x00, 0x00,  0x00, 0x00, 0x00, 0x00, 0xb0, 0x04, 0x00, 0x00, 0x06, 0x00, 0x00, 0x00,
     0x00, 0x00, 0x00, 0x00, 0xbc, 0x04, 0x00, 0x00, 0x06, 0x00, 0x00, 0x00,  0x00, 0x00, 0x00, 0x00,
    0x8c, 0x02, 0x00, 0x00, 0x06, 0x00, 0x00, 0x00,  0x00, 0x00, 0x00, 0x00, 0x90, 0x02, 0x00, 0x00,
    0x06, 0x00, 0x00, 0x00,  0x00, 0x00, 0x00, 0x00, 0x94, 0x02, 0x00, 0x00, 0x06, 0x00, 0x00, 0x00,
     0x00, 0x00, 0x00, 0x00, 0x98, 0x02, 0x00, 0x00, 0x06, 0x00, 0x00, 0x00,  0x00, 0x00, 0x00, 0x00,
    0x9c, 0x02, 0x00, 0x00, 0x06, 0x00, 0x00, 0x00,  0x00, 0x00, 0x00, 0x00, 0xa0, 0x02, 0x00, 0x00,
    0x06, 0x00, 0x00, 0x00,  0x00, 0x00, 0x00, 0x00, 0xa4, 0x02, 0x00, 0x00, 0x06, 0x00, 0x00, 0x00,
     0x00, 0x00, 0x00, 0x00, 0xa8, 0x02, 0x00, 0x00, 0x06, 0x00, 0x00, 0x00,  0x00, 0x00, 0x00, 0x00,
    0xac, 0x02, 0x00, 0x00, 0x06, 0x00, 0x00, 0x00,  0x00, 0x00, 0x00, 0x00, 0xb0, 0x02, 0x00, 0x00,
    0x06, 0x00, 0x00, 0x00,  0x00, 0x00, 0x00, 0x00, 0xb4, 0x02, 0x00, 0x00, 0x06, 0x00, 0x00, 0x00,
     0x00, 0x00, 0x00, 0x00, 0xb8, 0x02, 0x00, 0x00, 0x06, 0x00, 0x00, 0x00,  0x00, 0x00, 0x00, 0x00,
    0xbc, 0x02, 0x00, 0x00, 0x06, 0x00, 0x00, 0x00,  0x00, 0x00, 0x00, 0x00, 0xcc, 0x02, 0x00, 0x00,
    0x06, 0x00, 0x00, 0x00,  0x00, 0x00, 0x00, 0x00, 0xd4, 0x02, 0x00, 0x00, 0x06, 0x00, 0x00, 0x00,
     0x00, 0x00, 0x00, 0x00, 0xc0, 0x04, 0x00, 0x00, 0x04, 0x00, 0x00, 0x00,  0x00, 0x00, 0x00, 0x00,
    0xc4, 0x04, 0x00, 0x00, 0x06, 0x00, 0x00, 0x00,  0x00, 0x00, 0x00, 0x00, 0xc8, 0x04, 0x00, 0x00,
    0x06, 0x00, 0x00, 0x00,  0x00, 0x00, 0x00, 0x00, 0xcc, 0x04, 0x00, 0x00, 0x06, 0x00, 0x00, 0x00,
     0x00, 0x00, 0x00, 0x00, 0xd0, 0x04, 0x00, 0x00, 0x06, 0x00, 0x00, 0x00,  0x00, 0x00, 0x00, 0x00,
    0xd4, 0x04, 0x00, 0x00, 0x06, 0x00, 0x00, 0x00,  0x00, 0x00, 0x00, 0x00, 0xd8, 0x04, 0x00, 0x00,
    0x06, 0x00, 0x00, 0x00,  0x00, 0x00, 0x00, 0x00, 0xdc, 0x04, 0x00, 0x00, 0x06, 0x00, 0x00, 0x00,
     0x00, 0x00, 0x00, 0x00, 0xe0, 0x04, 0x00, 0x00, 0x06, 0x00, 0x00, 0x00,  0x00, 0x00, 0x00, 0x00,
    0xe4, 0x04, 0x00, 0x00, 0x06, 0x00, 0x00, 0x00,  0x00, 0x00, 0x00, 0x00, 0xe8, 0x04, 0x00, 0x00,
    0x06, 0x00, 0x00, 0x00,  0x00, 0x00, 0x00, 0x00, 0xec, 0x04, 0x00, 0x00, 0x06, 0x00, 0x00, 0x00,
     0x00, 0x00, 0x00, 0x00, 0xf0, 0x04, 0x00, 0x00, 0x06, 0x00, 0x00, 0x00,  0x00, 0x00, 0x00, 0x00,
    0xf4, 0x04, 0x00, 0x00, 0x06, 0x00, 0x00, 0x00,  0x00, 0x00, 0x00, 0x00, 0xf8, 0x04, 0x00, 0x00,
    0x06, 0x00, 0x00, 0x00,  0x00, 0x00, 0x00, 0x00, 0x28, 0x05, 0x00, 0x00, 0x06, 0x00, 0x00, 0x00,
     0x00, 0x00, 0x00, 0x00, 0x2c, 0x05, 0x00, 0x00, 0x06, 0x00, 0x00, 0x00,  0x00, 0x00, 0x00, 0x00,
    0x30, 0x05, 0x00, 0x00, 0x06, 0x00, 0x00, 0x00,  0x00, 0x00, 0x00, 0x00, 0x34, 0x05, 0x00, 0x00,
    0x06, 0x00, 0x00, 0x00,  0x00, 0x00, 0x00, 0x00, 0x38, 0x05, 0x00, 0x00, 0x06, 0x00, 0x00, 0x00,
     0x00, 0x00, 0x00, 0x00, 0x3c, 0x05, 0x00, 0x00, 0x06, 0x00, 0x00, 0x00,  0x00, 0x00, 0x00, 0x00,
    0x40, 0x05, 0x00, 0x00, 0x06, 0x00, 0x00, 0x00,  0x00, 0x00, 0x00, 0x00, 0x4c, 0x05, 0x00, 0x00,
    0x06, 0x00, 0x00, 0x00,  0x00, 0x00, 0x00, 0x00, 0x50, 0x05, 0x00, 0x00, 0x06, 0x00, 0x00, 0x00,
     0x00, 0x00, 0x00, 0x00, 0x44, 0x05, 0x00, 0x00, 0x06, 0x00, 0x00, 0x00,  0x00, 0x00, 0x00, 0x00,
    0x48, 0x05, 0x00, 0x00, 0x06, 0x00, 0x00, 0x00,  0x00, 0x00, 0x00, 0x00, 0x54, 0x05, 0x00, 0x00,
    0x06, 0x00, 0x00, 0x00,  0x00, 0x00, 0x00, 0x00, 0x58, 0x05, 0x00, 0x00, 0x06, 0x00, 0x00, 0x00,
     0x00, 0x00, 0x00, 0x00, 0x5c, 0x05, 0x00, 0x00, 0x06, 0x00, 0x00, 0x00,  0x00, 0x00, 0x00, 0x00,
    0x60, 0x05, 0x00, 0x00, 0x06, 0x00, 0x00, 0x00,  0x00, 0x00, 0x00, 0x00, 0x64, 0x05, 0x00, 0x00,
    0x06, 0x00, 0x00, 0x00,  0x00, 0x00, 0x00, 0x00, 0x68, 0x05, 0x00, 0x00, 0x06, 0x00, 0x00, 0x00,
     0x00, 0x00, 0x00, 0x00, 0x8c, 0x00, 0x00, 0x00, 0x0c, 0x00, 0x00, 0x00,  0x00, 0x00, 0x00, 0x00,
    0x6c, 0x05, 0x00, 0x00, 0x00, 0x00, 0x00, 0x00,  0x00, 0x00, 0x00, 0x00, 0x70, 0x05, 0x00, 0x00,
    0x00, 0x00, 0x00, 0x00,  0x00, 0x00, 0x00, 0x00, 0x7c, 0x05, 0x00, 0x00, 0x06, 0x00, 0x00, 0x00,
     0x00, 0x00, 0x00, 0x00, 0x80, 0x05, 0x00, 0x00, 0x06, 0x00, 0x00, 0x00,  0x00, 0x00, 0x00, 0x00,
    0x04, 0x05, 0x00, 0x00, 0x06, 0x00, 0x00, 0x00,  0x00, 0x00, 0x00, 0x00, 0x08, 0x05, 0x00, 0x00,
    0x06, 0x00, 0x00, 0x00,  0x00, 0x00, 0x00, 0x00, 0x0c, 0x05, 0x00, 0x00, 0x00, 0x00, 0x00, 0x00,
     0x00, 0x00, 0x00, 0x00, 0x10, 0x05, 0x00, 0x00, 0x00, 0x00, 0x00, 0x00,  0x00, 0x00, 0x00, 0x00,
    0xb0, 0x05, 0x00, 0x00, 0x06, 0x00, 0x00, 0x00,  0x00, 0x00, 0x00, 0x00, 0xb4, 0x05, 0x00, 0x00,
    0x06, 0x00, 0x00, 0x00,  0x00, 0x00, 0x00, 0x00, 0xb8, 0x05, 0x00, 0x00, 0x06, 0x00, 0x00, 0x00,
     0x00, 0x00, 0x00, 0x00, 0xbc, 0x05, 0x00, 0x00, 0x06, 0x00, 0x00, 0x00,  0x00, 0x00, 0x00, 0x00,
    0xc0, 0x05, 0x00, 0x00, 0x06, 0x00, 0x00, 0x00,  0x00, 0x00, 0x00, 0x00, 0xc4, 0x05, 0x00, 0x00,
    0x06, 0x00, 0x00, 0x00,  0x00, 0x00, 0x00, 0x00, 0xc8, 0x05, 0x00, 0x00, 0x06, 0x00, 0x00, 0x00,
     0x00, 0x00, 0x00, 0x00, 0xd0, 0x05, 0x00, 0x00, 0x06, 0x00, 0x00, 0x00,  0x00, 0x00, 0x00, 0x00,
    0xd8, 0x05, 0x00, 0x00, 0x06, 0x00, 0x00, 0x00,  0x00, 0x00, 0x00, 0x00, 0xcc, 0x05, 0x00, 0x00,
    0x06, 0x00, 0x00, 0x00,  0x00, 0x00, 0x00, 0x00, 0xd4, 0x05, 0x00, 0x00, 0x06, 0x00, 0x00, 0x00,
     0x00, 0x00, 0x00, 0x00, 0xdc, 0x05, 0x00, 0x00, 0x06, 0x00, 0x00, 0x00,  0x00, 0x00, 0x00, 0x00,
    0xe0, 0x05, 0x00, 0x00, 0x06, 0x00, 0x00, 0x00,  0x00, 0x00, 0x00, 0x00, 0xe8, 0x05, 0x00, 0x00,
    0x06, 0x00, 0x00, 0x00,  0x00, 0x00, 0x00, 0x00, 0xf0, 0x05, 0x00, 0x00, 0x06, 0x00, 0x00, 0x00,
     0x00, 0x00, 0x00, 0x00, 0xe4, 0x05, 0x00, 0x00, 0x06, 0x00, 0x00, 0x00,  0x00, 0x00, 0x00, 0x00,
    0xec, 0x05, 0x00, 0x00, 0x06, 0x00, 0x00, 0x00,  0x00, 0x00, 0x00, 0x00, 0xf4, 0x05, 0x00, 0x00,
    0x06, 0x00, 0x00, 0x00,  0x00, 0x00, 0x00, 0x00, 0xf8, 0x05, 0x00, 0x00, 0x06, 0x00, 0x00, 0x00,
     0x00, 0x00, 0x00, 0x00, 0xfc, 0x05, 0x00, 0x00, 0x00, 0x00, 0x00, 0x00,  0x00, 0x00, 0x00, 0x00,
    0x00, 0x06, 0x00, 0x00, 0x00, 0x00, 0x00, 0x00
};

const char *offhandClassNames[] = {
    "None",
    "Frag Grenade",
    "Smoke Grenade"
};

const char *szProjectileExplosionNames[] = {
    "grenade",
    "rocket",
    "none"
};

const char *szWeapStanceNames[] = {
    "stand",
    "duck",
    "prone"
};

const char *szWeapSlotNames[] = {
    "none",
    "primary",
    "primaryb"
};

unsigned char szWeapOverlayReticleNames[40] = {
     0x00, 0x00, 0x00, 0x00,  0x00, 0x00, 0x00, 0x00,  0x00, 0x00, 0x00, 0x00,  0x00, 0x00, 0x00, 0x00,
     0x00, 0x00, 0x00, 0x00, 0x00, 0x00, 0x00, 0x00, 0x00, 0x00, 0x00, 0x00, 0x00, 0x00, 0x00, 0x00,
    0x00, 0x00, 0x00, 0x00, 0x00, 0x00, 0x00, 0x00
};

const char *szWeapClassNames[] = {
    "rifle",
    "mg",
    "smg",
    "spread",
    "pistol",
    "grenade",
    "rocketlauncher",
    "turret",
    "non-player",
    "item"
};

unsigned char szWeapTypeNames[24] = {
     0x00, 0x00, 0x00, 0x00,  0x00, 0x00, 0x00, 0x00,  0x00, 0x00, 0x00, 0x00,  0x00, 0x00, 0x00, 0x00,
    0x00, 0x00, 0x00, 0x00, 0x00, 0x00, 0x00, 0x00
};

unsigned char dollardirectives[160] = {
     0x00, 0x00, 0x00, 0x00,  0x00, 0x00, 0x00, 0x00,  0x00, 0x00, 0x00, 0x00,  0x00, 0x00, 0x00, 0x00,
    0x00, 0x00, 0x00, 0x00, 0x00, 0x00, 0x00, 0x00, 0x00, 0x00, 0x00, 0x00, 0x00, 0x00, 0x00, 0x00,
    0x00, 0x00, 0x00, 0x00, 0x00, 0x00, 0x00, 0x00, 0x00, 0x00, 0x00, 0x00, 0x00, 0x00, 0x00, 0x00,
    0x00, 0x00, 0x00, 0x00, 0x00, 0x00, 0x00, 0x00, 0x00, 0x00, 0x00, 0x00, 0x00, 0x00, 0x00, 0x00,
    0x00, 0x00, 0x00, 0x00, 0x00, 0x00, 0x00, 0x00, 0x00, 0x00, 0x00, 0x00, 0x00, 0x00, 0x00, 0x00,
    0x00, 0x00, 0x00, 0x00, 0x00, 0x00, 0x00, 0x00, 0x00, 0x00, 0x00, 0x00, 0x00, 0x00, 0x00, 0x00,
    0x00, 0x00, 0x00, 0x00, 0x00, 0x00, 0x00, 0x00, 0x00, 0x00, 0x00, 0x00, 0x00, 0x00, 0x00, 0x00,
    0x00, 0x00, 0x00, 0x00, 0x00, 0x00, 0x00, 0x00, 0x00, 0x00, 0x00, 0x00, 0x00, 0x00, 0x00, 0x00,
    0x00, 0x00, 0x00, 0x00, 0x00, 0x00, 0x00, 0x00, 0x00, 0x00, 0x00, 0x00, 0x00, 0x00, 0x00, 0x00,
    0x00, 0x00, 0x00, 0x00, 0x00, 0x00, 0x00, 0x00, 0x00, 0x00, 0x00, 0x00, 0x00, 0x00, 0x00, 0x00
};

unsigned char directives[160] = {
     0x00, 0x00, 0x00, 0x00,  0x00, 0x00, 0x00, 0x00,  0x00, 0x00, 0x00, 0x00,  0x00, 0x00, 0x00, 0x00,
     0x00, 0x00, 0x00, 0x00,  0x00, 0x00, 0x00, 0x00,  0x00, 0x00, 0x00, 0x00,  0x00, 0x00, 0x00, 0x00,
     0x00, 0x00, 0x00, 0x00,  0x00, 0x00, 0x00, 0x00,  0x00, 0x00, 0x00, 0x00,  0x00, 0x00, 0x00, 0x00,
     0x00, 0x00, 0x00, 0x00,  0x00, 0x00, 0x00, 0x00,  0x00, 0x00, 0x00, 0x00,  0x00, 0x00, 0x00, 0x00,
     0x00, 0x00, 0x00, 0x00,  0x00, 0x00, 0x00, 0x00,  0x00, 0x00, 0x00, 0x00,  0x00, 0x00, 0x00, 0x00,
     0x00, 0x00, 0x00, 0x00,  0x00, 0x00, 0x00, 0x00,  0x00, 0x00, 0x00, 0x00,  0x00, 0x00, 0x00, 0x00,
     0x00, 0x00, 0x00, 0x00,  0x00, 0x00, 0x00, 0x00,  0x00, 0x00, 0x00, 0x00,  0x00, 0x00, 0x00, 0x00,
    0x00, 0x00, 0x00, 0x00, 0x00, 0x00, 0x00, 0x00, 0x00, 0x00, 0x00, 0x00, 0x00, 0x00, 0x00, 0x00,
    0x00, 0x00, 0x00, 0x00, 0x00, 0x00, 0x00, 0x00, 0x00, 0x00, 0x00, 0x00, 0x00, 0x00, 0x00, 0x00,
    0x00, 0x00, 0x00, 0x00, 0x00, 0x00, 0x00, 0x00, 0x00, 0x00, 0x00, 0x00, 0x00, 0x00, 0x00, 0x00
};

unsigned char default_punctuations[640] = {
     0x00, 0x00, 0x00, 0x00, 0x01, 0x00, 0x00, 0x00, 0x00, 0x00, 0x00, 0x00,  0x00, 0x00, 0x00, 0x00,
    0x02, 0x00, 0x00, 0x00, 0x00, 0x00, 0x00, 0x00,  0x00, 0x00, 0x00, 0x00, 0x03, 0x00, 0x00, 0x00,
    0x00, 0x00, 0x00, 0x00,  0x00, 0x00, 0x00, 0x00, 0x04, 0x00, 0x00, 0x00, 0x00, 0x00, 0x00, 0x00,
     0x00, 0x00, 0x00, 0x00, 0x05, 0x00, 0x00, 0x00, 0x00, 0x00, 0x00, 0x00,  0x00, 0x00, 0x00, 0x00,
    0x06, 0x00, 0x00, 0x00, 0x00, 0x00, 0x00, 0x00,  0x00, 0x00, 0x00, 0x00, 0x07, 0x00, 0x00, 0x00,
    0x00, 0x00, 0x00, 0x00,  0x00, 0x00, 0x00, 0x00, 0x08, 0x00, 0x00, 0x00, 0x00, 0x00, 0x00, 0x00,
     0x00, 0x00, 0x00, 0x00, 0x09, 0x00, 0x00, 0x00, 0x00, 0x00, 0x00, 0x00,  0x00, 0x00, 0x00, 0x00,
    0x0a, 0x00, 0x00, 0x00, 0x00, 0x00, 0x00, 0x00,  0x00, 0x00, 0x00, 0x00, 0x0b, 0x00, 0x00, 0x00,
    0x00, 0x00, 0x00, 0x00,  0x00, 0x00, 0x00, 0x00, 0x0c, 0x00, 0x00, 0x00, 0x00, 0x00, 0x00, 0x00,
     0x00, 0x00, 0x00, 0x00, 0x0d, 0x00, 0x00, 0x00, 0x00, 0x00, 0x00, 0x00,  0x00, 0x00, 0x00, 0x00,
    0x0e, 0x00, 0x00, 0x00, 0x00, 0x00, 0x00, 0x00,  0x00, 0x00, 0x00, 0x00, 0x0f, 0x00, 0x00, 0x00,
    0x00, 0x00, 0x00, 0x00,  0x00, 0x00, 0x00, 0x00, 0x10, 0x00, 0x00, 0x00, 0x00, 0x00, 0x00, 0x00,
     0x00, 0x00, 0x00, 0x00, 0x11, 0x00, 0x00, 0x00, 0x00, 0x00, 0x00, 0x00,  0x00, 0x00, 0x00, 0x00,
    0x12, 0x00, 0x00, 0x00, 0x00, 0x00, 0x00, 0x00,  0x00, 0x00, 0x00, 0x00, 0x13, 0x00, 0x00, 0x00,
    0x00, 0x00, 0x00, 0x00,  0x00, 0x00, 0x00, 0x00, 0x14, 0x00, 0x00, 0x00, 0x00, 0x00, 0x00, 0x00,
     0x00, 0x00, 0x00, 0x00, 0x15, 0x00, 0x00, 0x00, 0x00, 0x00, 0x00, 0x00,  0x00, 0x00, 0x00, 0x00,
    0x16, 0x00, 0x00, 0x00, 0x00, 0x00, 0x00, 0x00,  0x00, 0x00, 0x00, 0x00, 0x17, 0x00, 0x00, 0x00,
    0x00, 0x00, 0x00, 0x00,  0x00, 0x00, 0x00, 0x00, 0x18, 0x00, 0x00, 0x00, 0x00, 0x00, 0x00, 0x00,
     0x00, 0x00, 0x00, 0x00, 0x19, 0x00, 0x00, 0x00, 0x00, 0x00, 0x00, 0x00,  0x00, 0x00, 0x00, 0x00,
    0x1a, 0x00, 0x00, 0x00, 0x00, 0x00, 0x00, 0x00,  0x00, 0x00, 0x00, 0x00, 0x1b, 0x00, 0x00, 0x00,
    0x00, 0x00, 0x00, 0x00,  0x00, 0x00, 0x00, 0x00, 0x1c, 0x00, 0x00, 0x00, 0x00, 0x00, 0x00, 0x00,
     0x00, 0x00, 0x00, 0x00, 0x1d, 0x00, 0x00, 0x00, 0x00, 0x00, 0x00, 0x00,  0x00, 0x00, 0x00, 0x00,
    0x1e, 0x00, 0x00, 0x00, 0x00, 0x00, 0x00, 0x00,  0x00, 0x00, 0x00, 0x00, 0x1f, 0x00, 0x00, 0x00,
    0x00, 0x00, 0x00, 0x00,  0x00, 0x00, 0x00, 0x00, 0x20, 0x00, 0x00, 0x00, 0x00, 0x00, 0x00, 0x00,
     0x00, 0x00, 0x00, 0x00, 0x21, 0x00, 0x00, 0x00, 0x00, 0x00, 0x00, 0x00,  0x00, 0x00, 0x00, 0x00,
    0x22, 0x00, 0x00, 0x00, 0x00, 0x00, 0x00, 0x00,  0x00, 0x00, 0x00, 0x00, 0x23, 0x00, 0x00, 0x00,
    0x00, 0x00, 0x00, 0x00,  0x00, 0x00, 0x00, 0x00, 0x24, 0x00, 0x00, 0x00, 0x00, 0x00, 0x00, 0x00,
     0x00, 0x00, 0x00, 0x00, 0x25, 0x00, 0x00, 0x00, 0x00, 0x00, 0x00, 0x00,  0x00, 0x00, 0x00, 0x00,
    0x26, 0x00, 0x00, 0x00, 0x00, 0x00, 0x00, 0x00,  0x00, 0x00, 0x00, 0x00, 0x27, 0x00, 0x00, 0x00,
    0x00, 0x00, 0x00, 0x00,  0x00, 0x00, 0x00, 0x00, 0x28, 0x00, 0x00, 0x00, 0x00, 0x00, 0x00, 0x00,
     0x00, 0x00, 0x00, 0x00, 0x29, 0x00, 0x00, 0x00, 0x00, 0x00, 0x00, 0x00,  0x00, 0x00, 0x00, 0x00,
    0x2a, 0x00, 0x00, 0x00, 0x00, 0x00, 0x00, 0x00,  0x00, 0x00, 0x00, 0x00, 0x2b, 0x00, 0x00, 0x00,
    0x00, 0x00, 0x00, 0x00,  0x00, 0x00, 0x00, 0x00, 0x2c, 0x00, 0x00, 0x00, 0x00, 0x00, 0x00, 0x00,
     0x00, 0x00, 0x00, 0x00, 0x2d, 0x00, 0x00, 0x00, 0x00, 0x00, 0x00, 0x00,  0x00, 0x00, 0x00, 0x00,
    0x2e, 0x00, 0x00, 0x00, 0x00, 0x00, 0x00, 0x00,  0x00, 0x00, 0x00, 0x00, 0x2f, 0x00, 0x00, 0x00,
    0x00, 0x00, 0x00, 0x00,  0x00, 0x00, 0x00, 0x00, 0x30, 0x00, 0x00, 0x00, 0x00, 0x00, 0x00, 0x00,
     0x00, 0x00, 0x00, 0x00, 0x31, 0x00, 0x00, 0x00, 0x00, 0x00, 0x00, 0x00,  0x00, 0x00, 0x00, 0x00,
    0x32, 0x00, 0x00, 0x00, 0x00, 0x00, 0x00, 0x00,  0x00, 0x00, 0x00, 0x00, 0x33, 0x00, 0x00, 0x00,
    0x00, 0x00, 0x00, 0x00,  0x00, 0x00, 0x00, 0x00, 0x34, 0x00, 0x00, 0x00, 0x00, 0x00, 0x00, 0x00,
    0x00, 0x00, 0x00, 0x00, 0x00, 0x00, 0x00, 0x00, 0x00, 0x00, 0x00, 0x00, 0x00, 0x00, 0x00, 0x00
};

char gConsoleRunning[32] = {0};

unsigned char s_XModelSurfaceSize[8] = {
    0x00, 0x00, 0x00, 0x10,  0x00, 0x00, 0x00, 0x00
};

unsigned char s_entitySurface[24] = {
    0x02, 0x00, 0x00, 0x00, 0x00, 0x00, 0x00, 0x00, 0x00, 0x00, 0x00, 0x00, 0x00, 0x00, 0x00, 0x00,
    0x00, 0x00, 0x00, 0x00, 0x00, 0x00, 0x00, 0x00
};

unsigned char s_aspectRatioNames[20] = {
     0x00, 0x00, 0x00, 0x00,  0x00, 0x00, 0x00, 0x00,  0x00, 0x00, 0x00, 0x00,  0x00, 0x00, 0x00, 0x00,
    0x00, 0x00, 0x00, 0x00
};

unsigned char s_technologyNames[16] = {
     0x00, 0x00, 0x00, 0x00,  0x00, 0x00, 0x00, 0x00,  0x00, 0x00, 0x00, 0x00, 0x00, 0x00, 0x00, 0x00
};

unsigned char r_forceLodNames[24] = {
     0x00, 0x00, 0x00, 0x00,  0x00, 0x00, 0x00, 0x00,  0x00, 0x00, 0x00, 0x00,  0x00, 0x00, 0x00, 0x00,
     0x00, 0x00, 0x00, 0x00, 0x00, 0x00, 0x00, 0x00
};

unsigned char fbColorDebugNames[16] = {
     0x00, 0x00, 0x00, 0x00,  0x00, 0x00, 0x00, 0x00,  0x00, 0x00, 0x00, 0x00, 0x00, 0x00, 0x00, 0x00
};

unsigned char s_aaAlphaNames[16] = {
     0x00, 0x00, 0x00, 0x00,  0x00, 0x00, 0x00, 0x00,  0x00, 0x00, 0x00, 0x00, 0x00, 0x00, 0x00, 0x00
};

unsigned char xdebugNames[20] = {
     0x00, 0x00, 0x00, 0x00,  0x00, 0x00, 0x00, 0x00,  0x00, 0x00, 0x00, 0x00,  0x00, 0x00, 0x00, 0x00,
    0x00, 0x00, 0x00, 0x00
};

unsigned char normalMapNames[12] = {
     0x00, 0x00, 0x00, 0x00,  0x00, 0x00, 0x00, 0x00, 0x00, 0x00, 0x00, 0x00
};

unsigned char colorMapNames[16] = {
     0x00, 0x00, 0x00, 0x00,  0x00, 0x00, 0x00, 0x00,  0x00, 0x00, 0x00, 0x00, 0x00, 0x00, 0x00, 0x00
};

unsigned char gpuSyncNames[20] = {
     0x00, 0x00, 0x00, 0x00,  0x00, 0x00, 0x00, 0x00,  0x00, 0x00, 0x00, 0x00,  0x00, 0x00, 0x00, 0x00,
    0x00, 0x00, 0x00, 0x00
};

unsigned char debugShaderNames[24] = {
     0x00, 0x00, 0x00, 0x00,  0x00, 0x00, 0x00, 0x00,  0x00, 0x00, 0x00, 0x00,  0x00, 0x00, 0x00, 0x00,
     0x00, 0x00, 0x00, 0x00, 0x00, 0x00, 0x00, 0x00
};

unsigned char textureModeNames[40] = {
     0x00, 0x00, 0x00, 0x00,  0x00, 0x00, 0x00, 0x00,  0x00, 0x00, 0x00, 0x00,  0x00, 0x00, 0x00, 0x00,
     0x00, 0x00, 0x00, 0x00, 0x00, 0x00, 0x00, 0x00, 0x00, 0x00, 0x00, 0x00, 0x00, 0x00, 0x00, 0x00,
    0x00, 0x00, 0x00, 0x00, 0x00, 0x00, 0x00, 0x00
};

char alwaysfails[32] = {0};

unsigned char g_platform_name[32] = {
     0x00, 0x00, 0x00, 0x00,  0x00, 0x00, 0x00, 0x00, 0x00, 0x00, 0x00, 0x00, 0x00, 0x00, 0x00, 0x00,
    0x00, 0x00, 0x00, 0x00, 0x00, 0x00, 0x00, 0x00, 0x00, 0x00, 0x00, 0x00, 0x00, 0x00, 0x00, 0x00
};

unsigned char imageTypeName[64] = {
     0x00, 0x00, 0x00, 0x00,  0x00, 0x00, 0x00, 0x00,  0x00, 0x00, 0x00, 0x00,  0x00, 0x00, 0x00, 0x00,
     0x00, 0x00, 0x00, 0x00,  0x00, 0x00, 0x00, 0x00,  0x00, 0x00, 0x00, 0x00,  0x00, 0x00, 0x00, 0x00,
     0x00, 0x00, 0x00, 0x00,  0x00, 0x00, 0x00, 0x00, 0x00, 0x00, 0x00, 0x00, 0x00, 0x00, 0x00, 0x00,
    0x00, 0x00, 0x00, 0x00, 0x00, 0x00, 0x00, 0x00, 0x00, 0x00, 0x00, 0x00, 0x00, 0x00, 0x00, 0x00
};

unsigned char g_imageProgNames[64] = {
     0x00, 0x00, 0x00, 0x00,  0x00, 0x00, 0x00, 0x00,  0x00, 0x00, 0x00, 0x00,  0x00, 0x00, 0x00, 0x00,
     0x00, 0x00, 0x00, 0x00,  0x00, 0x00, 0x00, 0x00,  0x00, 0x00, 0x00, 0x00,  0x00, 0x00, 0x00, 0x00,
     0x00, 0x00, 0x00, 0x00,  0x00, 0x00, 0x00, 0x00,  0x00, 0x00, 0x00, 0x00,  0x00, 0x00, 0x00, 0x00,
    0x00, 0x00, 0x00, 0x00, 0x00, 0x00, 0x00, 0x00, 0x00, 0x00, 0x00, 0x00, 0x00, 0x00, 0x00, 0x00
};

unsigned char s_sundvars[96] = {
     0x00, 0x00, 0x00, 0x00,  0x00, 0x00, 0x00, 0x00,  0x00, 0x00, 0x00, 0x00,  0x00, 0x00, 0x00, 0x00,
     0x00, 0x00, 0x00, 0x00,  0x00, 0x00, 0x00, 0x00,  0x00, 0x00, 0x00, 0x00,  0x00, 0x00, 0x00, 0x00,
     0x00, 0x00, 0x00, 0x00,  0x00, 0x00, 0x00, 0x00,  0x00, 0x00, 0x00, 0x00,  0x00, 0x00, 0x00, 0x00,
     0x00, 0x00, 0x00, 0x00,  0x00, 0x00, 0x00, 0x00,  0x00, 0x00, 0x00, 0x00,  0x00, 0x00, 0x00, 0x00,
     0x00, 0x00, 0x00, 0x00,  0x00, 0x00, 0x00, 0x00,  0x00, 0x00, 0x00, 0x00,  0x00, 0x00, 0x00, 0x00,
     0x00, 0x00, 0x00, 0x00, 0x00, 0x00, 0x00, 0x00, 0x00, 0x00, 0x00, 0x00, 0x00, 0x00, 0x00, 0x00
};

unsigned char R_BoundsForDrawSurfTable[32] = {
    0x00, 0x00, 0x00, 0x00, 0x00, 0x00, 0x00, 0x00, 0x00, 0x00, 0x00, 0x00,  0x00, 0x00, 0x00, 0x00,
     0x00, 0x00, 0x00, 0x00,  0x00, 0x00, 0x00, 0x00,  0x00, 0x00, 0x00, 0x00, 0x00, 0x00, 0x00, 0x00
};

char g_TotalFilterPasses[4] = {0};

char g_LastGlowFilter[28] = {0};

unsigned char extendedVirtualKeyConvert[64] = {
    0xb5, 0x80, 0xbf, 0x81, 0xdf, 0x82, 0xe0, 0x83, 0xe1, 0x84, 0xe4, 0x85, 0xe5, 0x86, 0xe6, 0x87,
    0xe7, 0x88, 0xe8, 0x89, 0xe9, 0x8a, 0xec, 0x8b, 0xf1, 0x8c, 0xf2, 0x8d, 0xf3, 0x8e, 0xf6, 0x8f,
    0xf8, 0x90, 0xf9, 0x91, 0xfa, 0x92, 0xfc, 0x93, 0x00, 0x00, 0x00, 0x00, 0x00, 0x00, 0x00, 0x00,
    0x00, 0x00, 0x00, 0x00, 0x00, 0x00, 0x00, 0x00, 0x00, 0x00, 0x00, 0x00, 0x00, 0x00, 0x00, 0x00
};

unsigned char virtualKeyConvert[320] = {
    0x00, 0x00, 0xc8, 0xc8,  0x00, 0x00, 0x00, 0x00, 0xca, 0xca, 0xcb, 0xcb,  0x00, 0x00, 0x00, 0x00,
    0x7f, 0x7f, 0x09, 0x09, 0x00, 0x00, 0x00, 0x00, 0xba, 0x00, 0x0d, 0xbf, 0x00, 0x00, 0x00, 0x00,
    0xa0, 0xa0, 0x9f, 0x9f, 0x9e, 0x9e, 0x99, 0x99,  0x00, 0x00, 0x00, 0x00, 0x00, 0x00, 0x00, 0x00,
    0x00, 0x00, 0x00, 0x00, 0x00, 0x00, 0x1b, 0x1b, 0x00, 0x00, 0x00, 0x00, 0x00, 0x00, 0x00, 0x00,
    0x20, 0x20, 0xb8, 0xa4, 0xbe, 0xa3, 0xbc, 0xa6, 0xb6, 0xa5, 0xb9, 0x9c, 0xb7, 0x9a, 0xbb, 0x9d,
     0x00, 0x00, 0x00, 0x00, 0x00, 0x00, 0x00, 0x00, 0x00, 0x00, 0xc0, 0xa1,  0x00, 0x00, 0x00, 0x00,
    0x30, 0x30, 0x31, 0x31, 0x32, 0x32, 0x33, 0x33, 0x34, 0x34, 0x35, 0x35, 0x36, 0x36, 0x37, 0x37,
    0x38, 0x38, 0x39, 0x39, 0x00, 0x00, 0x00, 0x00, 0x00, 0x00, 0x00, 0x00, 0x00, 0x00, 0x00, 0x00,
    0x00, 0x00, 0x61, 0x61, 0x62, 0x62, 0x63, 0x63, 0x64, 0x64, 0x65, 0x65, 0x66, 0x66, 0x67, 0x67,
    0x68, 0x68, 0x69, 0x69, 0x6a, 0x6a, 0x6b, 0x6b, 0x6c, 0x6c, 0x6d, 0x6d, 0x6e, 0x6e, 0x6f, 0x6f,
    0x70, 0x70, 0x71, 0x71, 0x72, 0x72, 0x73, 0x73, 0x74, 0x74, 0x75, 0x75, 0x76, 0x76, 0x77, 0x77,
    0x78, 0x78, 0x79, 0x79,  0x00, 0x00, 0x00, 0x00, 0x00, 0x00, 0x00, 0x00, 0x00, 0x00, 0x00, 0x00,
    0xc0, 0xc0, 0xbc, 0xbc, 0xbd, 0xbd, 0xbe, 0xbe, 0xb9, 0xb9, 0xba, 0xba, 0xbb, 0xbb, 0xb6, 0xb6,
    0xb7, 0xb7, 0xb8, 0xb8, 0xc6, 0xc6, 0xc4, 0xc4, 0x00, 0x00, 0xc3, 0xc3, 0xc1, 0xc1, 0xc2, 0xc2,
    0xa7, 0xa7, 0xa8, 0xa8, 0xa9, 0xa9, 0xaa, 0xaa, 0xab, 0xab, 0xac, 0xac, 0xad, 0xad, 0xae, 0xae,
    0xaf, 0xaf, 0xb0, 0xb0, 0xb1, 0xb1, 0xb2, 0xb2, 0xb3, 0xb3, 0xb4, 0xb4,  0x00, 0x00, 0x00, 0x00,
    0x00, 0x00, 0x00, 0x00, 0x00, 0x00, 0x00, 0x00, 0x00, 0x00, 0x00, 0x00, 0x00, 0x00, 0x00, 0x00,
    0x00, 0x00, 0x00, 0x00, 0x00, 0x00, 0x00, 0x00, 0x00, 0x00, 0x00, 0x00, 0x00, 0x00, 0x00, 0x00,
     0x00, 0x00, 0x00, 0x00, 0x00, 0x00, 0x00, 0x00, 0x00, 0x00, 0x00, 0x00, 0x00, 0x00, 0x00, 0x00,
    0x00, 0x00, 0x00, 0x00, 0x00, 0x00, 0x00, 0x00, 0x00, 0x00, 0x00, 0x00, 0x00, 0x00, 0x00, 0x00
};

char yyout[4] = {0};

char yyin[4] = {0};

unsigned char yy_init[24] = {
    0x01, 0x00, 0x00, 0x00, 0x00, 0x00, 0x00, 0x00, 0x00, 0x00, 0x00, 0x00, 0x00, 0x00, 0x00, 0x00,
    0x00, 0x00, 0x00, 0x00, 0x00, 0x00, 0x00, 0x00
};

const char *kHighQualityKey = "mac.sound.high.quality";

char __ZN10CVAOPacket14sCurrentPacketE[4] = {0};

char __ZN10CVAOPacket10sVAOStatusE[24] = {0};

static char __ZN12CSoundObject13sReadCallbackE[4] = {0};

static char __ZN12CSoundObject13sSeekCallbackE[4] = {0};

static char __ZN12CSoundObject14sCloseCallbackE[4] = {0};

static char __ZN12CSoundObject13sOpenCallbackE[20] = {0};

unsigned char frenchNumberKeysMap[64] = {
     0x00, 0x00, 0x00, 0x00,  0x00, 0x00, 0x00, 0x00,  0x00, 0x00, 0x00, 0x00,  0x00, 0x00, 0x00, 0x00,
     0x00, 0x00, 0x00, 0x00,  0x00, 0x00, 0x00, 0x00,  0x00, 0x00, 0x00, 0x00,  0x00, 0x00, 0x00, 0x00,
     0x00, 0x00, 0x00, 0x00,  0x00, 0x00, 0x00, 0x00, 0x00, 0x00, 0x00, 0x00, 0x00, 0x00, 0x00, 0x00,
    0x00, 0x00, 0x00, 0x00, 0x00, 0x00, 0x00, 0x00, 0x00, 0x00, 0x00, 0x00, 0x00, 0x00, 0x00, 0x00
};

unsigned char keynames_localized[800] = {
     0x00, 0x00, 0x00, 0x00, 0x09, 0x00, 0x00, 0x00,  0x00, 0x00, 0x00, 0x00, 0x0d, 0x00, 0x00, 0x00,
     0x00, 0x00, 0x00, 0x00, 0x1b, 0x00, 0x00, 0x00,  0x00, 0x00, 0x00, 0x00, 0x20, 0x00, 0x00, 0x00,
     0x00, 0x00, 0x00, 0x00, 0x7f, 0x00, 0x00, 0x00,  0x00, 0x00, 0x00, 0x00, 0x9a, 0x00, 0x00, 0x00,
     0x00, 0x00, 0x00, 0x00, 0x9b, 0x00, 0x00, 0x00,  0x00, 0x00, 0x00, 0x00, 0x9c, 0x00, 0x00, 0x00,
     0x00, 0x00, 0x00, 0x00, 0x9d, 0x00, 0x00, 0x00,  0x00, 0x00, 0x00, 0x00, 0x9e, 0x00, 0x00, 0x00,
     0x00, 0x00, 0x00, 0x00, 0x9f, 0x00, 0x00, 0x00,  0x00, 0x00, 0x00, 0x00, 0xa0, 0x00, 0x00, 0x00,
     0x00, 0x00, 0x00, 0x00, 0x97, 0x00, 0x00, 0x00,  0x00, 0x00, 0x00, 0x00, 0xa7, 0x00, 0x00, 0x00,
     0x00, 0x00, 0x00, 0x00, 0xa8, 0x00, 0x00, 0x00,  0x00, 0x00, 0x00, 0x00, 0xa9, 0x00, 0x00, 0x00,
     0x00, 0x00, 0x00, 0x00, 0xaa, 0x00, 0x00, 0x00,  0x00, 0x00, 0x00, 0x00, 0xab, 0x00, 0x00, 0x00,
     0x00, 0x00, 0x00, 0x00, 0xac, 0x00, 0x00, 0x00,  0x00, 0x00, 0x00, 0x00, 0xad, 0x00, 0x00, 0x00,
     0x00, 0x00, 0x00, 0x00, 0xae, 0x00, 0x00, 0x00,  0x00, 0x00, 0x00, 0x00, 0xaf, 0x00, 0x00, 0x00,
     0x00, 0x00, 0x00, 0x00, 0xb0, 0x00, 0x00, 0x00,  0x00, 0x00, 0x00, 0x00, 0xb1, 0x00, 0x00, 0x00,
     0x00, 0x00, 0x00, 0x00, 0xb2, 0x00, 0x00, 0x00,  0x00, 0x00, 0x00, 0x00, 0xb3, 0x00, 0x00, 0x00,
     0x00, 0x00, 0x00, 0x00, 0xb4, 0x00, 0x00, 0x00,  0x00, 0x00, 0x00, 0x00, 0xb5, 0x00, 0x00, 0x00,
     0x00, 0x00, 0x00, 0x00, 0xa1, 0x00, 0x00, 0x00,  0x00, 0x00, 0x00, 0x00, 0xa2, 0x00, 0x00, 0x00,
     0x00, 0x00, 0x00, 0x00, 0xa3, 0x00, 0x00, 0x00,  0x00, 0x00, 0x00, 0x00, 0xa4, 0x00, 0x00, 0x00,
     0x00, 0x00, 0x00, 0x00, 0xa5, 0x00, 0x00, 0x00,  0x00, 0x00, 0x00, 0x00, 0xa6, 0x00, 0x00, 0x00,
     0x00, 0x00, 0x00, 0x00, 0xc8, 0x00, 0x00, 0x00,  0x00, 0x00, 0x00, 0x00, 0xc9, 0x00, 0x00, 0x00,
     0x00, 0x00, 0x00, 0x00, 0xca, 0x00, 0x00, 0x00,  0x00, 0x00, 0x00, 0x00, 0xcb, 0x00, 0x00, 0x00,
     0x00, 0x00, 0x00, 0x00, 0xcc, 0x00, 0x00, 0x00,  0x00, 0x00, 0x00, 0x00, 0xce, 0x00, 0x00, 0x00,
     0x00, 0x00, 0x00, 0x00, 0xcd, 0x00, 0x00, 0x00,  0x00, 0x00, 0x00, 0x00, 0xcf, 0x00, 0x00, 0x00,
     0x00, 0x00, 0x00, 0x00, 0xd0, 0x00, 0x00, 0x00,  0x00, 0x00, 0x00, 0x00, 0xd1, 0x00, 0x00, 0x00,
     0x00, 0x00, 0x00, 0x00, 0xd2, 0x00, 0x00, 0x00,  0x00, 0x00, 0x00, 0x00, 0xd3, 0x00, 0x00, 0x00,
     0x00, 0x00, 0x00, 0x00, 0xd4, 0x00, 0x00, 0x00,  0x00, 0x00, 0x00, 0x00, 0xd5, 0x00, 0x00, 0x00,
     0x00, 0x00, 0x00, 0x00, 0xd6, 0x00, 0x00, 0x00,  0x00, 0x00, 0x00, 0x00, 0xd7, 0x00, 0x00, 0x00,
     0x00, 0x00, 0x00, 0x00, 0xd8, 0x00, 0x00, 0x00,  0x00, 0x00, 0x00, 0x00, 0xd9, 0x00, 0x00, 0x00,
     0x00, 0x00, 0x00, 0x00, 0xda, 0x00, 0x00, 0x00,  0x00, 0x00, 0x00, 0x00, 0xdb, 0x00, 0x00, 0x00,
     0x00, 0x00, 0x00, 0x00, 0xdc, 0x00, 0x00, 0x00,  0x00, 0x00, 0x00, 0x00, 0xdd, 0x00, 0x00, 0x00,
     0x00, 0x00, 0x00, 0x00, 0xde, 0x00, 0x00, 0x00,  0x00, 0x00, 0x00, 0x00, 0xb6, 0x00, 0x00, 0x00,
     0x00, 0x00, 0x00, 0x00, 0xb7, 0x00, 0x00, 0x00,  0x00, 0x00, 0x00, 0x00, 0xb8, 0x00, 0x00, 0x00,
     0x00, 0x00, 0x00, 0x00, 0xb9, 0x00, 0x00, 0x00,  0x00, 0x00, 0x00, 0x00, 0xba, 0x00, 0x00, 0x00,
     0x00, 0x00, 0x00, 0x00, 0xbb, 0x00, 0x00, 0x00,  0x00, 0x00, 0x00, 0x00, 0xbc, 0x00, 0x00, 0x00,
     0x00, 0x00, 0x00, 0x00, 0xbd, 0x00, 0x00, 0x00,  0x00, 0x00, 0x00, 0x00, 0xbe, 0x00, 0x00, 0x00,
     0x00, 0x00, 0x00, 0x00, 0xbf, 0x00, 0x00, 0x00,  0x00, 0x00, 0x00, 0x00, 0xc0, 0x00, 0x00, 0x00,
     0x00, 0x00, 0x00, 0x00, 0xc1, 0x00, 0x00, 0x00,  0x00, 0x00, 0x00, 0x00, 0xc2, 0x00, 0x00, 0x00,
     0x00, 0x00, 0x00, 0x00, 0xc3, 0x00, 0x00, 0x00,  0x00, 0x00, 0x00, 0x00, 0xc4, 0x00, 0x00, 0x00,
     0x00, 0x00, 0x00, 0x00, 0xc5, 0x00, 0x00, 0x00,  0x00, 0x00, 0x00, 0x00, 0xc6, 0x00, 0x00, 0x00,
     0x00, 0x00, 0x00, 0x00, 0xc7, 0x00, 0x00, 0x00,  0x00, 0x00, 0x00, 0x00, 0x99, 0x00, 0x00, 0x00,
     0x00, 0x00, 0x00, 0x00, 0x3b, 0x00, 0x00, 0x00,  0x00, 0x00, 0x00, 0x00, 0x96, 0x00, 0x00, 0x00,
     0x00, 0x00, 0x00, 0x00, 0x80, 0x00, 0x00, 0x00,  0x00, 0x00, 0x00, 0x00, 0x81, 0x00, 0x00, 0x00,
     0x00, 0x00, 0x00, 0x00, 0x82, 0x00, 0x00, 0x00,  0x00, 0x00, 0x00, 0x00, 0x83, 0x00, 0x00, 0x00,
     0x00, 0x00, 0x00, 0x00, 0x84, 0x00, 0x00, 0x00,  0x00, 0x00, 0x00, 0x00, 0x85, 0x00, 0x00, 0x00,
     0x00, 0x00, 0x00, 0x00, 0x86, 0x00, 0x00, 0x00,  0x00, 0x00, 0x00, 0x00, 0x87, 0x00, 0x00, 0x00,
     0x00, 0x00, 0x00, 0x00, 0x88, 0x00, 0x00, 0x00,  0x00, 0x00, 0x00, 0x00, 0x89, 0x00, 0x00, 0x00,
     0x00, 0x00, 0x00, 0x00, 0x8a, 0x00, 0x00, 0x00,  0x00, 0x00, 0x00, 0x00, 0x8b, 0x00, 0x00, 0x00,
     0x00, 0x00, 0x00, 0x00, 0x8c, 0x00, 0x00, 0x00,  0x00, 0x00, 0x00, 0x00, 0x8d, 0x00, 0x00, 0x00,
     0x00, 0x00, 0x00, 0x00, 0x8e, 0x00, 0x00, 0x00,  0x00, 0x00, 0x00, 0x00, 0x8f, 0x00, 0x00, 0x00,
     0x00, 0x00, 0x00, 0x00, 0x90, 0x00, 0x00, 0x00,  0x00, 0x00, 0x00, 0x00, 0x91, 0x00, 0x00, 0x00,
     0x00, 0x00, 0x00, 0x00, 0x92, 0x00, 0x00, 0x00,  0x00, 0x00, 0x00, 0x00, 0x93, 0x00, 0x00, 0x00,
    0x00, 0x00, 0x00, 0x00, 0x00, 0x00, 0x00, 0x00, 0x00, 0x00, 0x00, 0x00, 0x00, 0x00, 0x00, 0x00
};

unsigned char keynames[792] = {
     0x00, 0x00, 0x00, 0x00, 0x09, 0x00, 0x00, 0x00,  0x00, 0x00, 0x00, 0x00, 0x0d, 0x00, 0x00, 0x00,
     0x00, 0x00, 0x00, 0x00, 0x1b, 0x00, 0x00, 0x00,  0x00, 0x00, 0x00, 0x00, 0x20, 0x00, 0x00, 0x00,
     0x00, 0x00, 0x00, 0x00, 0x7f, 0x00, 0x00, 0x00,  0x00, 0x00, 0x00, 0x00, 0x9a, 0x00, 0x00, 0x00,
     0x00, 0x00, 0x00, 0x00, 0x9b, 0x00, 0x00, 0x00,  0x00, 0x00, 0x00, 0x00, 0x9c, 0x00, 0x00, 0x00,
     0x00, 0x00, 0x00, 0x00, 0x9d, 0x00, 0x00, 0x00,  0x00, 0x00, 0x00, 0x00, 0x9e, 0x00, 0x00, 0x00,
     0x00, 0x00, 0x00, 0x00, 0x9f, 0x00, 0x00, 0x00,  0x00, 0x00, 0x00, 0x00, 0xa0, 0x00, 0x00, 0x00,
     0x00, 0x00, 0x00, 0x00, 0x97, 0x00, 0x00, 0x00,  0x00, 0x00, 0x00, 0x00, 0xa7, 0x00, 0x00, 0x00,
     0x00, 0x00, 0x00, 0x00, 0xa8, 0x00, 0x00, 0x00,  0x00, 0x00, 0x00, 0x00, 0xa9, 0x00, 0x00, 0x00,
     0x00, 0x00, 0x00, 0x00, 0xaa, 0x00, 0x00, 0x00,  0x00, 0x00, 0x00, 0x00, 0xab, 0x00, 0x00, 0x00,
     0x00, 0x00, 0x00, 0x00, 0xac, 0x00, 0x00, 0x00,  0x00, 0x00, 0x00, 0x00, 0xad, 0x00, 0x00, 0x00,
     0x00, 0x00, 0x00, 0x00, 0xae, 0x00, 0x00, 0x00,  0x00, 0x00, 0x00, 0x00, 0xaf, 0x00, 0x00, 0x00,
     0x00, 0x00, 0x00, 0x00, 0xb0, 0x00, 0x00, 0x00,  0x00, 0x00, 0x00, 0x00, 0xb1, 0x00, 0x00, 0x00,
     0x00, 0x00, 0x00, 0x00, 0xb2, 0x00, 0x00, 0x00,  0x00, 0x00, 0x00, 0x00, 0xb3, 0x00, 0x00, 0x00,
     0x00, 0x00, 0x00, 0x00, 0xb4, 0x00, 0x00, 0x00,  0x00, 0x00, 0x00, 0x00, 0xb5, 0x00, 0x00, 0x00,
     0x00, 0x00, 0x00, 0x00, 0xa1, 0x00, 0x00, 0x00,  0x00, 0x00, 0x00, 0x00, 0xa2, 0x00, 0x00, 0x00,
     0x00, 0x00, 0x00, 0x00, 0xa3, 0x00, 0x00, 0x00,  0x00, 0x00, 0x00, 0x00, 0xa4, 0x00, 0x00, 0x00,
     0x00, 0x00, 0x00, 0x00, 0xa5, 0x00, 0x00, 0x00,  0x00, 0x00, 0x00, 0x00, 0xa6, 0x00, 0x00, 0x00,
     0x00, 0x00, 0x00, 0x00, 0xc8, 0x00, 0x00, 0x00,  0x00, 0x00, 0x00, 0x00, 0xc9, 0x00, 0x00, 0x00,
     0x00, 0x00, 0x00, 0x00, 0xca, 0x00, 0x00, 0x00,  0x00, 0x00, 0x00, 0x00, 0xcb, 0x00, 0x00, 0x00,
     0x00, 0x00, 0x00, 0x00, 0xcc, 0x00, 0x00, 0x00,  0x00, 0x00, 0x00, 0x00, 0xce, 0x00, 0x00, 0x00,
     0x00, 0x00, 0x00, 0x00, 0xcd, 0x00, 0x00, 0x00,  0x00, 0x00, 0x00, 0x00, 0xcf, 0x00, 0x00, 0x00,
     0x00, 0x00, 0x00, 0x00, 0xd0, 0x00, 0x00, 0x00,  0x00, 0x00, 0x00, 0x00, 0xd1, 0x00, 0x00, 0x00,
     0x00, 0x00, 0x00, 0x00, 0xd2, 0x00, 0x00, 0x00,  0x00, 0x00, 0x00, 0x00, 0xd3, 0x00, 0x00, 0x00,
     0x00, 0x00, 0x00, 0x00, 0xd4, 0x00, 0x00, 0x00,  0x00, 0x00, 0x00, 0x00, 0xd5, 0x00, 0x00, 0x00,
     0x00, 0x00, 0x00, 0x00, 0xd6, 0x00, 0x00, 0x00,  0x00, 0x00, 0x00, 0x00, 0xd7, 0x00, 0x00, 0x00,
     0x00, 0x00, 0x00, 0x00, 0xd8, 0x00, 0x00, 0x00,  0x00, 0x00, 0x00, 0x00, 0xd9, 0x00, 0x00, 0x00,
     0x00, 0x00, 0x00, 0x00, 0xda, 0x00, 0x00, 0x00,  0x00, 0x00, 0x00, 0x00, 0xdb, 0x00, 0x00, 0x00,
     0x00, 0x00, 0x00, 0x00, 0xdc, 0x00, 0x00, 0x00,  0x00, 0x00, 0x00, 0x00, 0xdd, 0x00, 0x00, 0x00,
     0x00, 0x00, 0x00, 0x00, 0xde, 0x00, 0x00, 0x00,  0x00, 0x00, 0x00, 0x00, 0xb6, 0x00, 0x00, 0x00,
     0x00, 0x00, 0x00, 0x00, 0xb7, 0x00, 0x00, 0x00,  0x00, 0x00, 0x00, 0x00, 0xb8, 0x00, 0x00, 0x00,
     0x00, 0x00, 0x00, 0x00, 0xb9, 0x00, 0x00, 0x00,  0x00, 0x00, 0x00, 0x00, 0xba, 0x00, 0x00, 0x00,
     0x00, 0x00, 0x00, 0x00, 0xbb, 0x00, 0x00, 0x00,  0x00, 0x00, 0x00, 0x00, 0xbc, 0x00, 0x00, 0x00,
     0x00, 0x00, 0x00, 0x00, 0xbd, 0x00, 0x00, 0x00,  0x00, 0x00, 0x00, 0x00, 0xbe, 0x00, 0x00, 0x00,
     0x00, 0x00, 0x00, 0x00, 0xbf, 0x00, 0x00, 0x00,  0x00, 0x00, 0x00, 0x00, 0xc0, 0x00, 0x00, 0x00,
     0x00, 0x00, 0x00, 0x00, 0xc1, 0x00, 0x00, 0x00,  0x00, 0x00, 0x00, 0x00, 0xc2, 0x00, 0x00, 0x00,
     0x00, 0x00, 0x00, 0x00, 0xc3, 0x00, 0x00, 0x00,  0x00, 0x00, 0x00, 0x00, 0xc4, 0x00, 0x00, 0x00,
     0x00, 0x00, 0x00, 0x00, 0xc5, 0x00, 0x00, 0x00,  0x00, 0x00, 0x00, 0x00, 0xc6, 0x00, 0x00, 0x00,
     0x00, 0x00, 0x00, 0x00, 0xc7, 0x00, 0x00, 0x00,  0x00, 0x00, 0x00, 0x00, 0x99, 0x00, 0x00, 0x00,
     0x00, 0x00, 0x00, 0x00, 0x3b, 0x00, 0x00, 0x00,  0x00, 0x00, 0x00, 0x00, 0x96, 0x00, 0x00, 0x00,
     0x00, 0x00, 0x00, 0x00, 0x80, 0x00, 0x00, 0x00,  0x00, 0x00, 0x00, 0x00, 0x81, 0x00, 0x00, 0x00,
     0x00, 0x00, 0x00, 0x00, 0x82, 0x00, 0x00, 0x00,  0x00, 0x00, 0x00, 0x00, 0x83, 0x00, 0x00, 0x00,
     0x00, 0x00, 0x00, 0x00, 0x84, 0x00, 0x00, 0x00,  0x00, 0x00, 0x00, 0x00, 0x85, 0x00, 0x00, 0x00,
     0x00, 0x00, 0x00, 0x00, 0x86, 0x00, 0x00, 0x00,  0x00, 0x00, 0x00, 0x00, 0x87, 0x00, 0x00, 0x00,
     0x00, 0x00, 0x00, 0x00, 0x88, 0x00, 0x00, 0x00,  0x00, 0x00, 0x00, 0x00, 0x89, 0x00, 0x00, 0x00,
     0x00, 0x00, 0x00, 0x00, 0x8a, 0x00, 0x00, 0x00,  0x00, 0x00, 0x00, 0x00, 0x8b, 0x00, 0x00, 0x00,
     0x00, 0x00, 0x00, 0x00, 0x8c, 0x00, 0x00, 0x00,  0x00, 0x00, 0x00, 0x00, 0x8d, 0x00, 0x00, 0x00,
     0x00, 0x00, 0x00, 0x00, 0x8e, 0x00, 0x00, 0x00,  0x00, 0x00, 0x00, 0x00, 0x8f, 0x00, 0x00, 0x00,
     0x00, 0x00, 0x00, 0x00, 0x90, 0x00, 0x00, 0x00,  0x00, 0x00, 0x00, 0x00, 0x91, 0x00, 0x00, 0x00,
     0x00, 0x00, 0x00, 0x00, 0x92, 0x00, 0x00, 0x00,  0x00, 0x00, 0x00, 0x00, 0x93, 0x00, 0x00, 0x00,
    0x00, 0x00, 0x00, 0x00, 0x00, 0x00, 0x00, 0x00
};

extern unsigned char playerKeys[3392];
void *keys = playerKeys + 292;

void *anykeydown = playerKeys + 288;

void *key_overstrikeMode = playerKeys + 284;

void *chat_team = playerKeys + 280;

void *chatField[6] = {
    playerKeys, 0, 0, 0, 0, 0
};

char sv_serverId_value[32] = {0};

unsigned char cg_soundRoomTypes[108] = {
     0x00, 0x00, 0x00, 0x00,  0x00, 0x00, 0x00, 0x00,  0x00, 0x00, 0x00, 0x00,  0x00, 0x00, 0x00, 0x00,
     0x00, 0x00, 0x00, 0x00,  0x00, 0x00, 0x00, 0x00,  0x00, 0x00, 0x00, 0x00,  0x00, 0x00, 0x00, 0x00,
     0x00, 0x00, 0x00, 0x00,  0x00, 0x00, 0x00, 0x00,  0x00, 0x00, 0x00, 0x00,  0x00, 0x00, 0x00, 0x00,
     0x00, 0x00, 0x00, 0x00,  0x00, 0x00, 0x00, 0x00,  0x00, 0x00, 0x00, 0x00,  0x00, 0x00, 0x00, 0x00,
     0x00, 0x00, 0x00, 0x00,  0x00, 0x00, 0x00, 0x00,  0x00, 0x00, 0x00, 0x00,  0x00, 0x00, 0x00, 0x00,
     0x00, 0x00, 0x00, 0x00,  0x00, 0x00, 0x00, 0x00,  0x00, 0x00, 0x00, 0x00,  0x00, 0x00, 0x00, 0x00,
     0x00, 0x00, 0x00, 0x00,  0x00, 0x00, 0x00, 0x00, 0x00, 0x00, 0x00, 0x00
};

unsigned char cg_drawSoundOverlayStrings[20] = {
     0x00, 0x00, 0x00, 0x00,  0x00, 0x00, 0x00, 0x00,  0x00, 0x00, 0x00, 0x00,  0x00, 0x00, 0x00, 0x00,
    0x00, 0x00, 0x00, 0x00
};

unsigned char cg_drawFpsNames[32] = {
     0x00, 0x00, 0x00, 0x00,  0x00, 0x00, 0x00, 0x00,  0x00, 0x00, 0x00, 0x00,  0x00, 0x00, 0x00, 0x00,
    0x00, 0x00, 0x00, 0x00, 0x00, 0x00, 0x00, 0x00, 0x00, 0x00, 0x00, 0x00, 0x00, 0x00, 0x00, 0x00
};

char cl_shownet[32] = {0};

unsigned char boxVerts[288] = {
    0x00, 0x00, 0x00, 0x00, 0x00, 0x00, 0x00, 0x00, 0x00, 0x00, 0x00, 0x00, 0x01, 0x00, 0x00, 0x00,
    0x00, 0x00, 0x00, 0x00, 0x00, 0x00, 0x00, 0x00, 0x00, 0x00, 0x00, 0x00, 0x00, 0x00, 0x00, 0x00,
    0x00, 0x00, 0x00, 0x00, 0x00, 0x00, 0x00, 0x00, 0x01, 0x00, 0x00, 0x00, 0x00, 0x00, 0x00, 0x00,
    0x01, 0x00, 0x00, 0x00, 0x01, 0x00, 0x00, 0x00, 0x00, 0x00, 0x00, 0x00, 0x01, 0x00, 0x00, 0x00,
    0x00, 0x00, 0x00, 0x00, 0x00, 0x00, 0x00, 0x00, 0x01, 0x00, 0x00, 0x00, 0x01, 0x00, 0x00, 0x00,
    0x00, 0x00, 0x00, 0x00, 0x00, 0x00, 0x00, 0x00, 0x01, 0x00, 0x00, 0x00, 0x00, 0x00, 0x00, 0x00,
    0x00, 0x00, 0x00, 0x00, 0x00, 0x00, 0x00, 0x00, 0x01, 0x00, 0x00, 0x00, 0x01, 0x00, 0x00, 0x00,
    0x00, 0x00, 0x00, 0x00, 0x01, 0x00, 0x00, 0x00, 0x00, 0x00, 0x00, 0x00, 0x00, 0x00, 0x00, 0x00,
    0x01, 0x00, 0x00, 0x00, 0x00, 0x00, 0x00, 0x00, 0x01, 0x00, 0x00, 0x00, 0x01, 0x00, 0x00, 0x00,
    0x01, 0x00, 0x00, 0x00, 0x01, 0x00, 0x00, 0x00, 0x01, 0x00, 0x00, 0x00, 0x01, 0x00, 0x00, 0x00,
    0x00, 0x00, 0x00, 0x00, 0x01, 0x00, 0x00, 0x00, 0x01, 0x00, 0x00, 0x00, 0x01, 0x00, 0x00, 0x00,
    0x01, 0x00, 0x00, 0x00, 0x00, 0x00, 0x00, 0x00, 0x01, 0x00, 0x00, 0x00, 0x01, 0x00, 0x00, 0x00,
    0x00, 0x00, 0x00, 0x00, 0x00, 0x00, 0x00, 0x00, 0x00, 0x00, 0x00, 0x00, 0x00, 0x00, 0x00, 0x00,
    0x00, 0x00, 0x00, 0x00, 0x01, 0x00, 0x00, 0x00, 0x01, 0x00, 0x00, 0x00, 0x00, 0x00, 0x00, 0x00,
    0x00, 0x00, 0x00, 0x00, 0x01, 0x00, 0x00, 0x00, 0x00, 0x00, 0x00, 0x00, 0x01, 0x00, 0x00, 0x00,
    0x00, 0x00, 0x00, 0x00, 0x01, 0x00, 0x00, 0x00, 0x00, 0x00, 0x00, 0x00, 0x00, 0x00, 0x00, 0x00,
    0x01, 0x00, 0x00, 0x00, 0x01, 0x00, 0x00, 0x00, 0x01, 0x00, 0x00, 0x00, 0x01, 0x00, 0x00, 0x00,
    0x00, 0x00, 0x00, 0x00, 0x01, 0x00, 0x00, 0x00, 0x01, 0x00, 0x00, 0x00, 0x01, 0x00, 0x00, 0x00
};

unsigned char serverStatusDvars[276] = {
     0x00, 0x00, 0x00, 0x00,  0x00, 0x00, 0x00, 0x00, 0x00, 0x00, 0x00, 0x00,  0x00, 0x00, 0x00, 0x00,
     0x00, 0x00, 0x00, 0x00, 0x00, 0x00, 0x00, 0x00,  0x00, 0x00, 0x00, 0x00,  0x00, 0x00, 0x00, 0x00,
    0x01, 0x00, 0x00, 0x00,  0x00, 0x00, 0x00, 0x00,  0x00, 0x00, 0x00, 0x00, 0x00, 0x00, 0x00, 0x00,
     0x00, 0x00, 0x00, 0x00,  0x00, 0x00, 0x00, 0x00, 0x00, 0x00, 0x00, 0x00,  0x00, 0x00, 0x00, 0x00,
     0x00, 0x00, 0x00, 0x00, 0x01, 0x00, 0x00, 0x00,  0x00, 0x00, 0x00, 0x00,  0x00, 0x00, 0x00, 0x00,
    0x00, 0x00, 0x00, 0x00,  0x00, 0x00, 0x00, 0x00,  0x00, 0x00, 0x00, 0x00, 0x00, 0x00, 0x00, 0x00,
     0x00, 0x00, 0x00, 0x00,  0x00, 0x00, 0x00, 0x00, 0x00, 0x00, 0x00, 0x00,  0x00, 0x00, 0x00, 0x00,
     0x00, 0x00, 0x00, 0x00, 0x00, 0x00, 0x00, 0x00,  0x00, 0x00, 0x00, 0x00,  0x00, 0x00, 0x00, 0x00,
    0x00, 0x00, 0x00, 0x00,  0x00, 0x00, 0x00, 0x00,  0x00, 0x00, 0x00, 0x00, 0x00, 0x00, 0x00, 0x00,
     0x00, 0x00, 0x00, 0x00,  0x00, 0x00, 0x00, 0x00, 0x01, 0x00, 0x00, 0x00,  0x00, 0x00, 0x00, 0x00,
     0x00, 0x00, 0x00, 0x00, 0x00, 0x00, 0x00, 0x00,  0x00, 0x00, 0x00, 0x00,  0x00, 0x00, 0x00, 0x00,
    0x00, 0x00, 0x00, 0x00,  0x00, 0x00, 0x00, 0x00,  0x00, 0x00, 0x00, 0x00, 0x00, 0x00, 0x00, 0x00,
     0x00, 0x00, 0x00, 0x00,  0x00, 0x00, 0x00, 0x00, 0x00, 0x00, 0x00, 0x00,  0x00, 0x00, 0x00, 0x00,
     0x00, 0x00, 0x00, 0x00, 0x00, 0x00, 0x00, 0x00,  0x00, 0x00, 0x00, 0x00,  0x00, 0x00, 0x00, 0x00,
    0x01, 0x00, 0x00, 0x00,  0x00, 0x00, 0x00, 0x00,  0x00, 0x00, 0x00, 0x00, 0x01, 0x00, 0x00, 0x00,
     0x00, 0x00, 0x00, 0x00,  0x00, 0x00, 0x00, 0x00, 0x01, 0x00, 0x00, 0x00,  0x00, 0x00, 0x00, 0x00,
     0x00, 0x00, 0x00, 0x00, 0x01, 0x00, 0x00, 0x00, 0x00, 0x00, 0x00, 0x00, 0x00, 0x00, 0x00, 0x00,
    0x00, 0x00, 0x00, 0x00
};

extern unsigned char uiInfoArray[4288];
void *uiInfo[3] = {
    uiInfoArray, 0, 0
};

const char *MonthAbbrev[] = {
    "EXE_MONTH_ABV_JANUARY",
    "EXE_MONTH_ABV_FEBRUARY",
    "EXE_MONTH_ABV_MARCH",
    "EXE_MONTH_ABV_APRIL",
    "EXE_MONTH_ABV_MAY",
    "EXE_MONTH_ABV_JUN",
    "EXE_MONTH_ABV_JULY",
    "EXE_MONTH_ABV_AUGUST",
    "EXE_MONTH_ABV_SEPTEMBER",
    "EXE_MONTH_ABV_OCTOBER",
    "EXE_MONTH_ABV_NOVEMBER",
    "EXE_MONTH_ABV_DECEMBER"
};

const char *netSources[] = {
    "EXE_LOCAL",
    "EXE_INTERNET",
    "EXE_FAVORITES"
};

unsigned char lastColumn[4] = {
    0xff, 0xff, 0xff, 0xff
};

unsigned char tleEstimates[320] = {
    0x3c, 0x00, 0x00, 0x00, 0x3c, 0x00, 0x00, 0x00, 0x3c, 0x00, 0x00, 0x00, 0x3c, 0x00, 0x00, 0x00,
    0x3c, 0x00, 0x00, 0x00, 0x3c, 0x00, 0x00, 0x00, 0x3c, 0x00, 0x00, 0x00, 0x3c, 0x00, 0x00, 0x00,
    0x3c, 0x00, 0x00, 0x00, 0x3c, 0x00, 0x00, 0x00, 0x3c, 0x00, 0x00, 0x00, 0x3c, 0x00, 0x00, 0x00,
    0x3c, 0x00, 0x00, 0x00, 0x3c, 0x00, 0x00, 0x00, 0x3c, 0x00, 0x00, 0x00, 0x3c, 0x00, 0x00, 0x00,
    0x3c, 0x00, 0x00, 0x00, 0x3c, 0x00, 0x00, 0x00, 0x3c, 0x00, 0x00, 0x00, 0x3c, 0x00, 0x00, 0x00,
    0x3c, 0x00, 0x00, 0x00, 0x3c, 0x00, 0x00, 0x00, 0x3c, 0x00, 0x00, 0x00, 0x3c, 0x00, 0x00, 0x00,
    0x3c, 0x00, 0x00, 0x00, 0x3c, 0x00, 0x00, 0x00, 0x3c, 0x00, 0x00, 0x00, 0x3c, 0x00, 0x00, 0x00,
    0x3c, 0x00, 0x00, 0x00, 0x3c, 0x00, 0x00, 0x00, 0x3c, 0x00, 0x00, 0x00, 0x3c, 0x00, 0x00, 0x00,
    0x3c, 0x00, 0x00, 0x00, 0x3c, 0x00, 0x00, 0x00, 0x3c, 0x00, 0x00, 0x00, 0x3c, 0x00, 0x00, 0x00,
    0x3c, 0x00, 0x00, 0x00, 0x3c, 0x00, 0x00, 0x00, 0x3c, 0x00, 0x00, 0x00, 0x3c, 0x00, 0x00, 0x00,
    0x3c, 0x00, 0x00, 0x00, 0x3c, 0x00, 0x00, 0x00, 0x3c, 0x00, 0x00, 0x00, 0x3c, 0x00, 0x00, 0x00,
    0x3c, 0x00, 0x00, 0x00, 0x3c, 0x00, 0x00, 0x00, 0x3c, 0x00, 0x00, 0x00, 0x3c, 0x00, 0x00, 0x00,
    0x3c, 0x00, 0x00, 0x00, 0x3c, 0x00, 0x00, 0x00, 0x3c, 0x00, 0x00, 0x00, 0x3c, 0x00, 0x00, 0x00,
    0x3c, 0x00, 0x00, 0x00, 0x3c, 0x00, 0x00, 0x00, 0x3c, 0x00, 0x00, 0x00, 0x3c, 0x00, 0x00, 0x00,
    0x3c, 0x00, 0x00, 0x00, 0x3c, 0x00, 0x00, 0x00, 0x3c, 0x00, 0x00, 0x00, 0x3c, 0x00, 0x00, 0x00,
    0x3c, 0x00, 0x00, 0x00, 0x3c, 0x00, 0x00, 0x00, 0x3c, 0x00, 0x00, 0x00, 0x3c, 0x00, 0x00, 0x00,
    0x3c, 0x00, 0x00, 0x00, 0x3c, 0x00, 0x00, 0x00, 0x3c, 0x00, 0x00, 0x00, 0x3c, 0x00, 0x00, 0x00,
    0x3c, 0x00, 0x00, 0x00, 0x3c, 0x00, 0x00, 0x00, 0x3c, 0x00, 0x00, 0x00, 0x3c, 0x00, 0x00, 0x00,
    0x3c, 0x00, 0x00, 0x00, 0x3c, 0x00, 0x00, 0x00, 0x3c, 0x00, 0x00, 0x00, 0x3c, 0x00, 0x00, 0x00,
    0x3c, 0x00, 0x00, 0x00, 0x3c, 0x00, 0x00, 0x00, 0x3c, 0x00, 0x00, 0x00, 0x3c, 0x00, 0x00, 0x00
};

unsigned char xferText[15] = {
    0x45, 0x58, 0x45, 0x5f, 0x54, 0x52, 0x41, 0x4e, 0x53, 0x5f, 0x52, 0x41, 0x54, 0x45, 0x00
};

unsigned char etaText[18] = {
    0x45, 0x58, 0x45, 0x5f, 0x45, 0x53, 0x54, 0x5f, 0x54, 0x49, 0x4d, 0x45, 0x5f, 0x4c, 0x45, 0x46,
    0x54, 0x00
};

unsigned char dlText[31] = {
    0x45, 0x58, 0x45, 0x5f, 0x44, 0x4f, 0x57, 0x4e, 0x4c, 0x4f, 0x41, 0x44,  0x00, 0x00, 0x00, 0x00,
    0x00, 0x00, 0x00, 0x00, 0x00, 0x00, 0x00, 0x00, 0x00, 0x00, 0x00, 0x00, 0x00, 0x00, 0x00
};

char g_qport[4] = {0};

unsigned char netsrcString[28] = {
     0x00, 0x00, 0x00, 0x00,  0x00, 0x00, 0x00, 0x00, 0x00, 0x00, 0x00, 0x00, 0x00, 0x00, 0x00, 0x00,
    0x00, 0x00, 0x00, 0x00, 0x00, 0x00, 0x00, 0x00, 0x00, 0x00, 0x00, 0x00
};

unsigned char g_console_char_height[4] = {
    0x00, 0x00, 0x80, 0x41
};

unsigned char g_console_field_width[28] = {
    0x6c, 0x02, 0x00, 0x00, 0x00, 0x00, 0x00, 0x00, 0x00, 0x00, 0x00, 0x00, 0x00, 0x00, 0x00, 0x00,
    0x00, 0x00, 0x00, 0x00, 0x00, 0x00, 0x00, 0x00, 0x00, 0x00, 0x00, 0x00
};

unsigned char scriptCommandCount[32] = {
    0x1c, 0x00, 0x00, 0x00, 0x00, 0x00, 0x00, 0x00, 0x00, 0x00, 0x00, 0x00, 0x00, 0x00, 0x00, 0x00,
    0x00, 0x00, 0x00, 0x00, 0x00, 0x00, 0x00, 0x00, 0x00, 0x00, 0x00, 0x00, 0x00, 0x00, 0x00, 0x00
};

unsigned char commandList[224] = {
     0x00, 0x00, 0x00, 0x00,  0x00, 0x00, 0x00, 0x00,  0x00, 0x00, 0x00, 0x00,  0x00, 0x00, 0x00, 0x00,
     0x00, 0x00, 0x00, 0x00,  0x00, 0x00, 0x00, 0x00,  0x00, 0x00, 0x00, 0x00,  0x00, 0x00, 0x00, 0x00,
     0x00, 0x00, 0x00, 0x00,  0x00, 0x00, 0x00, 0x00,  0x00, 0x00, 0x00, 0x00,  0x00, 0x00, 0x00, 0x00,
     0x00, 0x00, 0x00, 0x00,  0x00, 0x00, 0x00, 0x00,  0x00, 0x00, 0x00, 0x00,  0x00, 0x00, 0x00, 0x00,
     0x00, 0x00, 0x00, 0x00,  0x00, 0x00, 0x00, 0x00,  0x00, 0x00, 0x00, 0x00,  0x00, 0x00, 0x00, 0x00,
     0x00, 0x00, 0x00, 0x00,  0x00, 0x00, 0x00, 0x00,  0x00, 0x00, 0x00, 0x00,  0x00, 0x00, 0x00, 0x00,
     0x00, 0x00, 0x00, 0x00,  0x00, 0x00, 0x00, 0x00,  0x00, 0x00, 0x00, 0x00,  0x00, 0x00, 0x00, 0x00,
     0x00, 0x00, 0x00, 0x00,  0x00, 0x00, 0x00, 0x00,  0x00, 0x00, 0x00, 0x00,  0x00, 0x00, 0x00, 0x00,
     0x00, 0x00, 0x00, 0x00,  0x00, 0x00, 0x00, 0x00,  0x00, 0x00, 0x00, 0x00,  0x00, 0x00, 0x00, 0x00,
     0x00, 0x00, 0x00, 0x00,  0x00, 0x00, 0x00, 0x00,  0x00, 0x00, 0x00, 0x00,  0x00, 0x00, 0x00, 0x00,
     0x00, 0x00, 0x00, 0x00,  0x00, 0x00, 0x00, 0x00,  0x00, 0x00, 0x00, 0x00,  0x00, 0x00, 0x00, 0x00,
     0x00, 0x00, 0x00, 0x00,  0x00, 0x00, 0x00, 0x00,  0x00, 0x00, 0x00, 0x00,  0x00, 0x00, 0x00, 0x00,
     0x00, 0x00, 0x00, 0x00,  0x00, 0x00, 0x00, 0x00,  0x00, 0x00, 0x00, 0x00,  0x00, 0x00, 0x00, 0x00,
     0x00, 0x00, 0x00, 0x00,  0x00, 0x00, 0x00, 0x00,  0x00, 0x00, 0x00, 0x00,  0x00, 0x00, 0x00, 0x00
};

char g_editItem[4] = {0};

char g_editingField[4] = {0};

char g_waitingForKey[24] = {0};

unsigned char g_bindings[1120] = {
     0x00, 0x00, 0x00, 0x00, 0xff, 0xff, 0xff, 0xff, 0xff, 0xff, 0xff, 0xff, 0xff, 0xff, 0xff, 0xff,
    0xff, 0xff, 0xff, 0xff,  0x00, 0x00, 0x00, 0x00, 0xc9, 0x00, 0x00, 0x00, 0xff, 0xff, 0xff, 0xff,
    0xff, 0xff, 0xff, 0xff, 0xff, 0xff, 0xff, 0xff,  0x00, 0x00, 0x00, 0x00, 0x77, 0x00, 0x00, 0x00,
    0xff, 0xff, 0xff, 0xff, 0xff, 0xff, 0xff, 0xff, 0xff, 0xff, 0xff, 0xff,  0x00, 0x00, 0x00, 0x00,
    0x73, 0x00, 0x00, 0x00, 0xff, 0xff, 0xff, 0xff, 0xff, 0xff, 0xff, 0xff, 0xff, 0xff, 0xff, 0xff,
     0x00, 0x00, 0x00, 0x00, 0x2c, 0x00, 0x00, 0x00, 0xff, 0xff, 0xff, 0xff, 0xff, 0xff, 0xff, 0xff,
    0xff, 0xff, 0xff, 0xff,  0x00, 0x00, 0x00, 0x00, 0x2e, 0x00, 0x00, 0x00, 0xff, 0xff, 0xff, 0xff,
    0xff, 0xff, 0xff, 0xff, 0xff, 0xff, 0xff, 0xff,  0x00, 0x00, 0x00, 0x00, 0x20, 0x00, 0x00, 0x00,
    0xff, 0xff, 0xff, 0xff, 0xff, 0xff, 0xff, 0xff, 0xff, 0xff, 0xff, 0xff,  0x00, 0x00, 0x00, 0x00,
    0x63, 0x00, 0x00, 0x00, 0xff, 0xff, 0xff, 0xff, 0xff, 0xff, 0xff, 0xff, 0xff, 0xff, 0xff, 0xff,
     0x00, 0x00, 0x00, 0x00, 0x9c, 0x00, 0x00, 0x00, 0xff, 0xff, 0xff, 0xff, 0xff, 0xff, 0xff, 0xff,
    0xff, 0xff, 0xff, 0xff,  0x00, 0x00, 0x00, 0x00, 0x9d, 0x00, 0x00, 0x00, 0xff, 0xff, 0xff, 0xff,
    0xff, 0xff, 0xff, 0xff, 0xff, 0xff, 0xff, 0xff,  0x00, 0x00, 0x00, 0x00, 0x9e, 0x00, 0x00, 0x00,
    0xff, 0xff, 0xff, 0xff, 0xff, 0xff, 0xff, 0xff, 0xff, 0xff, 0xff, 0xff,  0x00, 0x00, 0x00, 0x00,
    0xa3, 0x00, 0x00, 0x00, 0xff, 0xff, 0xff, 0xff, 0xff, 0xff, 0xff, 0xff, 0xff, 0xff, 0xff, 0xff,
     0x00, 0x00, 0x00, 0x00, 0xa2, 0x00, 0x00, 0x00, 0xff, 0xff, 0xff, 0xff, 0xff, 0xff, 0xff, 0xff,
    0xff, 0xff, 0xff, 0xff,  0x00, 0x00, 0x00, 0x00, 0x2f, 0x00, 0x00, 0x00, 0xff, 0xff, 0xff, 0xff,
    0xff, 0xff, 0xff, 0xff, 0xff, 0xff, 0xff, 0xff,  0x00, 0x00, 0x00, 0x00, 0xa6, 0x00, 0x00, 0x00,
    0xff, 0xff, 0xff, 0xff, 0xff, 0xff, 0xff, 0xff, 0xff, 0xff, 0xff, 0xff,  0x00, 0x00, 0x00, 0x00,
    0x9f, 0x00, 0x00, 0x00, 0xff, 0xff, 0xff, 0xff, 0xff, 0xff, 0xff, 0xff, 0xff, 0xff, 0xff, 0xff,
     0x00, 0x00, 0x00, 0x00, 0xcd, 0x00, 0x00, 0x00, 0xff, 0xff, 0xff, 0xff, 0xff, 0xff, 0xff, 0xff,
    0xff, 0xff, 0xff, 0xff,  0x00, 0x00, 0x00, 0x00, 0xce, 0x00, 0x00, 0x00, 0xff, 0xff, 0xff, 0xff,
    0xff, 0xff, 0xff, 0xff, 0xff, 0xff, 0xff, 0xff,  0x00, 0x00, 0x00, 0x00, 0xff, 0xff, 0xff, 0xff,
    0xff, 0xff, 0xff, 0xff, 0xff, 0xff, 0xff, 0xff, 0xff, 0xff, 0xff, 0xff,  0x00, 0x00, 0x00, 0x00,
    0xff, 0xff, 0xff, 0xff, 0xff, 0xff, 0xff, 0xff, 0xff, 0xff, 0xff, 0xff, 0xff, 0xff, 0xff, 0xff,
     0x00, 0x00, 0x00, 0x00, 0xff, 0xff, 0xff, 0xff, 0xff, 0xff, 0xff, 0xff, 0xff, 0xff, 0xff, 0xff,
    0xff, 0xff, 0xff, 0xff,  0x00, 0x00, 0x00, 0x00, 0xff, 0xff, 0xff, 0xff, 0xff, 0xff, 0xff, 0xff,
    0xff, 0xff, 0xff, 0xff, 0xff, 0xff, 0xff, 0xff,  0x00, 0x00, 0x00, 0x00, 0xff, 0xff, 0xff, 0xff,
    0xff, 0xff, 0xff, 0xff, 0xff, 0xff, 0xff, 0xff, 0xff, 0xff, 0xff, 0xff,  0x00, 0x00, 0x00, 0x00,
    0xff, 0xff, 0xff, 0xff, 0xff, 0xff, 0xff, 0xff, 0xff, 0xff, 0xff, 0xff, 0xff, 0xff, 0xff, 0xff,
     0x00, 0x00, 0x00, 0x00, 0xff, 0xff, 0xff, 0xff, 0xff, 0xff, 0xff, 0xff, 0xff, 0xff, 0xff, 0xff,
    0xff, 0xff, 0xff, 0xff,  0x00, 0x00, 0x00, 0x00, 0xff, 0xff, 0xff, 0xff, 0xff, 0xff, 0xff, 0xff,
    0xff, 0xff, 0xff, 0xff, 0xff, 0xff, 0xff, 0xff,  0x00, 0x00, 0x00, 0x00, 0xa7, 0x00, 0x00, 0x00,
    0xff, 0xff, 0xff, 0xff, 0xff, 0xff, 0xff, 0xff, 0xff, 0xff, 0xff, 0xff,  0x00, 0x00, 0x00, 0x00,
    0xff, 0xff, 0xff, 0xff, 0xff, 0xff, 0xff, 0xff, 0xff, 0xff, 0xff, 0xff, 0xff, 0xff, 0xff, 0xff,
     0x00, 0x00, 0x00, 0x00, 0xff, 0xff, 0xff, 0xff, 0xff, 0xff, 0xff, 0xff, 0xff, 0xff, 0xff, 0xff,
    0xff, 0xff, 0xff, 0xff,  0x00, 0x00, 0x00, 0x00, 0xff, 0xff, 0xff, 0xff, 0xff, 0xff, 0xff, 0xff,
    0xff, 0xff, 0xff, 0xff, 0xff, 0xff, 0xff, 0xff,  0x00, 0x00, 0x00, 0x00, 0xff, 0xff, 0xff, 0xff,
    0xff, 0xff, 0xff, 0xff, 0xff, 0xff, 0xff, 0xff, 0xff, 0xff, 0xff, 0xff,  0x00, 0x00, 0x00, 0x00,
    0xff, 0xff, 0xff, 0xff, 0xff, 0xff, 0xff, 0xff, 0xff, 0xff, 0xff, 0xff, 0xff, 0xff, 0xff, 0xff,
     0x00, 0x00, 0x00, 0x00, 0xff, 0xff, 0xff, 0xff, 0xff, 0xff, 0xff, 0xff, 0xff, 0xff, 0xff, 0xff,
    0xff, 0xff, 0xff, 0xff,  0x00, 0x00, 0x00, 0x00, 0x31, 0x00, 0x00, 0x00, 0xff, 0xff, 0xff, 0xff,
    0xff, 0xff, 0xff, 0xff, 0xff, 0xff, 0xff, 0xff,  0x00, 0x00, 0x00, 0x00, 0x32, 0x00, 0x00, 0x00,
    0xff, 0xff, 0xff, 0xff, 0xff, 0xff, 0xff, 0xff, 0xff, 0xff, 0xff, 0xff,  0x00, 0x00, 0x00, 0x00,
    0xff, 0xff, 0xff, 0xff, 0xff, 0xff, 0xff, 0xff, 0xff, 0xff, 0xff, 0xff, 0xff, 0xff, 0xff, 0xff,
     0x00, 0x00, 0x00, 0x00, 0xff, 0xff, 0xff, 0xff, 0xff, 0xff, 0xff, 0xff, 0xff, 0xff, 0xff, 0xff,
    0xff, 0xff, 0xff, 0xff,  0x00, 0x00, 0x00, 0x00, 0xff, 0xff, 0xff, 0xff, 0xff, 0xff, 0xff, 0xff,
    0xff, 0xff, 0xff, 0xff, 0xff, 0xff, 0xff, 0xff,  0x00, 0x00, 0x00, 0x00, 0xff, 0xff, 0xff, 0xff,
    0xff, 0xff, 0xff, 0xff, 0xff, 0xff, 0xff, 0xff, 0xff, 0xff, 0xff, 0xff,  0x00, 0x00, 0x00, 0x00,
    0xff, 0xff, 0xff, 0xff, 0xff, 0xff, 0xff, 0xff, 0xff, 0xff, 0xff, 0xff, 0xff, 0xff, 0xff, 0xff,
     0x00, 0x00, 0x00, 0x00, 0xff, 0xff, 0xff, 0xff, 0xff, 0xff, 0xff, 0xff, 0xff, 0xff, 0xff, 0xff,
    0xff, 0xff, 0xff, 0xff,  0x00, 0x00, 0x00, 0x00, 0xff, 0xff, 0xff, 0xff, 0xff, 0xff, 0xff, 0xff,
    0xff, 0xff, 0xff, 0xff, 0xff, 0xff, 0xff, 0xff,  0x00, 0x00, 0x00, 0x00, 0xff, 0xff, 0xff, 0xff,
    0xff, 0xff, 0xff, 0xff, 0xff, 0xff, 0xff, 0xff, 0xff, 0xff, 0xff, 0xff,  0x00, 0x00, 0x00, 0x00,
    0xff, 0xff, 0xff, 0xff, 0xff, 0xff, 0xff, 0xff, 0xff, 0xff, 0xff, 0xff, 0xff, 0xff, 0xff, 0xff,
     0x00, 0x00, 0x00, 0x00, 0xff, 0xff, 0xff, 0xff, 0xff, 0xff, 0xff, 0xff, 0xff, 0xff, 0xff, 0xff,
    0xff, 0xff, 0xff, 0xff,  0x00, 0x00, 0x00, 0x00, 0xff, 0xff, 0xff, 0xff, 0xff, 0xff, 0xff, 0xff,
    0xff, 0xff, 0xff, 0xff, 0xff, 0xff, 0xff, 0xff,  0x00, 0x00, 0x00, 0x00, 0xff, 0xff, 0xff, 0xff,
    0xff, 0xff, 0xff, 0xff, 0xff, 0xff, 0xff, 0xff, 0xff, 0xff, 0xff, 0xff,  0x00, 0x00, 0x00, 0x00,
    0xff, 0xff, 0xff, 0xff, 0xff, 0xff, 0xff, 0xff, 0xff, 0xff, 0xff, 0xff, 0xff, 0xff, 0xff, 0xff,
     0x00, 0x00, 0x00, 0x00, 0xff, 0xff, 0xff, 0xff, 0xff, 0xff, 0xff, 0xff, 0xff, 0xff, 0xff, 0xff,
    0xff, 0xff, 0xff, 0xff,  0x00, 0x00, 0x00, 0x00, 0xff, 0xff, 0xff, 0xff, 0xff, 0xff, 0xff, 0xff,
    0xff, 0xff, 0xff, 0xff, 0xff, 0xff, 0xff, 0xff,  0x00, 0x00, 0x00, 0x00, 0xff, 0xff, 0xff, 0xff,
    0xff, 0xff, 0xff, 0xff, 0xff, 0xff, 0xff, 0xff, 0xff, 0xff, 0xff, 0xff,  0x00, 0x00, 0x00, 0x00,
    0xff, 0xff, 0xff, 0xff, 0xff, 0xff, 0xff, 0xff, 0xff, 0xff, 0xff, 0xff, 0xff, 0xff, 0xff, 0xff,
     0x00, 0x00, 0x00, 0x00, 0xff, 0xff, 0xff, 0xff, 0xff, 0xff, 0xff, 0xff, 0xff, 0xff, 0xff, 0xff,
    0xff, 0xff, 0xff, 0xff,  0x00, 0x00, 0x00, 0x00, 0xff, 0xff, 0xff, 0xff, 0xff, 0xff, 0xff, 0xff,
    0xff, 0xff, 0xff, 0xff, 0xff, 0xff, 0xff, 0xff,  0x00, 0x00, 0x00, 0x00, 0xff, 0xff, 0xff, 0xff,
    0xff, 0xff, 0xff, 0xff, 0xff, 0xff, 0xff, 0xff, 0xff, 0xff, 0xff, 0xff,  0x00, 0x00, 0x00, 0x00,
    0xff, 0xff, 0xff, 0xff, 0xff, 0xff, 0xff, 0xff, 0xff, 0xff, 0xff, 0xff, 0xff, 0xff, 0xff, 0xff
};

char updateScreenCalled[4] = {0};

unsigned char szShotName[28] = {
     0x00, 0x00, 0x00, 0x00,  0x00, 0x00, 0x00, 0x00,  0x00, 0x00, 0x00, 0x00,  0x00, 0x00, 0x00, 0x00,
     0x00, 0x00, 0x00, 0x00,  0x00, 0x00, 0x00, 0x00, 0x00, 0x00, 0x00, 0x00
};

unsigned char msg_hData[1024] = {
     0x00, 0x00, 0x00, 0x00,  0x00, 0x00, 0x00, 0x00,  0x00, 0x00, 0x00, 0x00,  0x00, 0x00, 0x00, 0x00,
     0x00, 0x00, 0x00, 0x00,  0x00, 0x00, 0x00, 0x00,  0x00, 0x00, 0x00, 0x00,  0x00, 0x00, 0x00, 0x00,
     0x00, 0x00, 0x00, 0x00,  0x00, 0x00, 0x00, 0x00,  0x00, 0x00, 0x00, 0x00,  0x00, 0x00, 0x00, 0x00,
     0x00, 0x00, 0x00, 0x00,  0x00, 0x00, 0x00, 0x00,  0x00, 0x00, 0x00, 0x00,  0x00, 0x00, 0x00, 0x00,
     0x00, 0x00, 0x00, 0x00,  0x00, 0x00, 0x00, 0x00,  0x00, 0x00, 0x00, 0x00,  0x00, 0x00, 0x00, 0x00,
     0x00, 0x00, 0x00, 0x00,  0x00, 0x00, 0x00, 0x00,  0x00, 0x00, 0x00, 0x00,  0x00, 0x00, 0x00, 0x00,
     0x00, 0x00, 0x00, 0x00,  0x00, 0x00, 0x00, 0x00,  0x00, 0x00, 0x00, 0x00,  0x00, 0x00, 0x00, 0x00,
     0x00, 0x00, 0x00, 0x00,  0x00, 0x00, 0x00, 0x00,  0x00, 0x00, 0x00, 0x00,  0x00, 0x00, 0x00, 0x00,
    0x00, 0x00, 0x00, 0x00, 0x00, 0x00, 0x00, 0x00, 0x00, 0x00, 0x00, 0x00, 0x00, 0x00, 0x00, 0x00,
    0x00, 0x00, 0x00, 0x00, 0x00, 0x00, 0x00, 0x00, 0x00, 0x00, 0x00, 0x00, 0x00, 0x00, 0x00, 0x00,
    0x00, 0x00, 0x00, 0x00, 0x00, 0x00, 0x00, 0x00, 0x00, 0x00, 0x00, 0x00, 0x00, 0x00, 0x00, 0x00,
    0x00, 0x00, 0x00, 0x00, 0x00, 0x00, 0x00, 0x00, 0x00, 0x00, 0x00, 0x00, 0x00, 0x00, 0x00, 0x00,
    0x00, 0x00, 0x00, 0x00, 0x00, 0x00, 0x00, 0x00, 0x00, 0x00, 0x00, 0x00, 0x00, 0x00, 0x00, 0x00,
    0x00, 0x00, 0x00, 0x00, 0x00, 0x00, 0x00, 0x00, 0x00, 0x00, 0x00, 0x00, 0x00, 0x00, 0x00, 0x00,
    0x00, 0x00, 0x00, 0x00, 0x00, 0x00, 0x00, 0x00, 0x00, 0x00, 0x00, 0x00, 0x00, 0x00, 0x00, 0x00,
    0x00, 0x00, 0x00, 0x00, 0x00, 0x00, 0x00, 0x00, 0x00, 0x00, 0x00, 0x00, 0x00, 0x00, 0x00, 0x00,
    0x00, 0x00, 0x00, 0x00, 0x00, 0x00, 0x00, 0x00, 0x00, 0x00, 0x00, 0x00, 0x00, 0x00, 0x00, 0x00,
    0x00, 0x00, 0x00, 0x00, 0x00, 0x00, 0x00, 0x00, 0x00, 0x00, 0x00, 0x00, 0x00, 0x00, 0x00, 0x00,
    0x00, 0x00, 0x00, 0x00, 0x00, 0x00, 0x00, 0x00, 0x00, 0x00, 0x00, 0x00, 0x00, 0x00, 0x00, 0x00,
    0x00, 0x00, 0x00, 0x00, 0x00, 0x00, 0x00, 0x00, 0x00, 0x00, 0x00, 0x00, 0x00, 0x00, 0x00, 0x00,
    0x00, 0x00, 0x00, 0x00, 0x00, 0x00, 0x00, 0x00, 0x00, 0x00, 0x00, 0x00, 0x00, 0x00, 0x00, 0x00,
    0x00, 0x00, 0x00, 0x00, 0x00, 0x00, 0x00, 0x00, 0x00, 0x00, 0x00, 0x00, 0x00, 0x00, 0x00, 0x00,
    0x00, 0x00, 0x00, 0x00, 0x00, 0x00, 0x00, 0x00, 0x00, 0x00, 0x00, 0x00, 0x00, 0x00, 0x00, 0x00,
    0x00, 0x00, 0x00, 0x00, 0x00, 0x00, 0x00, 0x00, 0x00, 0x00, 0x00, 0x00, 0x00, 0x00, 0x00, 0x00,
    0x00, 0x00, 0x00, 0x00, 0x00, 0x00, 0x00, 0x00, 0x00, 0x00, 0x00, 0x00, 0x00, 0x00, 0x00, 0x00,
    0x00, 0x00, 0x00, 0x00, 0x00, 0x00, 0x00, 0x00, 0x00, 0x00, 0x00, 0x00, 0x00, 0x00, 0x00, 0x00,
    0x00, 0x00, 0x00, 0x00, 0x00, 0x00, 0x00, 0x00, 0x00, 0x00, 0x00, 0x00, 0x00, 0x00, 0x00, 0x00,
    0x00, 0x00, 0x00, 0x00, 0x00, 0x00, 0x00, 0x00, 0x00, 0x00, 0x00, 0x00, 0x00, 0x00, 0x00, 0x00,
    0x00, 0x00, 0x00, 0x00, 0x00, 0x00, 0x00, 0x00, 0x00, 0x00, 0x00, 0x00, 0x00, 0x00, 0x00, 0x00,
    0x00, 0x00, 0x00, 0x00, 0x00, 0x00, 0x00, 0x00, 0x00, 0x00, 0x00, 0x00, 0x00, 0x00, 0x00, 0x00,
    0x00, 0x00, 0x00, 0x00, 0x00, 0x00, 0x00, 0x00, 0x00, 0x00, 0x00, 0x00, 0x00, 0x00, 0x00, 0x00,
    0x00, 0x00, 0x00, 0x00, 0x00, 0x00, 0x00, 0x00, 0x00, 0x00, 0x00, 0x00, 0x00, 0x00, 0x00, 0x00,
    0x00, 0x00, 0x00, 0x00, 0x00, 0x00, 0x00, 0x00, 0x00, 0x00, 0x00, 0x00, 0x00, 0x00, 0x00, 0x00,
    0x00, 0x00, 0x00, 0x00, 0x00, 0x00, 0x00, 0x00, 0x00, 0x00, 0x00, 0x00, 0x00, 0x00, 0x00, 0x00,
    0x00, 0x00, 0x00, 0x00, 0x00, 0x00, 0x00, 0x00, 0x00, 0x00, 0x00, 0x00, 0x00, 0x00, 0x00, 0x00,
    0x00, 0x00, 0x00, 0x00, 0x00, 0x00, 0x00, 0x00, 0x00, 0x00, 0x00, 0x00, 0x00, 0x00, 0x00, 0x00,
    0x00, 0x00, 0x00, 0x00, 0x00, 0x00, 0x00, 0x00, 0x00, 0x00, 0x00, 0x00, 0x00, 0x00, 0x00, 0x00,
    0x00, 0x00, 0x00, 0x00, 0x00, 0x00, 0x00, 0x00, 0x00, 0x00, 0x00, 0x00, 0x00, 0x00, 0x00, 0x00,
    0x00, 0x00, 0x00, 0x00, 0x00, 0x00, 0x00, 0x00, 0x00, 0x00, 0x00, 0x00, 0x00, 0x00, 0x00, 0x00,
    0x00, 0x00, 0x00, 0x00, 0x00, 0x00, 0x00, 0x00, 0x00, 0x00, 0x00, 0x00, 0x00, 0x00, 0x00, 0x00,
    0x00, 0x00, 0x00, 0x00, 0x00, 0x00, 0x00, 0x00, 0x00, 0x00, 0x00, 0x00, 0x00, 0x00, 0x00, 0x00,
    0x00, 0x00, 0x00, 0x00, 0x00, 0x00, 0x00, 0x00, 0x00, 0x00, 0x00, 0x00, 0x00, 0x00, 0x00, 0x00,
    0x00, 0x00, 0x00, 0x00, 0x00, 0x00, 0x00, 0x00, 0x00, 0x00, 0x00, 0x00, 0x00, 0x00, 0x00, 0x00,
    0x00, 0x00, 0x00, 0x00, 0x00, 0x00, 0x00, 0x00, 0x00, 0x00, 0x00, 0x00, 0x00, 0x00, 0x00, 0x00,
    0x00, 0x00, 0x00, 0x00, 0x00, 0x00, 0x00, 0x00, 0x00, 0x00, 0x00, 0x00, 0x00, 0x00, 0x00, 0x00,
    0x00, 0x00, 0x00, 0x00, 0x00, 0x00, 0x00, 0x00, 0x00, 0x00, 0x00, 0x00, 0x00, 0x00, 0x00, 0x00,
    0x00, 0x00, 0x00, 0x00, 0x00, 0x00, 0x00, 0x00, 0x00, 0x00, 0x00, 0x00, 0x00, 0x00, 0x00, 0x00,
    0x00, 0x00, 0x00, 0x00, 0x00, 0x00, 0x00, 0x00, 0x00, 0x00, 0x00, 0x00, 0x00, 0x00, 0x00, 0x00,
    0x00, 0x00, 0x00, 0x00, 0x00, 0x00, 0x00, 0x00, 0x00, 0x00, 0x00, 0x00, 0x00, 0x00, 0x00, 0x00,
    0x00, 0x00, 0x00, 0x00, 0x00, 0x00, 0x00, 0x00, 0x00, 0x00, 0x00, 0x00, 0x00, 0x00, 0x00, 0x00,
    0x00, 0x00, 0x00, 0x00, 0x00, 0x00, 0x00, 0x00, 0x00, 0x00, 0x00, 0x00, 0x00, 0x00, 0x00, 0x00,
    0x00, 0x00, 0x00, 0x00, 0x00, 0x00, 0x00, 0x00, 0x00, 0x00, 0x00, 0x00, 0x00, 0x00, 0x00, 0x00,
    0x00, 0x00, 0x00, 0x00, 0x00, 0x00, 0x00, 0x00, 0x00, 0x00, 0x00, 0x00, 0x00, 0x00, 0x00, 0x00,
    0x00, 0x00, 0x00, 0x00, 0x00, 0x00, 0x00, 0x00, 0x00, 0x00, 0x00, 0x00, 0x00, 0x00, 0x00, 0x00,
    0x00, 0x00, 0x00, 0x00, 0x00, 0x00, 0x00, 0x00, 0x00, 0x00, 0x00, 0x00, 0x00, 0x00, 0x00, 0x00,
    0x00, 0x00, 0x00, 0x00, 0x00, 0x00, 0x00, 0x00, 0x00, 0x00, 0x00, 0x00, 0x00, 0x00, 0x00, 0x00,
    0x00, 0x00, 0x00, 0x00, 0x00, 0x00, 0x00, 0x00, 0x00, 0x00, 0x00, 0x00, 0x00, 0x00, 0x00, 0x00,
    0x00, 0x00, 0x00, 0x00, 0x00, 0x00, 0x00, 0x00, 0x00, 0x00, 0x00, 0x00, 0x00, 0x00, 0x00, 0x00,
    0x00, 0x00, 0x00, 0x00, 0x00, 0x00, 0x00, 0x00, 0x00, 0x00, 0x00, 0x00, 0x00, 0x00, 0x00, 0x00,
    0x00, 0x00, 0x00, 0x00, 0x00, 0x00, 0x00, 0x00, 0x00, 0x00, 0x00, 0x00, 0x00, 0x00, 0x00, 0x00,
    0x00, 0x00, 0x00, 0x00, 0x00, 0x00, 0x00, 0x00, 0x00, 0x00, 0x00, 0x00, 0x00, 0x00, 0x00, 0x00,
    0x00, 0x00, 0x00, 0x00, 0x00, 0x00, 0x00, 0x00, 0x00, 0x00, 0x00, 0x00, 0x00, 0x00, 0x00, 0x00,
    0x00, 0x00, 0x00, 0x00, 0x00, 0x00, 0x00, 0x00, 0x00, 0x00, 0x00, 0x00, 0x00, 0x00, 0x00, 0x00,
    0x00, 0x00, 0x00, 0x00, 0x00, 0x00, 0x00, 0x00, 0x00, 0x00, 0x00, 0x00, 0x00, 0x00, 0x00, 0x00
};

unsigned char hudElemFields[384] = {
     0x00, 0x00, 0x00, 0x00, 0x08, 0x00, 0x00, 0x00, 0x9d, 0xff, 0xff, 0xff,  0x00, 0x00, 0x00, 0x00,
    0x00, 0x00, 0x00, 0x00, 0x04, 0x00, 0x00, 0x00,  0x00, 0x00, 0x00, 0x00, 0x20, 0x00, 0x00, 0x00,
    0x20, 0x00, 0x00, 0x00,  0x00, 0x00, 0x00, 0x00, 0x04, 0x00, 0x00, 0x00, 0x9d, 0xff, 0xff, 0xff,
     0x00, 0x00, 0x00, 0x00, 0x1c, 0x00, 0x00, 0x00, 0x06, 0x00, 0x00, 0x00,  0x00, 0x00, 0x00, 0x00,
    0x10, 0x00, 0x00, 0x00, 0x00, 0x00, 0x00, 0x00,  0x00, 0x00, 0x00, 0x00, 0x3c, 0x00, 0x00, 0x00,
    0x08, 0x00, 0x00, 0x00,  0x00, 0x00, 0x00, 0x00, 0x34, 0x00, 0x00, 0x00, 0x0a, 0x00, 0x00, 0x00,
     0x00, 0x00, 0x00, 0x00, 0x38, 0x00, 0x00, 0x00, 0x0a, 0x00, 0x00, 0x00,  0x00, 0x00, 0x00, 0x00,
    0x28, 0x00, 0x00, 0x00, 0x20, 0x00, 0x00, 0x00,  0x00, 0x00, 0x00, 0x00, 0x24, 0x00, 0x00, 0x00,
    0x20, 0x00, 0x00, 0x00,  0x00, 0x00, 0x00, 0x00, 0x2c, 0x00, 0x00, 0x00, 0x10, 0x00, 0x00, 0x00,
     0x00, 0x00, 0x00, 0x00, 0x70, 0x00, 0x00, 0x00, 0x00, 0x00, 0x00, 0x00,  0x00, 0x00, 0x00, 0x00,
    0x68, 0x00, 0x00, 0x00, 0x20, 0x00, 0x00, 0x00,  0x00, 0x00, 0x00, 0x00, 0x0c, 0x00, 0x00, 0x00,
    0x9d, 0xff, 0xff, 0xff,  0x00, 0x00, 0x00, 0x00, 0x18, 0x00, 0x00, 0x00, 0x04, 0x00, 0x00, 0x00,
     0x00, 0x00, 0x00, 0x00, 0x78, 0x00, 0x00, 0x00, 0x00, 0x00, 0x00, 0x00,  0x00, 0x00, 0x00, 0x00,
    0x74, 0x00, 0x00, 0x00, 0x08, 0x00, 0x00, 0x00,  0x00, 0x00, 0x00, 0x00, 0x14, 0x00, 0x00, 0x00,
    0x04, 0x00, 0x00, 0x00,  0x00, 0x00, 0x00, 0x00, 0x48, 0x00, 0x00, 0x00, 0x20, 0x00, 0x00, 0x00,
     0x00, 0x00, 0x00, 0x00, 0x4c, 0x00, 0x00, 0x00, 0x10, 0x00, 0x00, 0x00,  0x00, 0x00, 0x00, 0x00,
    0x44, 0x00, 0x00, 0x00, 0x0a, 0x00, 0x00, 0x00,  0x00, 0x00, 0x00, 0x00, 0x30, 0x00, 0x00, 0x00,
    0x08, 0x00, 0x00, 0x00,  0x00, 0x00, 0x00, 0x00, 0x40, 0x00, 0x00, 0x00, 0x0a, 0x00, 0x00, 0x00,
     0x00, 0x00, 0x00, 0x00, 0x60, 0x00, 0x00, 0x00, 0x20, 0x00, 0x00, 0x00,  0x00, 0x00, 0x00, 0x00,
    0x64, 0x00, 0x00, 0x00, 0x10, 0x00, 0x00, 0x00,  0x00, 0x00, 0x00, 0x00, 0x50, 0x00, 0x00, 0x00,
    0x9d, 0xff, 0xff, 0xff,  0x00, 0x00, 0x00, 0x00, 0x54, 0x00, 0x00, 0x00, 0x9d, 0xff, 0xff, 0xff,
     0x00, 0x00, 0x00, 0x00, 0x5c, 0x00, 0x00, 0x00, 0x06, 0x00, 0x00, 0x00,  0x00, 0x00, 0x00, 0x00,
    0x58, 0x00, 0x00, 0x00, 0x04, 0x00, 0x00, 0x00,  0x00, 0x00, 0x00, 0x00, 0x6c, 0x00, 0x00, 0x00,
    0x20, 0x00, 0x00, 0x00,  0x00, 0x00, 0x00, 0x00, 0x7c, 0x00, 0x00, 0x00, 0x01, 0x00, 0x00, 0x00
};

unsigned char objectiveFields[96] = {
     0x00, 0x00, 0x00, 0x00, 0x04, 0x00, 0x00, 0x00, 0x00, 0x00, 0x00, 0x00,  0x00, 0x00, 0x00, 0x00,
    0x08, 0x00, 0x00, 0x00, 0x00, 0x00, 0x00, 0x00,  0x00, 0x00, 0x00, 0x00, 0x0c, 0x00, 0x00, 0x00,
    0x00, 0x00, 0x00, 0x00,  0x00, 0x00, 0x00, 0x00, 0x18, 0x00, 0x00, 0x00, 0x0c, 0x00, 0x00, 0x00,
     0x00, 0x00, 0x00, 0x00, 0x10, 0x00, 0x00, 0x00, 0x0a, 0x00, 0x00, 0x00,  0x00, 0x00, 0x00, 0x00,
    0x14, 0x00, 0x00, 0x00, 0x04, 0x00, 0x00, 0x00, 0x00, 0x00, 0x00, 0x00, 0x00, 0x00, 0x00, 0x00,
    0x00, 0x00, 0x00, 0x00, 0x00, 0x00, 0x00, 0x00, 0x00, 0x00, 0x00, 0x00, 0x00, 0x00, 0x00, 0x00
};

unsigned char kbitmask[160] = {
    0x00, 0x00, 0x00, 0x00, 0x01, 0x00, 0x00, 0x00, 0x03, 0x00, 0x00, 0x00, 0x07, 0x00, 0x00, 0x00,
    0x0f, 0x00, 0x00, 0x00, 0x1f, 0x00, 0x00, 0x00, 0x3f, 0x00, 0x00, 0x00, 0x7f, 0x00, 0x00, 0x00,
    0xff, 0x00, 0x00, 0x00, 0xff, 0x01, 0x00, 0x00, 0xff, 0x03, 0x00, 0x00, 0xff, 0x07, 0x00, 0x00,
    0xff, 0x0f, 0x00, 0x00, 0xff, 0x3f, 0x00, 0x00, 0xff, 0x7f, 0x00, 0x00, 0xff, 0xff, 0x00, 0x00,
    0xff, 0xff, 0x01, 0x00, 0xff, 0xff, 0x03, 0x00, 0xff, 0xff, 0x07, 0x00, 0xff, 0xff, 0x0f, 0x00,
    0xff, 0xff, 0x1f, 0x00, 0xff, 0xff, 0x3f, 0x00, 0xff, 0xff, 0x7f, 0x00, 0xff, 0xff, 0xff, 0x00,
    0xff, 0xff, 0xff, 0x01, 0xff, 0xff, 0xff, 0x03, 0xff, 0xff, 0xff, 0x07, 0xff, 0xff, 0xff, 0x0f,
    0xff, 0xff, 0xff, 0x1f, 0xff, 0xff, 0xff, 0x3f, 0xff, 0xff, 0xff, 0x7f, 0xff, 0xff, 0xff, 0xff,
    0x00, 0x00, 0x00, 0x00, 0x00, 0x00, 0x00, 0x00, 0x00, 0x00, 0x00, 0x00, 0x00, 0x00, 0x00, 0x00,
    0x00, 0x00, 0x00, 0x00, 0x00, 0x00, 0x00, 0x00, 0x00, 0x00, 0x00, 0x00, 0x00, 0x00, 0x00, 0x00
};

unsigned char ucmds[96] = {
     0x00, 0x00, 0x00, 0x00,  0x00, 0x00, 0x00, 0x00,  0x00, 0x00, 0x00, 0x00,  0x00, 0x00, 0x00, 0x00,
     0x00, 0x00, 0x00, 0x00,  0x00, 0x00, 0x00, 0x00,  0x00, 0x00, 0x00, 0x00,  0x00, 0x00, 0x00, 0x00,
     0x00, 0x00, 0x00, 0x00,  0x00, 0x00, 0x00, 0x00,  0x00, 0x00, 0x00, 0x00,  0x00, 0x00, 0x00, 0x00,
     0x00, 0x00, 0x00, 0x00,  0x00, 0x00, 0x00, 0x00,  0x00, 0x00, 0x00, 0x00,  0x00, 0x00, 0x00, 0x00,
     0x00, 0x00, 0x00, 0x00,  0x00, 0x00, 0x00, 0x00,  0x00, 0x00, 0x00, 0x00,  0x00, 0x00, 0x00, 0x00,
     0x00, 0x00, 0x00, 0x00,  0x00, 0x00, 0x00, 0x00, 0x00, 0x00, 0x00, 0x00, 0x00, 0x00, 0x00, 0x00
};

char bgs[32] = {0};

unsigned char animEventTypesStr[160] = {
     0x00, 0x00, 0x00, 0x00, 0xff, 0xff, 0xff, 0xff,  0x00, 0x00, 0x00, 0x00, 0xff, 0xff, 0xff, 0xff,
     0x00, 0x00, 0x00, 0x00, 0xff, 0xff, 0xff, 0xff,  0x00, 0x00, 0x00, 0x00, 0xff, 0xff, 0xff, 0xff,
     0x00, 0x00, 0x00, 0x00, 0xff, 0xff, 0xff, 0xff,  0x00, 0x00, 0x00, 0x00, 0xff, 0xff, 0xff, 0xff,
     0x00, 0x00, 0x00, 0x00, 0xff, 0xff, 0xff, 0xff,  0x00, 0x00, 0x00, 0x00, 0xff, 0xff, 0xff, 0xff,
     0x00, 0x00, 0x00, 0x00, 0xff, 0xff, 0xff, 0xff,  0x00, 0x00, 0x00, 0x00, 0xff, 0xff, 0xff, 0xff,
     0x00, 0x00, 0x00, 0x00, 0xff, 0xff, 0xff, 0xff,  0x00, 0x00, 0x00, 0x00, 0xff, 0xff, 0xff, 0xff,
     0x00, 0x00, 0x00, 0x00, 0xff, 0xff, 0xff, 0xff,  0x00, 0x00, 0x00, 0x00, 0xff, 0xff, 0xff, 0xff,
     0x00, 0x00, 0x00, 0x00, 0xff, 0xff, 0xff, 0xff,  0x00, 0x00, 0x00, 0x00, 0xff, 0xff, 0xff, 0xff,
     0x00, 0x00, 0x00, 0x00, 0xff, 0xff, 0xff, 0xff,  0x00, 0x00, 0x00, 0x00, 0xff, 0xff, 0xff, 0xff,
     0x00, 0x00, 0x00, 0x00, 0xff, 0xff, 0xff, 0xff, 0x00, 0x00, 0x00, 0x00, 0xff, 0xff, 0xff, 0xff
};

unsigned char animMoveTypesStr[352] = {
     0x00, 0x00, 0x00, 0x00, 0xff, 0xff, 0xff, 0xff,  0x00, 0x00, 0x00, 0x00, 0xff, 0xff, 0xff, 0xff,
     0x00, 0x00, 0x00, 0x00, 0xff, 0xff, 0xff, 0xff,  0x00, 0x00, 0x00, 0x00, 0xff, 0xff, 0xff, 0xff,
     0x00, 0x00, 0x00, 0x00, 0xff, 0xff, 0xff, 0xff,  0x00, 0x00, 0x00, 0x00, 0xff, 0xff, 0xff, 0xff,
     0x00, 0x00, 0x00, 0x00, 0xff, 0xff, 0xff, 0xff,  0x00, 0x00, 0x00, 0x00, 0xff, 0xff, 0xff, 0xff,
     0x00, 0x00, 0x00, 0x00, 0xff, 0xff, 0xff, 0xff,  0x00, 0x00, 0x00, 0x00, 0xff, 0xff, 0xff, 0xff,
     0x00, 0x00, 0x00, 0x00, 0xff, 0xff, 0xff, 0xff,  0x00, 0x00, 0x00, 0x00, 0xff, 0xff, 0xff, 0xff,
     0x00, 0x00, 0x00, 0x00, 0xff, 0xff, 0xff, 0xff,  0x00, 0x00, 0x00, 0x00, 0xff, 0xff, 0xff, 0xff,
     0x00, 0x00, 0x00, 0x00, 0xff, 0xff, 0xff, 0xff,  0x00, 0x00, 0x00, 0x00, 0xff, 0xff, 0xff, 0xff,
     0x00, 0x00, 0x00, 0x00, 0xff, 0xff, 0xff, 0xff,  0x00, 0x00, 0x00, 0x00, 0xff, 0xff, 0xff, 0xff,
     0x00, 0x00, 0x00, 0x00, 0xff, 0xff, 0xff, 0xff,  0x00, 0x00, 0x00, 0x00, 0xff, 0xff, 0xff, 0xff,
     0x00, 0x00, 0x00, 0x00, 0xff, 0xff, 0xff, 0xff,  0x00, 0x00, 0x00, 0x00, 0xff, 0xff, 0xff, 0xff,
     0x00, 0x00, 0x00, 0x00, 0xff, 0xff, 0xff, 0xff,  0x00, 0x00, 0x00, 0x00, 0xff, 0xff, 0xff, 0xff,
     0x00, 0x00, 0x00, 0x00, 0xff, 0xff, 0xff, 0xff,  0x00, 0x00, 0x00, 0x00, 0xff, 0xff, 0xff, 0xff,
     0x00, 0x00, 0x00, 0x00, 0xff, 0xff, 0xff, 0xff,  0x00, 0x00, 0x00, 0x00, 0xff, 0xff, 0xff, 0xff,
     0x00, 0x00, 0x00, 0x00, 0xff, 0xff, 0xff, 0xff,  0x00, 0x00, 0x00, 0x00, 0xff, 0xff, 0xff, 0xff,
     0x00, 0x00, 0x00, 0x00, 0xff, 0xff, 0xff, 0xff,  0x00, 0x00, 0x00, 0x00, 0xff, 0xff, 0xff, 0xff,
     0x00, 0x00, 0x00, 0x00, 0xff, 0xff, 0xff, 0xff,  0x00, 0x00, 0x00, 0x00, 0xff, 0xff, 0xff, 0xff,
     0x00, 0x00, 0x00, 0x00, 0xff, 0xff, 0xff, 0xff,  0x00, 0x00, 0x00, 0x00, 0xff, 0xff, 0xff, 0xff,
     0x00, 0x00, 0x00, 0x00, 0xff, 0xff, 0xff, 0xff,  0x00, 0x00, 0x00, 0x00, 0xff, 0xff, 0xff, 0xff,
     0x00, 0x00, 0x00, 0x00, 0xff, 0xff, 0xff, 0xff,  0x00, 0x00, 0x00, 0x00, 0xff, 0xff, 0xff, 0xff,
     0x00, 0x00, 0x00, 0x00, 0xff, 0xff, 0xff, 0xff, 0x00, 0x00, 0x00, 0x00, 0xff, 0xff, 0xff, 0xff,
    0x00, 0x00, 0x00, 0x00, 0x00, 0x00, 0x00, 0x00, 0x00, 0x00, 0x00, 0x00, 0x00, 0x00, 0x00, 0x00
};

unsigned char animStateStr[64] = {
     0x00, 0x00, 0x00, 0x00, 0xff, 0xff, 0xff, 0xff,  0x00, 0x00, 0x00, 0x00, 0xff, 0xff, 0xff, 0xff,
     0x00, 0x00, 0x00, 0x00, 0xff, 0xff, 0xff, 0xff,  0x00, 0x00, 0x00, 0x00, 0xff, 0xff, 0xff, 0xff,
    0x00, 0x00, 0x00, 0x00, 0xff, 0xff, 0xff, 0xff, 0x00, 0x00, 0x00, 0x00, 0x00, 0x00, 0x00, 0x00,
    0x00, 0x00, 0x00, 0x00, 0x00, 0x00, 0x00, 0x00, 0x00, 0x00, 0x00, 0x00, 0x00, 0x00, 0x00, 0x00
};

unsigned char animConditionsTable[96] = {
    0x00, 0x00, 0x00, 0x00,  0x00, 0x00, 0x00, 0x00, 0x00, 0x00, 0x00, 0x00,  0x00, 0x00, 0x00, 0x00,
    0x01, 0x00, 0x00, 0x00,  0x00, 0x00, 0x00, 0x00, 0x00, 0x00, 0x00, 0x00,  0x00, 0x00, 0x00, 0x00,
    0x01, 0x00, 0x00, 0x00, 0x00, 0x00, 0x00, 0x00, 0x01, 0x00, 0x00, 0x00, 0x00, 0x00, 0x00, 0x00,
    0x01, 0x00, 0x00, 0x00, 0x00, 0x00, 0x00, 0x00, 0x01, 0x00, 0x00, 0x00,  0x00, 0x00, 0x00, 0x00,
    0x01, 0x00, 0x00, 0x00,  0x00, 0x00, 0x00, 0x00, 0x00, 0x00, 0x00, 0x00, 0x00, 0x00, 0x00, 0x00,
    0x00, 0x00, 0x00, 0x00, 0x00, 0x00, 0x00, 0x00, 0x00, 0x00, 0x00, 0x00, 0x00, 0x00, 0x00, 0x00
};

unsigned char animStrafeStateStr[32] = {
     0x00, 0x00, 0x00, 0x00, 0xff, 0xff, 0xff, 0xff,  0x00, 0x00, 0x00, 0x00, 0xff, 0xff, 0xff, 0xff,
     0x00, 0x00, 0x00, 0x00, 0xff, 0xff, 0xff, 0xff, 0x00, 0x00, 0x00, 0x00, 0xff, 0xff, 0xff, 0xff
};

unsigned char animWeaponPositionStr[24] = {
     0x00, 0x00, 0x00, 0x00, 0xff, 0xff, 0xff, 0xff,  0x00, 0x00, 0x00, 0x00, 0xff, 0xff, 0xff, 0xff,
    0x00, 0x00, 0x00, 0x00, 0xff, 0xff, 0xff, 0xff
};

unsigned char animConditionMountedStr[40] = {
     0x00, 0x00, 0x00, 0x00, 0xff, 0xff, 0xff, 0xff,  0x00, 0x00, 0x00, 0x00, 0xff, 0xff, 0xff, 0xff,
    0x00, 0x00, 0x00, 0x00, 0xff, 0xff, 0xff, 0xff, 0x00, 0x00, 0x00, 0x00, 0x00, 0x00, 0x00, 0x00,
    0x00, 0x00, 0x00, 0x00, 0x00, 0x00, 0x00, 0x00
};

unsigned char animWeaponClassStr[96] = {
     0x00, 0x00, 0x00, 0x00, 0xff, 0xff, 0xff, 0xff,  0x00, 0x00, 0x00, 0x00, 0xff, 0xff, 0xff, 0xff,
     0x00, 0x00, 0x00, 0x00, 0xff, 0xff, 0xff, 0xff,  0x00, 0x00, 0x00, 0x00, 0xff, 0xff, 0xff, 0xff,
     0x00, 0x00, 0x00, 0x00, 0xff, 0xff, 0xff, 0xff,  0x00, 0x00, 0x00, 0x00, 0xff, 0xff, 0xff, 0xff,
     0x00, 0x00, 0x00, 0x00, 0xff, 0xff, 0xff, 0xff,  0x00, 0x00, 0x00, 0x00, 0xff, 0xff, 0xff, 0xff,
     0x00, 0x00, 0x00, 0x00, 0xff, 0xff, 0xff, 0xff,  0x00, 0x00, 0x00, 0x00, 0xff, 0xff, 0xff, 0xff,
    0x00, 0x00, 0x00, 0x00, 0xff, 0xff, 0xff, 0xff, 0x00, 0x00, 0x00, 0x00, 0x00, 0x00, 0x00, 0x00
};

unsigned char animConditionsStr[96] = {
     0x00, 0x00, 0x00, 0x00, 0xff, 0xff, 0xff, 0xff,  0x00, 0x00, 0x00, 0x00, 0xff, 0xff, 0xff, 0xff,
     0x00, 0x00, 0x00, 0x00, 0xff, 0xff, 0xff, 0xff,  0x00, 0x00, 0x00, 0x00, 0xff, 0xff, 0xff, 0xff,
     0x00, 0x00, 0x00, 0x00, 0xff, 0xff, 0xff, 0xff,  0x00, 0x00, 0x00, 0x00, 0xff, 0xff, 0xff, 0xff,
     0x00, 0x00, 0x00, 0x00, 0xff, 0xff, 0xff, 0xff,  0x00, 0x00, 0x00, 0x00, 0xff, 0xff, 0xff, 0xff,
     0x00, 0x00, 0x00, 0x00, 0xff, 0xff, 0xff, 0xff, 0x00, 0x00, 0x00, 0x00, 0xff, 0xff, 0xff, 0xff,
    0x00, 0x00, 0x00, 0x00, 0x00, 0x00, 0x00, 0x00, 0x00, 0x00, 0x00, 0x00, 0x00, 0x00, 0x00, 0x00
};

unsigned char animParseModesStr[48] = {
     0x00, 0x00, 0x00, 0x00, 0xff, 0xff, 0xff, 0xff,  0x00, 0x00, 0x00, 0x00, 0xff, 0xff, 0xff, 0xff,
     0x00, 0x00, 0x00, 0x00, 0xff, 0xff, 0xff, 0xff,  0x00, 0x00, 0x00, 0x00, 0xff, 0xff, 0xff, 0xff,
     0x00, 0x00, 0x00, 0x00, 0xff, 0xff, 0xff, 0xff, 0x00, 0x00, 0x00, 0x00, 0xff, 0xff, 0xff, 0xff
};

const char *globalFilename = "mp/playeranim.script";

unsigned char controller_names[44] = {
     0x00, 0x00, 0x00, 0x00,  0x00, 0x00, 0x00, 0x00,  0x00, 0x00, 0x00, 0x00,  0x00, 0x00, 0x00, 0x00,
     0x00, 0x00, 0x00, 0x00,  0x00, 0x00, 0x00, 0x00, 0x00, 0x00, 0x00, 0x00, 0x00, 0x00, 0x00, 0x00,
    0x00, 0x00, 0x00, 0x00, 0x00, 0x00, 0x00, 0x00, 0x00, 0x00, 0x00, 0x00
};

unsigned char animBodyPartsStr[64] = {
     0x00, 0x00, 0x00, 0x00, 0xff, 0xff, 0xff, 0xff,  0x00, 0x00, 0x00, 0x00, 0xff, 0xff, 0xff, 0xff,
     0x00, 0x00, 0x00, 0x00, 0xff, 0xff, 0xff, 0xff,  0x00, 0x00, 0x00, 0x00, 0xff, 0xff, 0xff, 0xff,
    0x00, 0x00, 0x00, 0x00, 0xff, 0xff, 0xff, 0xff, 0x00, 0x00, 0x00, 0x00, 0x00, 0x00, 0x00, 0x00,
    0x00, 0x00, 0x00, 0x00, 0x00, 0x00, 0x00, 0x00, 0x00, 0x00, 0x00, 0x00, 0x00, 0x00, 0x00, 0x00
};

unsigned char kb[32] = {
     0x00, 0x00, 0x00, 0x00, 0x00, 0x00, 0x00, 0x00, 0x00, 0x00, 0x00, 0x00, 0x00, 0x00, 0x00, 0x00,
    0x00, 0x00, 0x00, 0x00, 0x00, 0x00, 0x00, 0x00, 0x00, 0x00, 0x00, 0x00, 0x00, 0x00, 0x00, 0x00
};

unsigned char staticNULL[32] = {
     0x00, 0x00, 0x00, 0x00, 0x00, 0x00, 0x00, 0x00, 0x00, 0x00, 0x00, 0x00, 0x00, 0x00, 0x00, 0x00,
    0x00, 0x00, 0x00, 0x00, 0x00, 0x00, 0x00, 0x00, 0x00, 0x00, 0x00, 0x00, 0x00, 0x00, 0x00, 0x00
};

unsigned char playerMaxs[12] = {
    0x00, 0x00, 0x70, 0x41, 0x00, 0x00, 0x70, 0x41, 0x00, 0x00, 0x8c, 0x42
};

unsigned char playerMins[20] = {
    0x00, 0x00, 0x70, 0xc1, 0x00, 0x00, 0x70, 0xc1, 0x00, 0x00, 0x00, 0x00, 0x00, 0x00, 0x00, 0x00,
    0x00, 0x00, 0x00, 0x00
};

unsigned char endOffset[4] = {
    0x01, 0x00, 0x00, 0x00
};

unsigned char startOffset[28] = {
    0x02, 0x00, 0x00, 0x00, 0x00, 0x00, 0x00, 0x00, 0x00, 0x00, 0x00, 0x00, 0x00, 0x00, 0x00, 0x00,
    0x00, 0x00, 0x00, 0x00, 0x00, 0x00, 0x00, 0x00, 0x00, 0x00, 0x00, 0x00
};

unsigned char functions[1740] = {
     0x00, 0x00, 0x00, 0x00,  0x00, 0x00, 0x00, 0x00, 0x01, 0x00, 0x00, 0x00,  0x00, 0x00, 0x00, 0x00,
     0x00, 0x00, 0x00, 0x00, 0x01, 0x00, 0x00, 0x00,  0x00, 0x00, 0x00, 0x00,  0x00, 0x00, 0x00, 0x00,
    0x00, 0x00, 0x00, 0x00,  0x00, 0x00, 0x00, 0x00,  0x00, 0x00, 0x00, 0x00, 0x00, 0x00, 0x00, 0x00,
     0x00, 0x00, 0x00, 0x00,  0x00, 0x00, 0x00, 0x00, 0x01, 0x00, 0x00, 0x00,  0x00, 0x00, 0x00, 0x00,
     0x00, 0x00, 0x00, 0x00, 0x01, 0x00, 0x00, 0x00,  0x00, 0x00, 0x00, 0x00,  0x00, 0x00, 0x00, 0x00,
    0x00, 0x00, 0x00, 0x00,  0x00, 0x00, 0x00, 0x00,  0x00, 0x00, 0x00, 0x00, 0x00, 0x00, 0x00, 0x00,
     0x00, 0x00, 0x00, 0x00,  0x00, 0x00, 0x00, 0x00, 0x00, 0x00, 0x00, 0x00,  0x00, 0x00, 0x00, 0x00,
     0x00, 0x00, 0x00, 0x00, 0x00, 0x00, 0x00, 0x00,  0x00, 0x00, 0x00, 0x00,  0x00, 0x00, 0x00, 0x00,
    0x00, 0x00, 0x00, 0x00,  0x00, 0x00, 0x00, 0x00,  0x00, 0x00, 0x00, 0x00, 0x00, 0x00, 0x00, 0x00,
     0x00, 0x00, 0x00, 0x00,  0x00, 0x00, 0x00, 0x00, 0x01, 0x00, 0x00, 0x00,  0x00, 0x00, 0x00, 0x00,
     0x00, 0x00, 0x00, 0x00, 0x01, 0x00, 0x00, 0x00,  0x00, 0x00, 0x00, 0x00,  0x00, 0x00, 0x00, 0x00,
    0x01, 0x00, 0x00, 0x00,  0x00, 0x00, 0x00, 0x00,  0x00, 0x00, 0x00, 0x00, 0x00, 0x00, 0x00, 0x00,
     0x00, 0x00, 0x00, 0x00,  0x00, 0x00, 0x00, 0x00, 0x00, 0x00, 0x00, 0x00,  0x00, 0x00, 0x00, 0x00,
     0x00, 0x00, 0x00, 0x00, 0x00, 0x00, 0x00, 0x00,  0x00, 0x00, 0x00, 0x00,  0x00, 0x00, 0x00, 0x00,
    0x00, 0x00, 0x00, 0x00,  0x00, 0x00, 0x00, 0x00,  0x00, 0x00, 0x00, 0x00, 0x00, 0x00, 0x00, 0x00,
     0x00, 0x00, 0x00, 0x00,  0x00, 0x00, 0x00, 0x00, 0x00, 0x00, 0x00, 0x00,  0x00, 0x00, 0x00, 0x00,
     0x00, 0x00, 0x00, 0x00, 0x00, 0x00, 0x00, 0x00,  0x00, 0x00, 0x00, 0x00,  0x00, 0x00, 0x00, 0x00,
    0x00, 0x00, 0x00, 0x00,  0x00, 0x00, 0x00, 0x00,  0x00, 0x00, 0x00, 0x00, 0x01, 0x00, 0x00, 0x00,
     0x00, 0x00, 0x00, 0x00,  0x00, 0x00, 0x00, 0x00, 0x00, 0x00, 0x00, 0x00,  0x00, 0x00, 0x00, 0x00,
     0x00, 0x00, 0x00, 0x00, 0x00, 0x00, 0x00, 0x00,  0x00, 0x00, 0x00, 0x00,  0x00, 0x00, 0x00, 0x00,
    0x00, 0x00, 0x00, 0x00,  0x00, 0x00, 0x00, 0x00,  0x00, 0x00, 0x00, 0x00, 0x00, 0x00, 0x00, 0x00,
     0x00, 0x00, 0x00, 0x00,  0x00, 0x00, 0x00, 0x00, 0x00, 0x00, 0x00, 0x00,  0x00, 0x00, 0x00, 0x00,
     0x00, 0x00, 0x00, 0x00, 0x00, 0x00, 0x00, 0x00,  0x00, 0x00, 0x00, 0x00,  0x00, 0x00, 0x00, 0x00,
    0x00, 0x00, 0x00, 0x00,  0x00, 0x00, 0x00, 0x00,  0x00, 0x00, 0x00, 0x00, 0x00, 0x00, 0x00, 0x00,
     0x00, 0x00, 0x00, 0x00,  0x00, 0x00, 0x00, 0x00, 0x00, 0x00, 0x00, 0x00,  0x00, 0x00, 0x00, 0x00,
     0x00, 0x00, 0x00, 0x00, 0x00, 0x00, 0x00, 0x00,  0x00, 0x00, 0x00, 0x00,  0x00, 0x00, 0x00, 0x00,
    0x00, 0x00, 0x00, 0x00,  0x00, 0x00, 0x00, 0x00,  0x00, 0x00, 0x00, 0x00, 0x00, 0x00, 0x00, 0x00,
     0x00, 0x00, 0x00, 0x00,  0x00, 0x00, 0x00, 0x00, 0x00, 0x00, 0x00, 0x00,  0x00, 0x00, 0x00, 0x00,
     0x00, 0x00, 0x00, 0x00, 0x00, 0x00, 0x00, 0x00,  0x00, 0x00, 0x00, 0x00,  0x00, 0x00, 0x00, 0x00,
    0x00, 0x00, 0x00, 0x00,  0x00, 0x00, 0x00, 0x00,  0x00, 0x00, 0x00, 0x00, 0x00, 0x00, 0x00, 0x00,
     0x00, 0x00, 0x00, 0x00,  0x00, 0x00, 0x00, 0x00, 0x00, 0x00, 0x00, 0x00,  0x00, 0x00, 0x00, 0x00,
     0x00, 0x00, 0x00, 0x00, 0x00, 0x00, 0x00, 0x00,  0x00, 0x00, 0x00, 0x00,  0x00, 0x00, 0x00, 0x00,
    0x00, 0x00, 0x00, 0x00,  0x00, 0x00, 0x00, 0x00,  0x00, 0x00, 0x00, 0x00, 0x00, 0x00, 0x00, 0x00,
     0x00, 0x00, 0x00, 0x00,  0x00, 0x00, 0x00, 0x00, 0x00, 0x00, 0x00, 0x00,  0x00, 0x00, 0x00, 0x00,
     0x00, 0x00, 0x00, 0x00, 0x00, 0x00, 0x00, 0x00,  0x00, 0x00, 0x00, 0x00,  0x00, 0x00, 0x00, 0x00,
    0x00, 0x00, 0x00, 0x00,  0x00, 0x00, 0x00, 0x00,  0x00, 0x00, 0x00, 0x00, 0x00, 0x00, 0x00, 0x00,
     0x00, 0x00, 0x00, 0x00,  0x00, 0x00, 0x00, 0x00, 0x00, 0x00, 0x00, 0x00,  0x00, 0x00, 0x00, 0x00,
     0x00, 0x00, 0x00, 0x00, 0x00, 0x00, 0x00, 0x00,  0x00, 0x00, 0x00, 0x00,  0x00, 0x00, 0x00, 0x00,
    0x00, 0x00, 0x00, 0x00,  0x00, 0x00, 0x00, 0x00,  0x00, 0x00, 0x00, 0x00, 0x00, 0x00, 0x00, 0x00,
     0x00, 0x00, 0x00, 0x00,  0x00, 0x00, 0x00, 0x00, 0x00, 0x00, 0x00, 0x00,  0x00, 0x00, 0x00, 0x00,
     0x00, 0x00, 0x00, 0x00, 0x00, 0x00, 0x00, 0x00,  0x00, 0x00, 0x00, 0x00,  0x00, 0x00, 0x00, 0x00,
    0x00, 0x00, 0x00, 0x00,  0x00, 0x00, 0x00, 0x00,  0x00, 0x00, 0x00, 0x00, 0x00, 0x00, 0x00, 0x00,
     0x00, 0x00, 0x00, 0x00,  0x00, 0x00, 0x00, 0x00, 0x00, 0x00, 0x00, 0x00,  0x00, 0x00, 0x00, 0x00,
     0x00, 0x00, 0x00, 0x00, 0x00, 0x00, 0x00, 0x00,  0x00, 0x00, 0x00, 0x00,  0x00, 0x00, 0x00, 0x00,
    0x00, 0x00, 0x00, 0x00,  0x00, 0x00, 0x00, 0x00,  0x00, 0x00, 0x00, 0x00, 0x00, 0x00, 0x00, 0x00,
     0x00, 0x00, 0x00, 0x00,  0x00, 0x00, 0x00, 0x00, 0x00, 0x00, 0x00, 0x00,  0x00, 0x00, 0x00, 0x00,
     0x00, 0x00, 0x00, 0x00, 0x00, 0x00, 0x00, 0x00,  0x00, 0x00, 0x00, 0x00,  0x00, 0x00, 0x00, 0x00,
    0x00, 0x00, 0x00, 0x00,  0x00, 0x00, 0x00, 0x00,  0x00, 0x00, 0x00, 0x00, 0x00, 0x00, 0x00, 0x00,
     0x00, 0x00, 0x00, 0x00,  0x00, 0x00, 0x00, 0x00, 0x00, 0x00, 0x00, 0x00,  0x00, 0x00, 0x00, 0x00,
     0x00, 0x00, 0x00, 0x00, 0x00, 0x00, 0x00, 0x00,  0x00, 0x00, 0x00, 0x00,  0x00, 0x00, 0x00, 0x00,
    0x00, 0x00, 0x00, 0x00,  0x00, 0x00, 0x00, 0x00,  0x00, 0x00, 0x00, 0x00, 0x00, 0x00, 0x00, 0x00,
     0x00, 0x00, 0x00, 0x00,  0x00, 0x00, 0x00, 0x00, 0x00, 0x00, 0x00, 0x00,  0x00, 0x00, 0x00, 0x00,
     0x00, 0x00, 0x00, 0x00, 0x00, 0x00, 0x00, 0x00,  0x00, 0x00, 0x00, 0x00,  0x00, 0x00, 0x00, 0x00,
    0x00, 0x00, 0x00, 0x00,  0x00, 0x00, 0x00, 0x00,  0x00, 0x00, 0x00, 0x00, 0x00, 0x00, 0x00, 0x00,
     0x00, 0x00, 0x00, 0x00,  0x00, 0x00, 0x00, 0x00, 0x00, 0x00, 0x00, 0x00,  0x00, 0x00, 0x00, 0x00,
     0x00, 0x00, 0x00, 0x00, 0x00, 0x00, 0x00, 0x00,  0x00, 0x00, 0x00, 0x00,  0x00, 0x00, 0x00, 0x00,
    0x00, 0x00, 0x00, 0x00,  0x00, 0x00, 0x00, 0x00,  0x00, 0x00, 0x00, 0x00, 0x00, 0x00, 0x00, 0x00,
     0x00, 0x00, 0x00, 0x00,  0x00, 0x00, 0x00, 0x00, 0x00, 0x00, 0x00, 0x00,  0x00, 0x00, 0x00, 0x00,
     0x00, 0x00, 0x00, 0x00, 0x00, 0x00, 0x00, 0x00,  0x00, 0x00, 0x00, 0x00,  0x00, 0x00, 0x00, 0x00,
    0x00, 0x00, 0x00, 0x00,  0x00, 0x00, 0x00, 0x00,  0x00, 0x00, 0x00, 0x00, 0x00, 0x00, 0x00, 0x00,
     0x00, 0x00, 0x00, 0x00,  0x00, 0x00, 0x00, 0x00, 0x00, 0x00, 0x00, 0x00,  0x00, 0x00, 0x00, 0x00,
     0x00, 0x00, 0x00, 0x00, 0x00, 0x00, 0x00, 0x00,  0x00, 0x00, 0x00, 0x00,  0x00, 0x00, 0x00, 0x00,
    0x00, 0x00, 0x00, 0x00,  0x00, 0x00, 0x00, 0x00,  0x00, 0x00, 0x00, 0x00, 0x00, 0x00, 0x00, 0x00,
     0x00, 0x00, 0x00, 0x00,  0x00, 0x00, 0x00, 0x00, 0x00, 0x00, 0x00, 0x00,  0x00, 0x00, 0x00, 0x00,
     0x00, 0x00, 0x00, 0x00, 0x00, 0x00, 0x00, 0x00,  0x00, 0x00, 0x00, 0x00,  0x00, 0x00, 0x00, 0x00,
    0x00, 0x00, 0x00, 0x00,  0x00, 0x00, 0x00, 0x00,  0x00, 0x00, 0x00, 0x00, 0x00, 0x00, 0x00, 0x00,
     0x00, 0x00, 0x00, 0x00,  0x00, 0x00, 0x00, 0x00, 0x00, 0x00, 0x00, 0x00,  0x00, 0x00, 0x00, 0x00,
     0x00, 0x00, 0x00, 0x00, 0x00, 0x00, 0x00, 0x00,  0x00, 0x00, 0x00, 0x00,  0x00, 0x00, 0x00, 0x00,
    0x00, 0x00, 0x00, 0x00,  0x00, 0x00, 0x00, 0x00,  0x00, 0x00, 0x00, 0x00, 0x00, 0x00, 0x00, 0x00,
     0x00, 0x00, 0x00, 0x00,  0x00, 0x00, 0x00, 0x00, 0x00, 0x00, 0x00, 0x00,  0x00, 0x00, 0x00, 0x00,
     0x00, 0x00, 0x00, 0x00, 0x00, 0x00, 0x00, 0x00,  0x00, 0x00, 0x00, 0x00,  0x00, 0x00, 0x00, 0x00,
    0x00, 0x00, 0x00, 0x00,  0x00, 0x00, 0x00, 0x00,  0x00, 0x00, 0x00, 0x00, 0x00, 0x00, 0x00, 0x00,
     0x00, 0x00, 0x00, 0x00,  0x00, 0x00, 0x00, 0x00, 0x00, 0x00, 0x00, 0x00,  0x00, 0x00, 0x00, 0x00,
     0x00, 0x00, 0x00, 0x00, 0x00, 0x00, 0x00, 0x00,  0x00, 0x00, 0x00, 0x00,  0x00, 0x00, 0x00, 0x00,
    0x00, 0x00, 0x00, 0x00,  0x00, 0x00, 0x00, 0x00,  0x00, 0x00, 0x00, 0x00, 0x00, 0x00, 0x00, 0x00,
     0x00, 0x00, 0x00, 0x00,  0x00, 0x00, 0x00, 0x00, 0x00, 0x00, 0x00, 0x00,  0x00, 0x00, 0x00, 0x00,
     0x00, 0x00, 0x00, 0x00, 0x00, 0x00, 0x00, 0x00,  0x00, 0x00, 0x00, 0x00,  0x00, 0x00, 0x00, 0x00,
    0x00, 0x00, 0x00, 0x00,  0x00, 0x00, 0x00, 0x00,  0x00, 0x00, 0x00, 0x00, 0x00, 0x00, 0x00, 0x00,
     0x00, 0x00, 0x00, 0x00,  0x00, 0x00, 0x00, 0x00, 0x00, 0x00, 0x00, 0x00,  0x00, 0x00, 0x00, 0x00,
     0x00, 0x00, 0x00, 0x00, 0x00, 0x00, 0x00, 0x00,  0x00, 0x00, 0x00, 0x00,  0x00, 0x00, 0x00, 0x00,
    0x00, 0x00, 0x00, 0x00,  0x00, 0x00, 0x00, 0x00,  0x00, 0x00, 0x00, 0x00, 0x00, 0x00, 0x00, 0x00,
     0x00, 0x00, 0x00, 0x00,  0x00, 0x00, 0x00, 0x00, 0x00, 0x00, 0x00, 0x00,  0x00, 0x00, 0x00, 0x00,
     0x00, 0x00, 0x00, 0x00, 0x00, 0x00, 0x00, 0x00,  0x00, 0x00, 0x00, 0x00,  0x00, 0x00, 0x00, 0x00,
    0x00, 0x00, 0x00, 0x00,  0x00, 0x00, 0x00, 0x00,  0x00, 0x00, 0x00, 0x00, 0x00, 0x00, 0x00, 0x00,
     0x00, 0x00, 0x00, 0x00,  0x00, 0x00, 0x00, 0x00, 0x00, 0x00, 0x00, 0x00,  0x00, 0x00, 0x00, 0x00,
     0x00, 0x00, 0x00, 0x00, 0x00, 0x00, 0x00, 0x00,  0x00, 0x00, 0x00, 0x00,  0x00, 0x00, 0x00, 0x00,
    0x00, 0x00, 0x00, 0x00,  0x00, 0x00, 0x00, 0x00,  0x00, 0x00, 0x00, 0x00, 0x00, 0x00, 0x00, 0x00,
     0x00, 0x00, 0x00, 0x00,  0x00, 0x00, 0x00, 0x00, 0x00, 0x00, 0x00, 0x00,  0x00, 0x00, 0x00, 0x00,
     0x00, 0x00, 0x00, 0x00, 0x00, 0x00, 0x00, 0x00,  0x00, 0x00, 0x00, 0x00,  0x00, 0x00, 0x00, 0x00,
    0x00, 0x00, 0x00, 0x00,  0x00, 0x00, 0x00, 0x00,  0x00, 0x00, 0x00, 0x00, 0x00, 0x00, 0x00, 0x00,
     0x00, 0x00, 0x00, 0x00,  0x00, 0x00, 0x00, 0x00, 0x00, 0x00, 0x00, 0x00,  0x00, 0x00, 0x00, 0x00,
     0x00, 0x00, 0x00, 0x00, 0x00, 0x00, 0x00, 0x00,  0x00, 0x00, 0x00, 0x00,  0x00, 0x00, 0x00, 0x00,
    0x00, 0x00, 0x00, 0x00,  0x00, 0x00, 0x00, 0x00,  0x00, 0x00, 0x00, 0x00, 0x00, 0x00, 0x00, 0x00,
     0x00, 0x00, 0x00, 0x00,  0x00, 0x00, 0x00, 0x00, 0x00, 0x00, 0x00, 0x00,  0x00, 0x00, 0x00, 0x00,
     0x00, 0x00, 0x00, 0x00, 0x00, 0x00, 0x00, 0x00,  0x00, 0x00, 0x00, 0x00,  0x00, 0x00, 0x00, 0x00,
    0x00, 0x00, 0x00, 0x00,  0x00, 0x00, 0x00, 0x00,  0x00, 0x00, 0x00, 0x00, 0x00, 0x00, 0x00, 0x00,
     0x00, 0x00, 0x00, 0x00,  0x00, 0x00, 0x00, 0x00, 0x00, 0x00, 0x00, 0x00,  0x00, 0x00, 0x00, 0x00,
     0x00, 0x00, 0x00, 0x00, 0x00, 0x00, 0x00, 0x00,  0x00, 0x00, 0x00, 0x00,  0x00, 0x00, 0x00, 0x00,
    0x00, 0x00, 0x00, 0x00,  0x00, 0x00, 0x00, 0x00,  0x00, 0x00, 0x00, 0x00, 0x00, 0x00, 0x00, 0x00,
     0x00, 0x00, 0x00, 0x00,  0x00, 0x00, 0x00, 0x00, 0x00, 0x00, 0x00, 0x00,  0x00, 0x00, 0x00, 0x00,
     0x00, 0x00, 0x00, 0x00, 0x00, 0x00, 0x00, 0x00,  0x00, 0x00, 0x00, 0x00,  0x00, 0x00, 0x00, 0x00,
    0x00, 0x00, 0x00, 0x00,  0x00, 0x00, 0x00, 0x00,  0x00, 0x00, 0x00, 0x00, 0x00, 0x00, 0x00, 0x00,
     0x00, 0x00, 0x00, 0x00,  0x00, 0x00, 0x00, 0x00, 0x00, 0x00, 0x00, 0x00,  0x00, 0x00, 0x00, 0x00,
     0x00, 0x00, 0x00, 0x00, 0x00, 0x00, 0x00, 0x00,  0x00, 0x00, 0x00, 0x00,  0x00, 0x00, 0x00, 0x00,
    0x00, 0x00, 0x00, 0x00,  0x00, 0x00, 0x00, 0x00,  0x00, 0x00, 0x00, 0x00, 0x00, 0x00, 0x00, 0x00,
     0x00, 0x00, 0x00, 0x00,  0x00, 0x00, 0x00, 0x00, 0x00, 0x00, 0x00, 0x00,  0x00, 0x00, 0x00, 0x00,
     0x00, 0x00, 0x00, 0x00, 0x00, 0x00, 0x00, 0x00,  0x00, 0x00, 0x00, 0x00,  0x00, 0x00, 0x00, 0x00,
    0x00, 0x00, 0x00, 0x00,  0x00, 0x00, 0x00, 0x00,  0x00, 0x00, 0x00, 0x00, 0x00, 0x00, 0x00, 0x00,
     0x00, 0x00, 0x00, 0x00,  0x00, 0x00, 0x00, 0x00, 0x00, 0x00, 0x00, 0x00
};

unsigned char methods_003138c0[736] = {
     0x00, 0x00, 0x00, 0x00,  0x00, 0x00, 0x00, 0x00, 0x00, 0x00, 0x00, 0x00,  0x00, 0x00, 0x00, 0x00,
     0x00, 0x00, 0x00, 0x00, 0x00, 0x00, 0x00, 0x00,  0x00, 0x00, 0x00, 0x00,  0x00, 0x00, 0x00, 0x00,
    0x00, 0x00, 0x00, 0x00,  0x00, 0x00, 0x00, 0x00,  0x00, 0x00, 0x00, 0x00, 0x00, 0x00, 0x00, 0x00,
     0x00, 0x00, 0x00, 0x00,  0x00, 0x00, 0x00, 0x00, 0x00, 0x00, 0x00, 0x00,  0x00, 0x00, 0x00, 0x00,
     0x00, 0x00, 0x00, 0x00, 0x00, 0x00, 0x00, 0x00,  0x00, 0x00, 0x00, 0x00,  0x00, 0x00, 0x00, 0x00,
    0x00, 0x00, 0x00, 0x00,  0x00, 0x00, 0x00, 0x00,  0x00, 0x00, 0x00, 0x00, 0x00, 0x00, 0x00, 0x00,
     0x00, 0x00, 0x00, 0x00,  0x00, 0x00, 0x00, 0x00, 0x00, 0x00, 0x00, 0x00,  0x00, 0x00, 0x00, 0x00,
     0x00, 0x00, 0x00, 0x00, 0x00, 0x00, 0x00, 0x00,  0x00, 0x00, 0x00, 0x00,  0x00, 0x00, 0x00, 0x00,
    0x00, 0x00, 0x00, 0x00,  0x00, 0x00, 0x00, 0x00,  0x00, 0x00, 0x00, 0x00, 0x00, 0x00, 0x00, 0x00,
     0x00, 0x00, 0x00, 0x00,  0x00, 0x00, 0x00, 0x00, 0x00, 0x00, 0x00, 0x00,  0x00, 0x00, 0x00, 0x00,
     0x00, 0x00, 0x00, 0x00, 0x00, 0x00, 0x00, 0x00,  0x00, 0x00, 0x00, 0x00,  0x00, 0x00, 0x00, 0x00,
    0x00, 0x00, 0x00, 0x00,  0x00, 0x00, 0x00, 0x00,  0x00, 0x00, 0x00, 0x00, 0x00, 0x00, 0x00, 0x00,
     0x00, 0x00, 0x00, 0x00,  0x00, 0x00, 0x00, 0x00, 0x00, 0x00, 0x00, 0x00,  0x00, 0x00, 0x00, 0x00,
     0x00, 0x00, 0x00, 0x00, 0x00, 0x00, 0x00, 0x00,  0x00, 0x00, 0x00, 0x00,  0x00, 0x00, 0x00, 0x00,
    0x00, 0x00, 0x00, 0x00,  0x00, 0x00, 0x00, 0x00,  0x00, 0x00, 0x00, 0x00, 0x00, 0x00, 0x00, 0x00,
     0x00, 0x00, 0x00, 0x00,  0x00, 0x00, 0x00, 0x00, 0x00, 0x00, 0x00, 0x00,  0x00, 0x00, 0x00, 0x00,
     0x00, 0x00, 0x00, 0x00, 0x00, 0x00, 0x00, 0x00,  0x00, 0x00, 0x00, 0x00,  0x00, 0x00, 0x00, 0x00,
    0x00, 0x00, 0x00, 0x00,  0x00, 0x00, 0x00, 0x00,  0x00, 0x00, 0x00, 0x00, 0x00, 0x00, 0x00, 0x00,
     0x00, 0x00, 0x00, 0x00,  0x00, 0x00, 0x00, 0x00, 0x00, 0x00, 0x00, 0x00,  0x00, 0x00, 0x00, 0x00,
     0x00, 0x00, 0x00, 0x00, 0x00, 0x00, 0x00, 0x00,  0x00, 0x00, 0x00, 0x00,  0x00, 0x00, 0x00, 0x00,
    0x00, 0x00, 0x00, 0x00,  0x00, 0x00, 0x00, 0x00,  0x00, 0x00, 0x00, 0x00, 0x00, 0x00, 0x00, 0x00,
     0x00, 0x00, 0x00, 0x00,  0x00, 0x00, 0x00, 0x00, 0x00, 0x00, 0x00, 0x00,  0x00, 0x00, 0x00, 0x00,
     0x00, 0x00, 0x00, 0x00, 0x00, 0x00, 0x00, 0x00,  0x00, 0x00, 0x00, 0x00,  0x00, 0x00, 0x00, 0x00,
    0x00, 0x00, 0x00, 0x00,  0x00, 0x00, 0x00, 0x00,  0x00, 0x00, 0x00, 0x00, 0x00, 0x00, 0x00, 0x00,
     0x00, 0x00, 0x00, 0x00,  0x00, 0x00, 0x00, 0x00, 0x00, 0x00, 0x00, 0x00,  0x00, 0x00, 0x00, 0x00,
     0x00, 0x00, 0x00, 0x00, 0x00, 0x00, 0x00, 0x00,  0x00, 0x00, 0x00, 0x00,  0x00, 0x00, 0x00, 0x00,
    0x00, 0x00, 0x00, 0x00,  0x00, 0x00, 0x00, 0x00,  0x00, 0x00, 0x00, 0x00, 0x00, 0x00, 0x00, 0x00,
     0x00, 0x00, 0x00, 0x00,  0x00, 0x00, 0x00, 0x00, 0x00, 0x00, 0x00, 0x00,  0x00, 0x00, 0x00, 0x00,
     0x00, 0x00, 0x00, 0x00, 0x00, 0x00, 0x00, 0x00,  0x00, 0x00, 0x00, 0x00,  0x00, 0x00, 0x00, 0x00,
    0x00, 0x00, 0x00, 0x00,  0x00, 0x00, 0x00, 0x00,  0x00, 0x00, 0x00, 0x00, 0x00, 0x00, 0x00, 0x00,
     0x00, 0x00, 0x00, 0x00,  0x00, 0x00, 0x00, 0x00, 0x00, 0x00, 0x00, 0x00,  0x00, 0x00, 0x00, 0x00,
     0x00, 0x00, 0x00, 0x00, 0x00, 0x00, 0x00, 0x00,  0x00, 0x00, 0x00, 0x00,  0x00, 0x00, 0x00, 0x00,
    0x00, 0x00, 0x00, 0x00,  0x00, 0x00, 0x00, 0x00,  0x00, 0x00, 0x00, 0x00, 0x00, 0x00, 0x00, 0x00,
     0x00, 0x00, 0x00, 0x00,  0x00, 0x00, 0x00, 0x00, 0x00, 0x00, 0x00, 0x00,  0x00, 0x00, 0x00, 0x00,
     0x00, 0x00, 0x00, 0x00, 0x00, 0x00, 0x00, 0x00,  0x00, 0x00, 0x00, 0x00,  0x00, 0x00, 0x00, 0x00,
    0x00, 0x00, 0x00, 0x00,  0x00, 0x00, 0x00, 0x00,  0x00, 0x00, 0x00, 0x00, 0x00, 0x00, 0x00, 0x00,
     0x00, 0x00, 0x00, 0x00,  0x00, 0x00, 0x00, 0x00, 0x00, 0x00, 0x00, 0x00,  0x00, 0x00, 0x00, 0x00,
     0x00, 0x00, 0x00, 0x00, 0x00, 0x00, 0x00, 0x00,  0x00, 0x00, 0x00, 0x00,  0x00, 0x00, 0x00, 0x00,
    0x00, 0x00, 0x00, 0x00,  0x00, 0x00, 0x00, 0x00,  0x00, 0x00, 0x00, 0x00, 0x00, 0x00, 0x00, 0x00,
     0x00, 0x00, 0x00, 0x00,  0x00, 0x00, 0x00, 0x00, 0x00, 0x00, 0x00, 0x00,  0x00, 0x00, 0x00, 0x00,
     0x00, 0x00, 0x00, 0x00, 0x00, 0x00, 0x00, 0x00,  0x00, 0x00, 0x00, 0x00,  0x00, 0x00, 0x00, 0x00,
    0x00, 0x00, 0x00, 0x00,  0x00, 0x00, 0x00, 0x00,  0x00, 0x00, 0x00, 0x00, 0x00, 0x00, 0x00, 0x00,
     0x00, 0x00, 0x00, 0x00,  0x00, 0x00, 0x00, 0x00, 0x00, 0x00, 0x00, 0x00,  0x00, 0x00, 0x00, 0x00,
     0x00, 0x00, 0x00, 0x00, 0x00, 0x00, 0x00, 0x00,  0x00, 0x00, 0x00, 0x00,  0x00, 0x00, 0x00, 0x00,
    0x00, 0x00, 0x00, 0x00, 0x00, 0x00, 0x00, 0x00, 0x00, 0x00, 0x00, 0x00, 0x00, 0x00, 0x00, 0x00,
    0x00, 0x00, 0x00, 0x00, 0x00, 0x00, 0x00, 0x00, 0x00, 0x00, 0x00, 0x00, 0x00, 0x00, 0x00, 0x00
};

unsigned char spawns[192] = {
     0x00, 0x00, 0x00, 0x00,  0x00, 0x00, 0x00, 0x00,  0x00, 0x00, 0x00, 0x00,  0x00, 0x00, 0x00, 0x00,
     0x00, 0x00, 0x00, 0x00,  0x00, 0x00, 0x00, 0x00,  0x00, 0x00, 0x00, 0x00,  0x00, 0x00, 0x00, 0x00,
     0x00, 0x00, 0x00, 0x00,  0x00, 0x00, 0x00, 0x00,  0x00, 0x00, 0x00, 0x00,  0x00, 0x00, 0x00, 0x00,
     0x00, 0x00, 0x00, 0x00,  0x00, 0x00, 0x00, 0x00,  0x00, 0x00, 0x00, 0x00,  0x00, 0x00, 0x00, 0x00,
     0x00, 0x00, 0x00, 0x00,  0x00, 0x00, 0x00, 0x00,  0x00, 0x00, 0x00, 0x00,  0x00, 0x00, 0x00, 0x00,
     0x00, 0x00, 0x00, 0x00,  0x00, 0x00, 0x00, 0x00,  0x00, 0x00, 0x00, 0x00,  0x00, 0x00, 0x00, 0x00,
     0x00, 0x00, 0x00, 0x00,  0x00, 0x00, 0x00, 0x00,  0x00, 0x00, 0x00, 0x00,  0x00, 0x00, 0x00, 0x00,
     0x00, 0x00, 0x00, 0x00,  0x00, 0x00, 0x00, 0x00,  0x00, 0x00, 0x00, 0x00,  0x00, 0x00, 0x00, 0x00,
     0x00, 0x00, 0x00, 0x00,  0x00, 0x00, 0x00, 0x00,  0x00, 0x00, 0x00, 0x00,  0x00, 0x00, 0x00, 0x00,
     0x00, 0x00, 0x00, 0x00,  0x00, 0x00, 0x00, 0x00,  0x00, 0x00, 0x00, 0x00,  0x00, 0x00, 0x00, 0x00,
     0x00, 0x00, 0x00, 0x00,  0x00, 0x00, 0x00, 0x00, 0x00, 0x00, 0x00, 0x00, 0x00, 0x00, 0x00, 0x00,
    0x00, 0x00, 0x00, 0x00, 0x00, 0x00, 0x00, 0x00, 0x00, 0x00, 0x00, 0x00, 0x00, 0x00, 0x00, 0x00
};

unsigned char range_00313c60[32] = {
    0x00, 0x00, 0x20, 0x42, 0x00, 0x00, 0x20, 0x42, 0x00, 0x00, 0x50, 0x42, 0x00, 0x00, 0x00, 0x00,
    0x00, 0x00, 0x00, 0x00, 0x00, 0x00, 0x00, 0x00, 0x00, 0x00, 0x00, 0x00, 0x00, 0x00, 0x00, 0x00
};

unsigned char gc_orders[32] = {
     0x00, 0x00, 0x00, 0x00,  0x00, 0x00, 0x00, 0x00,  0x00, 0x00, 0x00, 0x00,  0x00, 0x00, 0x00, 0x00,
     0x00, 0x00, 0x00, 0x00,  0x00, 0x00, 0x00, 0x00,  0x00, 0x00, 0x00, 0x00, 0x00, 0x00, 0x00, 0x00
};

unsigned char itemParseKeywords[800] = {
     0x00, 0x00, 0x00, 0x00,  0x00, 0x00, 0x00, 0x00, 0x00, 0x00, 0x00, 0x00,  0x00, 0x00, 0x00, 0x00,
     0x00, 0x00, 0x00, 0x00, 0x00, 0x00, 0x00, 0x00,  0x00, 0x00, 0x00, 0x00,  0x00, 0x00, 0x00, 0x00,
    0x00, 0x00, 0x00, 0x00,  0x00, 0x00, 0x00, 0x00,  0x00, 0x00, 0x00, 0x00, 0x00, 0x00, 0x00, 0x00,
     0x00, 0x00, 0x00, 0x00,  0x00, 0x00, 0x00, 0x00, 0x00, 0x00, 0x00, 0x00,  0x00, 0x00, 0x00, 0x00,
     0x00, 0x00, 0x00, 0x00, 0x00, 0x00, 0x00, 0x00,  0x00, 0x00, 0x00, 0x00,  0x00, 0x00, 0x00, 0x00,
    0x00, 0x00, 0x00, 0x00,  0x00, 0x00, 0x00, 0x00,  0x00, 0x00, 0x00, 0x00, 0x00, 0x00, 0x00, 0x00,
     0x00, 0x00, 0x00, 0x00,  0x00, 0x00, 0x00, 0x00, 0x00, 0x00, 0x00, 0x00,  0x00, 0x00, 0x00, 0x00,
     0x00, 0x00, 0x00, 0x00, 0x00, 0x00, 0x00, 0x00,  0x00, 0x00, 0x00, 0x00,  0x00, 0x00, 0x00, 0x00,
    0x00, 0x00, 0x00, 0x00,  0x00, 0x00, 0x00, 0x00,  0x00, 0x00, 0x00, 0x00, 0x00, 0x00, 0x00, 0x00,
     0x00, 0x00, 0x00, 0x00,  0x00, 0x00, 0x00, 0x00, 0x00, 0x00, 0x00, 0x00,  0x00, 0x00, 0x00, 0x00,
     0x00, 0x00, 0x00, 0x00, 0x00, 0x00, 0x00, 0x00,  0x00, 0x00, 0x00, 0x00,  0x00, 0x00, 0x00, 0x00,
    0x00, 0x00, 0x00, 0x00,  0x00, 0x00, 0x00, 0x00,  0x00, 0x00, 0x00, 0x00, 0x00, 0x00, 0x00, 0x00,
     0x00, 0x00, 0x00, 0x00,  0x00, 0x00, 0x00, 0x00, 0x00, 0x00, 0x00, 0x00,  0x00, 0x00, 0x00, 0x00,
     0x00, 0x00, 0x00, 0x00, 0x00, 0x00, 0x00, 0x00,  0x00, 0x00, 0x00, 0x00,  0x00, 0x00, 0x00, 0x00,
    0x00, 0x00, 0x00, 0x00,  0x00, 0x00, 0x00, 0x00,  0x00, 0x00, 0x00, 0x00, 0x00, 0x00, 0x00, 0x00,
     0x00, 0x00, 0x00, 0x00,  0x00, 0x00, 0x00, 0x00, 0x00, 0x00, 0x00, 0x00,  0x00, 0x00, 0x00, 0x00,
     0x00, 0x00, 0x00, 0x00, 0x00, 0x00, 0x00, 0x00,  0x00, 0x00, 0x00, 0x00,  0x00, 0x00, 0x00, 0x00,
    0x00, 0x00, 0x00, 0x00,  0x00, 0x00, 0x00, 0x00,  0x00, 0x00, 0x00, 0x00, 0x00, 0x00, 0x00, 0x00,
     0x00, 0x00, 0x00, 0x00,  0x00, 0x00, 0x00, 0x00, 0x00, 0x00, 0x00, 0x00,  0x00, 0x00, 0x00, 0x00,
     0x00, 0x00, 0x00, 0x00, 0x00, 0x00, 0x00, 0x00,  0x00, 0x00, 0x00, 0x00,  0x00, 0x00, 0x00, 0x00,
    0x00, 0x00, 0x00, 0x00,  0x00, 0x00, 0x00, 0x00,  0x00, 0x00, 0x00, 0x00, 0x00, 0x00, 0x00, 0x00,
     0x00, 0x00, 0x00, 0x00,  0x00, 0x00, 0x00, 0x00, 0x00, 0x00, 0x00, 0x00,  0x00, 0x00, 0x00, 0x00,
     0x00, 0x00, 0x00, 0x00, 0x00, 0x00, 0x00, 0x00,  0x00, 0x00, 0x00, 0x00,  0x00, 0x00, 0x00, 0x00,
    0x00, 0x00, 0x00, 0x00,  0x00, 0x00, 0x00, 0x00,  0x00, 0x00, 0x00, 0x00, 0x00, 0x00, 0x00, 0x00,
     0x00, 0x00, 0x00, 0x00,  0x00, 0x00, 0x00, 0x00, 0x00, 0x00, 0x00, 0x00,  0x00, 0x00, 0x00, 0x00,
     0x00, 0x00, 0x00, 0x00, 0x00, 0x00, 0x00, 0x00,  0x00, 0x00, 0x00, 0x00,  0x00, 0x00, 0x00, 0x00,
    0x00, 0x00, 0x00, 0x00,  0x00, 0x00, 0x00, 0x00,  0x00, 0x00, 0x00, 0x00, 0x00, 0x00, 0x00, 0x00,
     0x00, 0x00, 0x00, 0x00,  0x00, 0x00, 0x00, 0x00, 0x00, 0x00, 0x00, 0x00,  0x00, 0x00, 0x00, 0x00,
     0x00, 0x00, 0x00, 0x00, 0x00, 0x00, 0x00, 0x00,  0x00, 0x00, 0x00, 0x00,  0x00, 0x00, 0x00, 0x00,
    0x00, 0x00, 0x00, 0x00,  0x00, 0x00, 0x00, 0x00,  0x00, 0x00, 0x00, 0x00, 0x00, 0x00, 0x00, 0x00,
     0x00, 0x00, 0x00, 0x00,  0x00, 0x00, 0x00, 0x00, 0x00, 0x00, 0x00, 0x00,  0x00, 0x00, 0x00, 0x00,
     0x00, 0x00, 0x00, 0x00, 0x00, 0x00, 0x00, 0x00,  0x00, 0x00, 0x00, 0x00,  0x00, 0x00, 0x00, 0x00,
    0x00, 0x00, 0x00, 0x00,  0x00, 0x00, 0x00, 0x00,  0x00, 0x00, 0x00, 0x00, 0x00, 0x00, 0x00, 0x00,
     0x00, 0x00, 0x00, 0x00,  0x00, 0x00, 0x00, 0x00, 0x00, 0x00, 0x00, 0x00,  0x00, 0x00, 0x00, 0x00,
     0x00, 0x00, 0x00, 0x00, 0x00, 0x00, 0x00, 0x00,  0x00, 0x00, 0x00, 0x00,  0x00, 0x00, 0x00, 0x00,
    0x00, 0x00, 0x00, 0x00,  0x00, 0x00, 0x00, 0x00,  0x00, 0x00, 0x00, 0x00, 0x00, 0x00, 0x00, 0x00,
     0x00, 0x00, 0x00, 0x00,  0x00, 0x00, 0x00, 0x00, 0x00, 0x00, 0x00, 0x00,  0x00, 0x00, 0x00, 0x00,
     0x00, 0x00, 0x00, 0x00, 0x00, 0x00, 0x00, 0x00,  0x00, 0x00, 0x00, 0x00,  0x00, 0x00, 0x00, 0x00,
    0x00, 0x00, 0x00, 0x00,  0x00, 0x00, 0x00, 0x00,  0x00, 0x00, 0x00, 0x00, 0x00, 0x00, 0x00, 0x00,
     0x00, 0x00, 0x00, 0x00,  0x00, 0x00, 0x00, 0x00, 0x00, 0x00, 0x00, 0x00,  0x00, 0x00, 0x00, 0x00,
     0x00, 0x00, 0x00, 0x00, 0x00, 0x00, 0x00, 0x00,  0x00, 0x00, 0x00, 0x00,  0x00, 0x00, 0x00, 0x00,
    0x00, 0x00, 0x00, 0x00,  0x00, 0x00, 0x00, 0x00,  0x00, 0x00, 0x00, 0x00, 0x00, 0x00, 0x00, 0x00,
     0x00, 0x00, 0x00, 0x00,  0x00, 0x00, 0x00, 0x00, 0x00, 0x00, 0x00, 0x00,  0x00, 0x00, 0x00, 0x00,
     0x00, 0x00, 0x00, 0x00, 0x00, 0x00, 0x00, 0x00,  0x00, 0x00, 0x00, 0x00,  0x00, 0x00, 0x00, 0x00,
    0x00, 0x00, 0x00, 0x00,  0x00, 0x00, 0x00, 0x00,  0x00, 0x00, 0x00, 0x00, 0x00, 0x00, 0x00, 0x00,
     0x00, 0x00, 0x00, 0x00,  0x00, 0x00, 0x00, 0x00, 0x00, 0x00, 0x00, 0x00,  0x00, 0x00, 0x00, 0x00,
     0x00, 0x00, 0x00, 0x00, 0x00, 0x00, 0x00, 0x00,  0x00, 0x00, 0x00, 0x00,  0x00, 0x00, 0x00, 0x00,
    0x00, 0x00, 0x00, 0x00,  0x00, 0x00, 0x00, 0x00,  0x00, 0x00, 0x00, 0x00, 0x00, 0x00, 0x00, 0x00,
     0x00, 0x00, 0x00, 0x00,  0x00, 0x00, 0x00, 0x00, 0x00, 0x00, 0x00, 0x00, 0x00, 0x00, 0x00, 0x00,
    0x00, 0x00, 0x00, 0x00, 0x00, 0x00, 0x00, 0x00, 0x00, 0x00, 0x00, 0x00, 0x00, 0x00, 0x00, 0x00
};

unsigned char menuParseKeywords[416] = {
     0x00, 0x00, 0x00, 0x00,  0x00, 0x00, 0x00, 0x00, 0x00, 0x00, 0x00, 0x00,  0x00, 0x00, 0x00, 0x00,
     0x00, 0x00, 0x00, 0x00, 0x00, 0x00, 0x00, 0x00,  0x00, 0x00, 0x00, 0x00,  0x00, 0x00, 0x00, 0x00,
    0x00, 0x00, 0x00, 0x00,  0x00, 0x00, 0x00, 0x00,  0x00, 0x00, 0x00, 0x00, 0x00, 0x00, 0x00, 0x00,
     0x00, 0x00, 0x00, 0x00,  0x00, 0x00, 0x00, 0x00, 0x00, 0x00, 0x00, 0x00,  0x00, 0x00, 0x00, 0x00,
     0x00, 0x00, 0x00, 0x00, 0x00, 0x00, 0x00, 0x00,  0x00, 0x00, 0x00, 0x00,  0x00, 0x00, 0x00, 0x00,
    0x00, 0x00, 0x00, 0x00,  0x00, 0x00, 0x00, 0x00,  0x00, 0x00, 0x00, 0x00, 0x00, 0x00, 0x00, 0x00,
     0x00, 0x00, 0x00, 0x00,  0x00, 0x00, 0x00, 0x00, 0x00, 0x00, 0x00, 0x00,  0x00, 0x00, 0x00, 0x00,
     0x00, 0x00, 0x00, 0x00, 0x00, 0x00, 0x00, 0x00,  0x00, 0x00, 0x00, 0x00,  0x00, 0x00, 0x00, 0x00,
    0x00, 0x00, 0x00, 0x00,  0x00, 0x00, 0x00, 0x00,  0x00, 0x00, 0x00, 0x00, 0x00, 0x00, 0x00, 0x00,
     0x00, 0x00, 0x00, 0x00,  0x00, 0x00, 0x00, 0x00, 0x00, 0x00, 0x00, 0x00,  0x00, 0x00, 0x00, 0x00,
     0x00, 0x00, 0x00, 0x00, 0x00, 0x00, 0x00, 0x00,  0x00, 0x00, 0x00, 0x00,  0x00, 0x00, 0x00, 0x00,
    0x00, 0x00, 0x00, 0x00,  0x00, 0x00, 0x00, 0x00,  0x00, 0x00, 0x00, 0x00, 0x00, 0x00, 0x00, 0x00,
     0x00, 0x00, 0x00, 0x00,  0x00, 0x00, 0x00, 0x00, 0x00, 0x00, 0x00, 0x00,  0x00, 0x00, 0x00, 0x00,
     0x00, 0x00, 0x00, 0x00, 0x00, 0x00, 0x00, 0x00,  0x00, 0x00, 0x00, 0x00,  0x00, 0x00, 0x00, 0x00,
    0x00, 0x00, 0x00, 0x00,  0x00, 0x00, 0x00, 0x00,  0x00, 0x00, 0x00, 0x00, 0x00, 0x00, 0x00, 0x00,
     0x00, 0x00, 0x00, 0x00,  0x00, 0x00, 0x00, 0x00, 0x00, 0x00, 0x00, 0x00,  0x00, 0x00, 0x00, 0x00,
     0x00, 0x00, 0x00, 0x00, 0x00, 0x00, 0x00, 0x00,  0x00, 0x00, 0x00, 0x00,  0x00, 0x00, 0x00, 0x00,
    0x00, 0x00, 0x00, 0x00,  0x00, 0x00, 0x00, 0x00,  0x00, 0x00, 0x00, 0x00, 0x00, 0x00, 0x00, 0x00,
     0x00, 0x00, 0x00, 0x00,  0x00, 0x00, 0x00, 0x00, 0x00, 0x00, 0x00, 0x00,  0x00, 0x00, 0x00, 0x00,
     0x00, 0x00, 0x00, 0x00, 0x00, 0x00, 0x00, 0x00,  0x00, 0x00, 0x00, 0x00,  0x00, 0x00, 0x00, 0x00,
    0x00, 0x00, 0x00, 0x00,  0x00, 0x00, 0x00, 0x00,  0x00, 0x00, 0x00, 0x00, 0x00, 0x00, 0x00, 0x00,
     0x00, 0x00, 0x00, 0x00,  0x00, 0x00, 0x00, 0x00, 0x00, 0x00, 0x00, 0x00,  0x00, 0x00, 0x00, 0x00,
     0x00, 0x00, 0x00, 0x00, 0x00, 0x00, 0x00, 0x00,  0x00, 0x00, 0x00, 0x00,  0x00, 0x00, 0x00, 0x00,
    0x00, 0x00, 0x00, 0x00,  0x00, 0x00, 0x00, 0x00,  0x00, 0x00, 0x00, 0x00, 0x00, 0x00, 0x00, 0x00,
    0x00, 0x00, 0x00, 0x00, 0x00, 0x00, 0x00, 0x00, 0x00, 0x00, 0x00, 0x00, 0x00, 0x00, 0x00, 0x00,
    0x00, 0x00, 0x00, 0x00, 0x00, 0x00, 0x00, 0x00, 0x00, 0x00, 0x00, 0x00, 0x00, 0x00, 0x00, 0x00
};

unsigned char entityHandlers[800] = {
    0x00, 0x00, 0x00, 0x00, 0x00, 0x00, 0x00, 0x00, 0x00, 0x00, 0x00, 0x00, 0x00, 0x00, 0x00, 0x00,
    0x00, 0x00, 0x00, 0x00, 0x00, 0x00, 0x00, 0x00, 0x00, 0x00, 0x00, 0x00, 0x00, 0x00, 0x00, 0x00,
    0x00, 0x00, 0x00, 0x00, 0x00, 0x00, 0x00, 0x00, 0x00, 0x00, 0x00, 0x00, 0x00, 0x00, 0x00, 0x00,
    0x00, 0x00, 0x00, 0x00,  0x00, 0x00, 0x00, 0x00, 0x00, 0x00, 0x00, 0x00, 0x00, 0x00, 0x00, 0x00,
    0x00, 0x00, 0x00, 0x00, 0x00, 0x00, 0x00, 0x00, 0x00, 0x00, 0x00, 0x00, 0x00, 0x00, 0x00, 0x00,
    0x00, 0x00, 0x00, 0x00, 0x00, 0x00, 0x00, 0x00, 0x00, 0x00, 0x00, 0x00, 0x00, 0x00, 0x00, 0x00,
     0x00, 0x00, 0x00, 0x00, 0x00, 0x00, 0x00, 0x00, 0x00, 0x00, 0x00, 0x00, 0x00, 0x00, 0x00, 0x00,
    0x00, 0x00, 0x00, 0x00, 0x00, 0x00, 0x00, 0x00, 0x00, 0x00, 0x00, 0x00, 0x00, 0x00, 0x00, 0x00,
    0x00, 0x00, 0x00, 0x00,  0x00, 0x00, 0x00, 0x00,  0x00, 0x00, 0x00, 0x00, 0x00, 0x00, 0x00, 0x00,
    0x00, 0x00, 0x00, 0x00, 0x00, 0x00, 0x00, 0x00, 0x00, 0x00, 0x00, 0x00, 0x00, 0x00, 0x00, 0x00,
    0x00, 0x00, 0x00, 0x00, 0x00, 0x00, 0x00, 0x00, 0x00, 0x00, 0x00, 0x00, 0x00, 0x00, 0x00, 0x00,
     0x00, 0x00, 0x00, 0x00,  0x00, 0x00, 0x00, 0x00,  0x00, 0x00, 0x00, 0x00, 0x00, 0x00, 0x00, 0x00,
    0x00, 0x00, 0x00, 0x00, 0x00, 0x00, 0x00, 0x00, 0x00, 0x00, 0x00, 0x00,  0x00, 0x00, 0x00, 0x00,
    0x00, 0x00, 0x00, 0x00, 0x00, 0x00, 0x00, 0x00, 0x00, 0x00, 0x00, 0x00, 0x00, 0x00, 0x00, 0x00,
    0x00, 0x00, 0x00, 0x00, 0x00, 0x00, 0x00, 0x00, 0x00, 0x00, 0x00, 0x00, 0x00, 0x00, 0x00, 0x00,
    0x00, 0x00, 0x00, 0x00,  0x00, 0x00, 0x00, 0x00, 0x00, 0x00, 0x00, 0x00, 0x00, 0x00, 0x00, 0x00,
    0x00, 0x00, 0x00, 0x00, 0x00, 0x00, 0x00, 0x00, 0x00, 0x00, 0x00, 0x00, 0x00, 0x00, 0x00, 0x00,
    0x00, 0x00, 0x00, 0x00, 0x00, 0x00, 0x00, 0x00,  0x00, 0x00, 0x00, 0x00, 0x00, 0x00, 0x00, 0x00,
    0x00, 0x00, 0x00, 0x00, 0x00, 0x00, 0x00, 0x00, 0x00, 0x00, 0x00, 0x00, 0x00, 0x00, 0x00, 0x00,
    0x00, 0x00, 0x00, 0x00, 0x00, 0x00, 0x00, 0x00, 0x03, 0x00, 0x00, 0x00, 0x04, 0x00, 0x00, 0x00,
     0x00, 0x00, 0x00, 0x00, 0x00, 0x00, 0x00, 0x00, 0x00, 0x00, 0x00, 0x00, 0x00, 0x00, 0x00, 0x00,
    0x00, 0x00, 0x00, 0x00, 0x00, 0x00, 0x00, 0x00, 0x00, 0x00, 0x00, 0x00, 0x00, 0x00, 0x00, 0x00,
    0x05, 0x00, 0x00, 0x00, 0x06, 0x00, 0x00, 0x00, 0x00, 0x00, 0x00, 0x00, 0x00, 0x00, 0x00, 0x00,
    0x00, 0x00, 0x00, 0x00, 0x00, 0x00, 0x00, 0x00, 0x00, 0x00, 0x00, 0x00, 0x00, 0x00, 0x00, 0x00,
     0x00, 0x00, 0x00, 0x00,  0x00, 0x00, 0x00, 0x00, 0x00, 0x00, 0x00, 0x00, 0x00, 0x00, 0x00, 0x00,
    0x00, 0x00, 0x00, 0x00, 0x00, 0x00, 0x00, 0x00, 0x00, 0x00, 0x00, 0x00, 0x00, 0x00, 0x00, 0x00,
    0x00, 0x00, 0x00, 0x00, 0x00, 0x00, 0x00, 0x00,  0x00, 0x00, 0x00, 0x00, 0x00, 0x00, 0x00, 0x00,
    0x00, 0x00, 0x00, 0x00, 0x00, 0x00, 0x00, 0x00, 0x00, 0x00, 0x00, 0x00, 0x00, 0x00, 0x00, 0x00,
    0x00, 0x00, 0x00, 0x00, 0x00, 0x00, 0x00, 0x00, 0x00, 0x00, 0x00, 0x00, 0x00, 0x00, 0x00, 0x00,
    0x00, 0x00, 0x00, 0x00,  0x00, 0x00, 0x00, 0x00, 0x00, 0x00, 0x00, 0x00, 0x00, 0x00, 0x00, 0x00,
     0x00, 0x00, 0x00, 0x00, 0x00, 0x00, 0x00, 0x00, 0x00, 0x00, 0x00, 0x00, 0x00, 0x00, 0x00, 0x00,
    0x00, 0x00, 0x00, 0x00, 0x00, 0x00, 0x00, 0x00, 0x00, 0x00, 0x00, 0x00, 0x00, 0x00, 0x00, 0x00,
    0x00, 0x00, 0x00, 0x00, 0x00, 0x00, 0x00, 0x00,  0x00, 0x00, 0x00, 0x00, 0x00, 0x00, 0x00, 0x00,
    0x00, 0x00, 0x00, 0x00, 0x00, 0x00, 0x00, 0x00,  0x00, 0x00, 0x00, 0x00, 0x00, 0x00, 0x00, 0x00,
    0x00, 0x00, 0x00, 0x00,  0x00, 0x00, 0x00, 0x00, 0x00, 0x00, 0x00, 0x00, 0x00, 0x00, 0x00, 0x00,
     0x00, 0x00, 0x00, 0x00, 0x00, 0x00, 0x00, 0x00, 0x00, 0x00, 0x00, 0x00, 0x00, 0x00, 0x00, 0x00,
     0x00, 0x00, 0x00, 0x00, 0x00, 0x00, 0x00, 0x00, 0x00, 0x00, 0x00, 0x00,  0x00, 0x00, 0x00, 0x00,
    0x00, 0x00, 0x00, 0x00, 0x00, 0x00, 0x00, 0x00,  0x00, 0x00, 0x00, 0x00, 0x00, 0x00, 0x00, 0x00,
    0x00, 0x00, 0x00, 0x00,  0x00, 0x00, 0x00, 0x00, 0x00, 0x00, 0x00, 0x00, 0x00, 0x00, 0x00, 0x00,
    0x00, 0x00, 0x00, 0x00, 0x00, 0x00, 0x00, 0x00, 0x00, 0x00, 0x00, 0x00, 0x00, 0x00, 0x00, 0x00,
     0x00, 0x00, 0x00, 0x00, 0x00, 0x00, 0x00, 0x00, 0x00, 0x00, 0x00, 0x00,  0x00, 0x00, 0x00, 0x00,
    0x00, 0x00, 0x00, 0x00, 0x00, 0x00, 0x00, 0x00, 0x00, 0x00, 0x00, 0x00, 0x00, 0x00, 0x00, 0x00,
    0x00, 0x00, 0x00, 0x00, 0x00, 0x00, 0x00, 0x00, 0x00, 0x00, 0x00, 0x00, 0x00, 0x00, 0x00, 0x00,
    0x00, 0x00, 0x00, 0x00,  0x00, 0x00, 0x00, 0x00, 0x00, 0x00, 0x00, 0x00, 0x00, 0x00, 0x00, 0x00,
    0x00, 0x00, 0x00, 0x00, 0x00, 0x00, 0x00, 0x00, 0x00, 0x00, 0x00, 0x00, 0x00, 0x00, 0x00, 0x00,
    0x00, 0x00, 0x00, 0x00, 0x00, 0x00, 0x00, 0x00, 0x00, 0x00, 0x00, 0x00, 0x00, 0x00, 0x00, 0x00,
     0x00, 0x00, 0x00, 0x00, 0x00, 0x00, 0x00, 0x00, 0x00, 0x00, 0x00, 0x00, 0x00, 0x00, 0x00, 0x00,
    0x00, 0x00, 0x00, 0x00, 0x00, 0x00, 0x00, 0x00,  0x00, 0x00, 0x00, 0x00, 0x00, 0x00, 0x00, 0x00,
    0x00, 0x00, 0x00, 0x00, 0x00, 0x00, 0x00, 0x00, 0x00, 0x00, 0x00, 0x00, 0x00, 0x00, 0x00, 0x00,
    0x00, 0x00, 0x00, 0x00, 0x00, 0x00, 0x00, 0x00, 0x00, 0x00, 0x00, 0x00, 0x00, 0x00, 0x00, 0x00
};

const char *g_he_vertalign[] = {
    "subtop",
    "top",
    "middle",
    "bottom",
    "fullscreen",
    "noscale",
    "alignto480",
    "center_safearea"
};

const char *g_he_horzalign[] = {
    "subleft",
    "left",
    "center",
    "right",
    "fullscreen",
    "noscale",
    "alignto640",
    "center_safearea"
};

const char *g_he_aligny[] = {
    "top",
    "middle",
    "bottom"
};

const char *g_he_alignx[] = {
    "left",
    "center",
    "right"
};

unsigned char g_he_font[40] = {
     0x00, 0x00, 0x00, 0x00,  0x00, 0x00, 0x00, 0x00,  0x00, 0x00, 0x00, 0x00, 0x00, 0x00, 0x00, 0x00,
    0x00, 0x00, 0x00, 0x00, 0x00, 0x00, 0x00, 0x00, 0x00, 0x00, 0x00, 0x00, 0x00, 0x00, 0x00, 0x00,
    0x00, 0x00, 0x00, 0x00, 0x00, 0x00, 0x00, 0x00
};

unsigned char offhandStrings[32] = {
     0x00, 0x00, 0x00, 0x00,  0x00, 0x00, 0x00, 0x00,  0x00, 0x00, 0x00, 0x00, 0x00, 0x00, 0x00, 0x00,
    0x00, 0x00, 0x00, 0x00, 0x00, 0x00, 0x00, 0x00, 0x00, 0x00, 0x00, 0x00, 0x00, 0x00, 0x00, 0x00
};

unsigned char hintStrings[32] = {
     0x00, 0x00, 0x00, 0x00,  0x00, 0x00, 0x00, 0x00,  0x00, 0x00, 0x00, 0x00,  0x00, 0x00, 0x00, 0x00,
     0x00, 0x00, 0x00, 0x00, 0x00, 0x00, 0x00, 0x00, 0x00, 0x00, 0x00, 0x00, 0x00, 0x00, 0x00, 0x00
};

unsigned char actorLocationalMaxs[12] = {
    0x00, 0x00, 0x80, 0x42, 0x00, 0x00, 0x80, 0x42, 0x00, 0x00, 0x90, 0x42
};

unsigned char actorLocationalMins[20] = {
    0x00, 0x00, 0x80, 0xc2, 0x00, 0x00, 0x80, 0xc2, 0x00, 0x00, 0x00, 0xc2, 0x00, 0x00, 0x00, 0x00,
    0x00, 0x00, 0x00, 0x00
};

const char *modNames[] = {
    "MOD_UNKNOWN",
    "MOD_PISTOL_BULLET",
    "MOD_RIFLE_BULLET",
    "MOD_GRENADE",
    "MOD_GRENADE_SPLASH",
    "MOD_PROJECTILE",
    "MOD_PROJECTILE_SPLASH",
    "MOD_MELEE",
    "MOD_HEAD_SHOT",
    "MOD_CRUSH",
    "MOD_TELEFRAG",
    "MOD_FALLING",
    "MOD_SUICIDE",
    "MOD_TRIGGER_HURT",
    "MOD_EXPLOSIVE"
};

unsigned char riflePriorityMap[19] = {
    0x01, 0x09, 0x09, 0x09, 0x08, 0x07, 0x06, 0x06, 0x06, 0x06, 0x05, 0x05, 0x04, 0x04, 0x04, 0x04,
    0x03, 0x03, 0x00
};

unsigned char bulletPriorityMap[49] = {
    0x01, 0x03, 0x03, 0x03, 0x03, 0x03, 0x03, 0x03, 0x03, 0x03, 0x03, 0x03, 0x03, 0x03, 0x03, 0x03,
    0x03, 0x03, 0x00, 0x00, 0x00, 0x00, 0x00, 0x00, 0x00, 0x00, 0x00, 0x00, 0x00, 0x00, 0x00, 0x00,
    0x00, 0x00, 0x00, 0x00, 0x00, 0x00, 0x00, 0x00, 0x00, 0x00, 0x00, 0x00, 0x00, 0x00, 0x00, 0x00,
    0x00
};

unsigned char g_HitLocNames[96] = {
     0x00, 0x00, 0x00, 0x00,  0x00, 0x00, 0x00, 0x00,  0x00, 0x00, 0x00, 0x00,  0x00, 0x00, 0x00, 0x00,
     0x00, 0x00, 0x00, 0x00,  0x00, 0x00, 0x00, 0x00,  0x00, 0x00, 0x00, 0x00,  0x00, 0x00, 0x00, 0x00,
     0x00, 0x00, 0x00, 0x00,  0x00, 0x00, 0x00, 0x00,  0x00, 0x00, 0x00, 0x00,  0x00, 0x00, 0x00, 0x00,
     0x00, 0x00, 0x00, 0x00,  0x00, 0x00, 0x00, 0x00,  0x00, 0x00, 0x00, 0x00,  0x00, 0x00, 0x00, 0x00,
     0x00, 0x00, 0x00, 0x00,  0x00, 0x00, 0x00, 0x00,  0x00, 0x00, 0x00, 0x00, 0x00, 0x00, 0x00, 0x00,
    0x00, 0x00, 0x00, 0x00, 0x00, 0x00, 0x00, 0x00, 0x00, 0x00, 0x00, 0x00, 0x00, 0x00, 0x00, 0x00
};

unsigned char lastLeadTeam[32] = {
    0x02, 0x00, 0x00, 0x00, 0x00, 0x00, 0x00, 0x00, 0x00, 0x00, 0x00, 0x00, 0x00, 0x00, 0x00, 0x00,
    0x00, 0x00, 0x00, 0x00, 0x00, 0x00, 0x00, 0x00, 0x00, 0x00, 0x00, 0x00, 0x00, 0x00, 0x00, 0x00
};

unsigned char maxs[12] = {
    0x00, 0x00, 0x80, 0x40, 0x00, 0x00, 0x80, 0x40, 0x00, 0x00, 0x80, 0x40
};

unsigned char mins[20] = {
    0x00, 0x00, 0x80, 0xc0, 0x00, 0x00, 0x80, 0xc0, 0x00, 0x00, 0x80, 0xc0, 0x00, 0x00, 0x00, 0x00,
    0x00, 0x00, 0x00, 0x00
};

unsigned char svc_strings[1024] = {
     0x00, 0x00, 0x00, 0x00,  0x00, 0x00, 0x00, 0x00,  0x00, 0x00, 0x00, 0x00,  0x00, 0x00, 0x00, 0x00,
     0x00, 0x00, 0x00, 0x00,  0x00, 0x00, 0x00, 0x00,  0x00, 0x00, 0x00, 0x00,  0x00, 0x00, 0x00, 0x00,
    0x00, 0x00, 0x00, 0x00, 0x00, 0x00, 0x00, 0x00, 0x00, 0x00, 0x00, 0x00, 0x00, 0x00, 0x00, 0x00,
    0x00, 0x00, 0x00, 0x00, 0x00, 0x00, 0x00, 0x00, 0x00, 0x00, 0x00, 0x00, 0x00, 0x00, 0x00, 0x00,
    0x00, 0x00, 0x00, 0x00, 0x00, 0x00, 0x00, 0x00, 0x00, 0x00, 0x00, 0x00, 0x00, 0x00, 0x00, 0x00,
    0x00, 0x00, 0x00, 0x00, 0x00, 0x00, 0x00, 0x00, 0x00, 0x00, 0x00, 0x00, 0x00, 0x00, 0x00, 0x00,
    0x00, 0x00, 0x00, 0x00, 0x00, 0x00, 0x00, 0x00, 0x00, 0x00, 0x00, 0x00, 0x00, 0x00, 0x00, 0x00,
    0x00, 0x00, 0x00, 0x00, 0x00, 0x00, 0x00, 0x00, 0x00, 0x00, 0x00, 0x00, 0x00, 0x00, 0x00, 0x00,
    0x00, 0x00, 0x00, 0x00, 0x00, 0x00, 0x00, 0x00, 0x00, 0x00, 0x00, 0x00, 0x00, 0x00, 0x00, 0x00,
    0x00, 0x00, 0x00, 0x00, 0x00, 0x00, 0x00, 0x00, 0x00, 0x00, 0x00, 0x00, 0x00, 0x00, 0x00, 0x00,
    0x00, 0x00, 0x00, 0x00, 0x00, 0x00, 0x00, 0x00, 0x00, 0x00, 0x00, 0x00, 0x00, 0x00, 0x00, 0x00,
    0x00, 0x00, 0x00, 0x00, 0x00, 0x00, 0x00, 0x00, 0x00, 0x00, 0x00, 0x00, 0x00, 0x00, 0x00, 0x00,
    0x00, 0x00, 0x00, 0x00, 0x00, 0x00, 0x00, 0x00, 0x00, 0x00, 0x00, 0x00, 0x00, 0x00, 0x00, 0x00,
    0x00, 0x00, 0x00, 0x00, 0x00, 0x00, 0x00, 0x00, 0x00, 0x00, 0x00, 0x00, 0x00, 0x00, 0x00, 0x00,
    0x00, 0x00, 0x00, 0x00, 0x00, 0x00, 0x00, 0x00, 0x00, 0x00, 0x00, 0x00, 0x00, 0x00, 0x00, 0x00,
    0x00, 0x00, 0x00, 0x00, 0x00, 0x00, 0x00, 0x00, 0x00, 0x00, 0x00, 0x00, 0x00, 0x00, 0x00, 0x00,
    0x00, 0x00, 0x00, 0x00, 0x00, 0x00, 0x00, 0x00, 0x00, 0x00, 0x00, 0x00, 0x00, 0x00, 0x00, 0x00,
    0x00, 0x00, 0x00, 0x00, 0x00, 0x00, 0x00, 0x00, 0x00, 0x00, 0x00, 0x00, 0x00, 0x00, 0x00, 0x00,
    0x00, 0x00, 0x00, 0x00, 0x00, 0x00, 0x00, 0x00, 0x00, 0x00, 0x00, 0x00, 0x00, 0x00, 0x00, 0x00,
    0x00, 0x00, 0x00, 0x00, 0x00, 0x00, 0x00, 0x00, 0x00, 0x00, 0x00, 0x00, 0x00, 0x00, 0x00, 0x00,
    0x00, 0x00, 0x00, 0x00, 0x00, 0x00, 0x00, 0x00, 0x00, 0x00, 0x00, 0x00, 0x00, 0x00, 0x00, 0x00,
    0x00, 0x00, 0x00, 0x00, 0x00, 0x00, 0x00, 0x00, 0x00, 0x00, 0x00, 0x00, 0x00, 0x00, 0x00, 0x00,
    0x00, 0x00, 0x00, 0x00, 0x00, 0x00, 0x00, 0x00, 0x00, 0x00, 0x00, 0x00, 0x00, 0x00, 0x00, 0x00,
    0x00, 0x00, 0x00, 0x00, 0x00, 0x00, 0x00, 0x00, 0x00, 0x00, 0x00, 0x00, 0x00, 0x00, 0x00, 0x00,
    0x00, 0x00, 0x00, 0x00, 0x00, 0x00, 0x00, 0x00, 0x00, 0x00, 0x00, 0x00, 0x00, 0x00, 0x00, 0x00,
    0x00, 0x00, 0x00, 0x00, 0x00, 0x00, 0x00, 0x00, 0x00, 0x00, 0x00, 0x00, 0x00, 0x00, 0x00, 0x00,
    0x00, 0x00, 0x00, 0x00, 0x00, 0x00, 0x00, 0x00, 0x00, 0x00, 0x00, 0x00, 0x00, 0x00, 0x00, 0x00,
    0x00, 0x00, 0x00, 0x00, 0x00, 0x00, 0x00, 0x00, 0x00, 0x00, 0x00, 0x00, 0x00, 0x00, 0x00, 0x00,
    0x00, 0x00, 0x00, 0x00, 0x00, 0x00, 0x00, 0x00, 0x00, 0x00, 0x00, 0x00, 0x00, 0x00, 0x00, 0x00,
    0x00, 0x00, 0x00, 0x00, 0x00, 0x00, 0x00, 0x00, 0x00, 0x00, 0x00, 0x00, 0x00, 0x00, 0x00, 0x00,
    0x00, 0x00, 0x00, 0x00, 0x00, 0x00, 0x00, 0x00, 0x00, 0x00, 0x00, 0x00, 0x00, 0x00, 0x00, 0x00,
    0x00, 0x00, 0x00, 0x00, 0x00, 0x00, 0x00, 0x00, 0x00, 0x00, 0x00, 0x00, 0x00, 0x00, 0x00, 0x00,
    0x00, 0x00, 0x00, 0x00, 0x00, 0x00, 0x00, 0x00, 0x00, 0x00, 0x00, 0x00, 0x00, 0x00, 0x00, 0x00,
    0x00, 0x00, 0x00, 0x00, 0x00, 0x00, 0x00, 0x00, 0x00, 0x00, 0x00, 0x00, 0x00, 0x00, 0x00, 0x00,
    0x00, 0x00, 0x00, 0x00, 0x00, 0x00, 0x00, 0x00, 0x00, 0x00, 0x00, 0x00, 0x00, 0x00, 0x00, 0x00,
    0x00, 0x00, 0x00, 0x00, 0x00, 0x00, 0x00, 0x00, 0x00, 0x00, 0x00, 0x00, 0x00, 0x00, 0x00, 0x00,
    0x00, 0x00, 0x00, 0x00, 0x00, 0x00, 0x00, 0x00, 0x00, 0x00, 0x00, 0x00, 0x00, 0x00, 0x00, 0x00,
    0x00, 0x00, 0x00, 0x00, 0x00, 0x00, 0x00, 0x00, 0x00, 0x00, 0x00, 0x00, 0x00, 0x00, 0x00, 0x00,
    0x00, 0x00, 0x00, 0x00, 0x00, 0x00, 0x00, 0x00, 0x00, 0x00, 0x00, 0x00, 0x00, 0x00, 0x00, 0x00,
    0x00, 0x00, 0x00, 0x00, 0x00, 0x00, 0x00, 0x00, 0x00, 0x00, 0x00, 0x00, 0x00, 0x00, 0x00, 0x00,
    0x00, 0x00, 0x00, 0x00, 0x00, 0x00, 0x00, 0x00, 0x00, 0x00, 0x00, 0x00, 0x00, 0x00, 0x00, 0x00,
    0x00, 0x00, 0x00, 0x00, 0x00, 0x00, 0x00, 0x00, 0x00, 0x00, 0x00, 0x00, 0x00, 0x00, 0x00, 0x00,
    0x00, 0x00, 0x00, 0x00, 0x00, 0x00, 0x00, 0x00, 0x00, 0x00, 0x00, 0x00, 0x00, 0x00, 0x00, 0x00,
    0x00, 0x00, 0x00, 0x00, 0x00, 0x00, 0x00, 0x00, 0x00, 0x00, 0x00, 0x00, 0x00, 0x00, 0x00, 0x00,
    0x00, 0x00, 0x00, 0x00, 0x00, 0x00, 0x00, 0x00, 0x00, 0x00, 0x00, 0x00, 0x00, 0x00, 0x00, 0x00,
    0x00, 0x00, 0x00, 0x00, 0x00, 0x00, 0x00, 0x00, 0x00, 0x00, 0x00, 0x00, 0x00, 0x00, 0x00, 0x00,
    0x00, 0x00, 0x00, 0x00, 0x00, 0x00, 0x00, 0x00, 0x00, 0x00, 0x00, 0x00, 0x00, 0x00, 0x00, 0x00,
    0x00, 0x00, 0x00, 0x00, 0x00, 0x00, 0x00, 0x00, 0x00, 0x00, 0x00, 0x00, 0x00, 0x00, 0x00, 0x00,
    0x00, 0x00, 0x00, 0x00, 0x00, 0x00, 0x00, 0x00, 0x00, 0x00, 0x00, 0x00, 0x00, 0x00, 0x00, 0x00,
    0x00, 0x00, 0x00, 0x00, 0x00, 0x00, 0x00, 0x00, 0x00, 0x00, 0x00, 0x00, 0x00, 0x00, 0x00, 0x00,
    0x00, 0x00, 0x00, 0x00, 0x00, 0x00, 0x00, 0x00, 0x00, 0x00, 0x00, 0x00, 0x00, 0x00, 0x00, 0x00,
    0x00, 0x00, 0x00, 0x00, 0x00, 0x00, 0x00, 0x00, 0x00, 0x00, 0x00, 0x00, 0x00, 0x00, 0x00, 0x00,
    0x00, 0x00, 0x00, 0x00, 0x00, 0x00, 0x00, 0x00, 0x00, 0x00, 0x00, 0x00, 0x00, 0x00, 0x00, 0x00,
    0x00, 0x00, 0x00, 0x00, 0x00, 0x00, 0x00, 0x00, 0x00, 0x00, 0x00, 0x00, 0x00, 0x00, 0x00, 0x00,
    0x00, 0x00, 0x00, 0x00, 0x00, 0x00, 0x00, 0x00, 0x00, 0x00, 0x00, 0x00, 0x00, 0x00, 0x00, 0x00,
    0x00, 0x00, 0x00, 0x00, 0x00, 0x00, 0x00, 0x00, 0x00, 0x00, 0x00, 0x00, 0x00, 0x00, 0x00, 0x00,
    0x00, 0x00, 0x00, 0x00, 0x00, 0x00, 0x00, 0x00, 0x00, 0x00, 0x00, 0x00, 0x00, 0x00, 0x00, 0x00,
    0x00, 0x00, 0x00, 0x00, 0x00, 0x00, 0x00, 0x00, 0x00, 0x00, 0x00, 0x00, 0x00, 0x00, 0x00, 0x00,
    0x00, 0x00, 0x00, 0x00, 0x00, 0x00, 0x00, 0x00, 0x00, 0x00, 0x00, 0x00, 0x00, 0x00, 0x00, 0x00,
    0x00, 0x00, 0x00, 0x00, 0x00, 0x00, 0x00, 0x00, 0x00, 0x00, 0x00, 0x00, 0x00, 0x00, 0x00, 0x00,
    0x00, 0x00, 0x00, 0x00, 0x00, 0x00, 0x00, 0x00, 0x00, 0x00, 0x00, 0x00, 0x00, 0x00, 0x00, 0x00,
    0x00, 0x00, 0x00, 0x00, 0x00, 0x00, 0x00, 0x00, 0x00, 0x00, 0x00, 0x00, 0x00, 0x00, 0x00, 0x00,
    0x00, 0x00, 0x00, 0x00, 0x00, 0x00, 0x00, 0x00, 0x00, 0x00, 0x00, 0x00, 0x00, 0x00, 0x00, 0x00,
    0x00, 0x00, 0x00, 0x00, 0x00, 0x00, 0x00, 0x00, 0x00, 0x00, 0x00, 0x00, 0x00, 0x00, 0x00, 0x00
};

unsigned char cg_shock_dvar_names[128] = {
     0x00, 0x00, 0x00, 0x00,  0x00, 0x00, 0x00, 0x00,  0x00, 0x00, 0x00, 0x00,  0x00, 0x00, 0x00, 0x00,
     0x00, 0x00, 0x00, 0x00,  0x00, 0x00, 0x00, 0x00,  0x00, 0x00, 0x00, 0x00,  0x00, 0x00, 0x00, 0x00,
     0x00, 0x00, 0x00, 0x00,  0x00, 0x00, 0x00, 0x00,  0x00, 0x00, 0x00, 0x00,  0x00, 0x00, 0x00, 0x00,
     0x00, 0x00, 0x00, 0x00,  0x00, 0x00, 0x00, 0x00,  0x00, 0x00, 0x00, 0x00,  0x00, 0x00, 0x00, 0x00,
     0x00, 0x00, 0x00, 0x00,  0x00, 0x00, 0x00, 0x00,  0x00, 0x00, 0x00, 0x00,  0x00, 0x00, 0x00, 0x00,
     0x00, 0x00, 0x00, 0x00,  0x00, 0x00, 0x00, 0x00,  0x00, 0x00, 0x00, 0x00,  0x00, 0x00, 0x00, 0x00,
     0x00, 0x00, 0x00, 0x00,  0x00, 0x00, 0x00, 0x00,  0x00, 0x00, 0x00, 0x00,  0x00, 0x00, 0x00, 0x00,
     0x00, 0x00, 0x00, 0x00, 0x00, 0x00, 0x00, 0x00, 0x00, 0x00, 0x00, 0x00, 0x00, 0x00, 0x00, 0x00
};

unsigned char s_barrelTags[32] = {
     0x00, 0x00, 0x00, 0x00,  0x00, 0x00, 0x00, 0x00,  0x00, 0x00, 0x00, 0x00,  0x00, 0x00, 0x00, 0x00,
    0x00, 0x00, 0x00, 0x00, 0x00, 0x00, 0x00, 0x00, 0x00, 0x00, 0x00, 0x00, 0x00, 0x00, 0x00, 0x00
};

/* Keep in sync with src/blobs/data.S / build/web_gen/data.c WASM fix. */
extern unsigned char cg_eachClientActiveLocalEntities[];
extern unsigned char cg_eachClientLocalEntities[];
void *cg_activeLocalEntities = cg_eachClientActiveLocalEntities;
void *cg_localEntities[7] = {
    cg_eachClientLocalEntities,
    0, 0, 0, 0, 0, 0
};

unsigned char accuracyDirName[36] = {
     0x00, 0x00, 0x00, 0x00,  0x00, 0x00, 0x00, 0x00, 0x00, 0x00, 0x00, 0x00, 0x00, 0x00, 0x00, 0x00,
    0x00, 0x00, 0x00, 0x00, 0x00, 0x00, 0x00, 0x00, 0x00, 0x00, 0x00, 0x00, 0x00, 0x00, 0x00, 0x00,
    0x00, 0x00, 0x00, 0x00
};

char sampleCount[8] = {0};

char g_voice_initialized[4] = {0};

unsigned char voice_current_scaler[20] = {
    0x00, 0x00, 0x80, 0x3f, 0x00, 0x00, 0x00, 0x00, 0x00, 0x00, 0x00, 0x00, 0x00, 0x00, 0x00, 0x00,
    0x00, 0x00, 0x00, 0x00
};

char samples_in_partial_audio_buffer[4] = {0};

char enc_buffer_pos[24] = {0};

char g_current_decode_bandwidth_setting[4] = {0};

char g_decoder[28] = {0};

char g_speex_initialized[4] = {0};

char g_frame_size[4] = {0};

char g_current_bandwidth_setting[4] = {0};

unsigned char g_encoder_samplerate[4] = {
     0x00, 0x00, 0x00, 0x00
};

unsigned char g_encoder_quality[16] = {
    0x01, 0x00, 0x00, 0x00, 0x00, 0x00, 0x00, 0x00, 0x00, 0x00, 0x00, 0x00, 0x00, 0x00, 0x00, 0x00
};

static char g_currently_recording[1] = {0};

static char g_recording_initialized[3] = {0};

unsigned char g_sound_channels[4] = {
    0x01, 0x00, 0x00, 0x00
};

unsigned char g_sound_recordVolume[4] = {
    0xff, 0x00, 0x00, 0x00
};

unsigned char g_sound_recordFrequency[20] = {
     0x00, 0x00, 0x00, 0x00, 0x00, 0x00, 0x00, 0x00, 0x00, 0x00, 0x00, 0x00, 0x00, 0x00, 0x00, 0x00,
    0x00, 0x00, 0x00, 0x00
};

unsigned char inflate_mask[96] = {
    0x00, 0x00, 0x00, 0x00, 0x01, 0x00, 0x00, 0x00, 0x03, 0x00, 0x00, 0x00, 0x07, 0x00, 0x00, 0x00,
    0x0f, 0x00, 0x00, 0x00, 0x1f, 0x00, 0x00, 0x00, 0x3f, 0x00, 0x00, 0x00, 0x7f, 0x00, 0x00, 0x00,
    0xff, 0x00, 0x00, 0x00, 0xff, 0x01, 0x00, 0x00, 0xff, 0x03, 0x00, 0x00, 0xff, 0x07, 0x00, 0x00,
    0xff, 0x0f, 0x00, 0x00,  0x00, 0x00, 0x00, 0x00,  0x00, 0x00, 0x00, 0x00,  0x00, 0x00, 0x00, 0x00,
     0x00, 0x00, 0x00, 0x00, 0x00, 0x00, 0x00, 0x00, 0x00, 0x00, 0x00, 0x00, 0x00, 0x00, 0x00, 0x00,
    0x00, 0x00, 0x00, 0x00, 0x00, 0x00, 0x00, 0x00, 0x00, 0x00, 0x00, 0x00, 0x00, 0x00, 0x00, 0x00
};

unsigned char fixed_td[256] = {
    0x50, 0x05, 0x00, 0x00, 0x01, 0x00, 0x00, 0x00, 0x57, 0x05, 0x00, 0x00, 0x01, 0x01, 0x00, 0x00,
    0x53, 0x05, 0x00, 0x00, 0x11, 0x00, 0x00, 0x00, 0x5b, 0x05, 0x00, 0x00,  0x00, 0x00, 0x00, 0x00,
    0x51, 0x05, 0x00, 0x00, 0x05, 0x00, 0x00, 0x00, 0x59, 0x05, 0x00, 0x00, 0x01, 0x04, 0x00, 0x00,
    0x55, 0x05, 0x00, 0x00, 0x41, 0x00, 0x00, 0x00, 0x5d, 0x05, 0x00, 0x00,  0x00, 0x00, 0x00, 0x00,
    0x50, 0x05, 0x00, 0x00, 0x03, 0x00, 0x00, 0x00, 0x58, 0x05, 0x00, 0x00, 0x01, 0x02, 0x00, 0x00,
    0x54, 0x05, 0x00, 0x00, 0x21, 0x00, 0x00, 0x00, 0x5c, 0x05, 0x00, 0x00,  0x00, 0x00, 0x00, 0x00,
    0x52, 0x05, 0x00, 0x00, 0x09, 0x00, 0x00, 0x00, 0x5a, 0x05, 0x00, 0x00, 0x01, 0x08, 0x00, 0x00,
    0x56, 0x05, 0x00, 0x00, 0x81, 0x00, 0x00, 0x00, 0xc0, 0x05, 0x00, 0x00,  0x00, 0x00, 0x00, 0x00,
    0x50, 0x05, 0x00, 0x00, 0x02, 0x00, 0x00, 0x00, 0x57, 0x05, 0x00, 0x00, 0x81, 0x01, 0x00, 0x00,
    0x53, 0x05, 0x00, 0x00, 0x19, 0x00, 0x00, 0x00, 0x5b, 0x05, 0x00, 0x00,  0x00, 0x00, 0x00, 0x00,
    0x51, 0x05, 0x00, 0x00, 0x07, 0x00, 0x00, 0x00, 0x59, 0x05, 0x00, 0x00, 0x01, 0x06, 0x00, 0x00,
    0x55, 0x05, 0x00, 0x00, 0x61, 0x00, 0x00, 0x00, 0x5d, 0x05, 0x00, 0x00,  0x00, 0x00, 0x00, 0x00,
    0x50, 0x05, 0x00, 0x00, 0x04, 0x00, 0x00, 0x00, 0x58, 0x05, 0x00, 0x00, 0x01, 0x03, 0x00, 0x00,
    0x54, 0x05, 0x00, 0x00, 0x31, 0x00, 0x00, 0x00, 0x5c, 0x05, 0x00, 0x00,  0x00, 0x00, 0x00, 0x00,
    0x52, 0x05, 0x00, 0x00, 0x0d, 0x00, 0x00, 0x00, 0x5a, 0x05, 0x00, 0x00, 0x01, 0x0c, 0x00, 0x00,
    0x56, 0x05, 0x00, 0x00, 0xc1, 0x00, 0x00, 0x00, 0xc0, 0x05, 0x00, 0x00,  0x00, 0x00, 0x00, 0x00
};

unsigned char fixed_tl[4096] = {
    0x60, 0x07, 0x00, 0x00, 0x00, 0x01, 0x00, 0x00, 0x00, 0x08, 0x00, 0x00, 0x50, 0x00, 0x00, 0x00,
    0x00, 0x08, 0x00, 0x00, 0x10, 0x00, 0x00, 0x00, 0x54, 0x08, 0x00, 0x00, 0x73, 0x00, 0x00, 0x00,
    0x52, 0x07, 0x00, 0x00, 0x1f, 0x00, 0x00, 0x00, 0x00, 0x08, 0x00, 0x00, 0x70, 0x00, 0x00, 0x00,
    0x00, 0x08, 0x00, 0x00, 0x30, 0x00, 0x00, 0x00, 0x00, 0x09, 0x00, 0x00, 0xc0, 0x00, 0x00, 0x00,
    0x50, 0x07, 0x00, 0x00, 0x0a, 0x00, 0x00, 0x00, 0x00, 0x08, 0x00, 0x00, 0x60, 0x00, 0x00, 0x00,
    0x00, 0x08, 0x00, 0x00, 0x20, 0x00, 0x00, 0x00, 0x00, 0x09, 0x00, 0x00, 0xa0, 0x00, 0x00, 0x00,
    0x00, 0x08, 0x00, 0x00, 0x00, 0x00, 0x00, 0x00, 0x00, 0x08, 0x00, 0x00, 0x80, 0x00, 0x00, 0x00,
    0x00, 0x08, 0x00, 0x00, 0x40, 0x00, 0x00, 0x00, 0x00, 0x09, 0x00, 0x00, 0xe0, 0x00, 0x00, 0x00,
    0x50, 0x07, 0x00, 0x00, 0x06, 0x00, 0x00, 0x00, 0x00, 0x08, 0x00, 0x00, 0x58, 0x00, 0x00, 0x00,
    0x00, 0x08, 0x00, 0x00, 0x18, 0x00, 0x00, 0x00, 0x00, 0x09, 0x00, 0x00, 0x90, 0x00, 0x00, 0x00,
    0x53, 0x07, 0x00, 0x00, 0x3b, 0x00, 0x00, 0x00, 0x00, 0x08, 0x00, 0x00, 0x78, 0x00, 0x00, 0x00,
    0x00, 0x08, 0x00, 0x00, 0x38, 0x00, 0x00, 0x00, 0x00, 0x09, 0x00, 0x00, 0xd0, 0x00, 0x00, 0x00,
    0x51, 0x07, 0x00, 0x00, 0x11, 0x00, 0x00, 0x00, 0x00, 0x08, 0x00, 0x00, 0x68, 0x00, 0x00, 0x00,
    0x00, 0x08, 0x00, 0x00, 0x28, 0x00, 0x00, 0x00, 0x00, 0x09, 0x00, 0x00, 0xb0, 0x00, 0x00, 0x00,
    0x00, 0x08, 0x00, 0x00, 0x08, 0x00, 0x00, 0x00, 0x00, 0x08, 0x00, 0x00, 0x88, 0x00, 0x00, 0x00,
    0x00, 0x08, 0x00, 0x00, 0x48, 0x00, 0x00, 0x00, 0x00, 0x09, 0x00, 0x00, 0xf0, 0x00, 0x00, 0x00,
    0x50, 0x07, 0x00, 0x00, 0x04, 0x00, 0x00, 0x00, 0x00, 0x08, 0x00, 0x00, 0x54, 0x00, 0x00, 0x00,
    0x00, 0x08, 0x00, 0x00, 0x14, 0x00, 0x00, 0x00, 0x55, 0x08, 0x00, 0x00, 0xe3, 0x00, 0x00, 0x00,
    0x53, 0x07, 0x00, 0x00, 0x2b, 0x00, 0x00, 0x00, 0x00, 0x08, 0x00, 0x00, 0x74, 0x00, 0x00, 0x00,
    0x00, 0x08, 0x00, 0x00, 0x34, 0x00, 0x00, 0x00, 0x00, 0x09, 0x00, 0x00, 0xc8, 0x00, 0x00, 0x00,
    0x51, 0x07, 0x00, 0x00, 0x0d, 0x00, 0x00, 0x00, 0x00, 0x08, 0x00, 0x00, 0x64, 0x00, 0x00, 0x00,
    0x00, 0x08, 0x00, 0x00, 0x24, 0x00, 0x00, 0x00, 0x00, 0x09, 0x00, 0x00, 0xa8, 0x00, 0x00, 0x00,
    0x00, 0x08, 0x00, 0x00, 0x04, 0x00, 0x00, 0x00, 0x00, 0x08, 0x00, 0x00, 0x84, 0x00, 0x00, 0x00,
    0x00, 0x08, 0x00, 0x00, 0x44, 0x00, 0x00, 0x00, 0x00, 0x09, 0x00, 0x00, 0xe8, 0x00, 0x00, 0x00,
    0x50, 0x07, 0x00, 0x00, 0x08, 0x00, 0x00, 0x00, 0x00, 0x08, 0x00, 0x00, 0x5c, 0x00, 0x00, 0x00,
    0x00, 0x08, 0x00, 0x00, 0x1c, 0x00, 0x00, 0x00, 0x00, 0x09, 0x00, 0x00, 0x98, 0x00, 0x00, 0x00,
    0x54, 0x07, 0x00, 0x00, 0x53, 0x00, 0x00, 0x00, 0x00, 0x08, 0x00, 0x00, 0x7c, 0x00, 0x00, 0x00,
    0x00, 0x08, 0x00, 0x00, 0x3c, 0x00, 0x00, 0x00, 0x00, 0x09, 0x00, 0x00, 0xd8, 0x00, 0x00, 0x00,
    0x52, 0x07, 0x00, 0x00, 0x17, 0x00, 0x00, 0x00, 0x00, 0x08, 0x00, 0x00, 0x6c, 0x00, 0x00, 0x00,
    0x00, 0x08, 0x00, 0x00, 0x2c, 0x00, 0x00, 0x00, 0x00, 0x09, 0x00, 0x00, 0xb8, 0x00, 0x00, 0x00,
    0x00, 0x08, 0x00, 0x00, 0x0c, 0x00, 0x00, 0x00, 0x00, 0x08, 0x00, 0x00, 0x8c, 0x00, 0x00, 0x00,
    0x00, 0x08, 0x00, 0x00, 0x4c, 0x00, 0x00, 0x00, 0x00, 0x09, 0x00, 0x00, 0xf8, 0x00, 0x00, 0x00,
    0x50, 0x07, 0x00, 0x00, 0x03, 0x00, 0x00, 0x00, 0x00, 0x08, 0x00, 0x00, 0x52, 0x00, 0x00, 0x00,
    0x00, 0x08, 0x00, 0x00, 0x12, 0x00, 0x00, 0x00, 0x55, 0x08, 0x00, 0x00, 0xa3, 0x00, 0x00, 0x00,
    0x53, 0x07, 0x00, 0x00, 0x23, 0x00, 0x00, 0x00, 0x00, 0x08, 0x00, 0x00, 0x72, 0x00, 0x00, 0x00,
    0x00, 0x08, 0x00, 0x00, 0x32, 0x00, 0x00, 0x00, 0x00, 0x09, 0x00, 0x00, 0xc4, 0x00, 0x00, 0x00,
    0x51, 0x07, 0x00, 0x00, 0x0b, 0x00, 0x00, 0x00, 0x00, 0x08, 0x00, 0x00, 0x62, 0x00, 0x00, 0x00,
    0x00, 0x08, 0x00, 0x00, 0x22, 0x00, 0x00, 0x00, 0x00, 0x09, 0x00, 0x00, 0xa4, 0x00, 0x00, 0x00,
    0x00, 0x08, 0x00, 0x00, 0x02, 0x00, 0x00, 0x00, 0x00, 0x08, 0x00, 0x00, 0x82, 0x00, 0x00, 0x00,
    0x00, 0x08, 0x00, 0x00, 0x42, 0x00, 0x00, 0x00, 0x00, 0x09, 0x00, 0x00, 0xe4, 0x00, 0x00, 0x00,
    0x50, 0x07, 0x00, 0x00, 0x07, 0x00, 0x00, 0x00, 0x00, 0x08, 0x00, 0x00, 0x5a, 0x00, 0x00, 0x00,
    0x00, 0x08, 0x00, 0x00, 0x1a, 0x00, 0x00, 0x00, 0x00, 0x09, 0x00, 0x00, 0x94, 0x00, 0x00, 0x00,
    0x54, 0x07, 0x00, 0x00, 0x43, 0x00, 0x00, 0x00, 0x00, 0x08, 0x00, 0x00, 0x7a, 0x00, 0x00, 0x00,
    0x00, 0x08, 0x00, 0x00, 0x3a, 0x00, 0x00, 0x00, 0x00, 0x09, 0x00, 0x00, 0xd4, 0x00, 0x00, 0x00,
    0x52, 0x07, 0x00, 0x00, 0x13, 0x00, 0x00, 0x00, 0x00, 0x08, 0x00, 0x00, 0x6a, 0x00, 0x00, 0x00,
    0x00, 0x08, 0x00, 0x00, 0x2a, 0x00, 0x00, 0x00, 0x00, 0x09, 0x00, 0x00, 0xb4, 0x00, 0x00, 0x00,
    0x00, 0x08, 0x00, 0x00, 0x0a, 0x00, 0x00, 0x00, 0x00, 0x08, 0x00, 0x00, 0x8a, 0x00, 0x00, 0x00,
    0x00, 0x08, 0x00, 0x00, 0x4a, 0x00, 0x00, 0x00, 0x00, 0x09, 0x00, 0x00, 0xf4, 0x00, 0x00, 0x00,
    0x50, 0x07, 0x00, 0x00, 0x05, 0x00, 0x00, 0x00, 0x00, 0x08, 0x00, 0x00, 0x56, 0x00, 0x00, 0x00,
    0x00, 0x08, 0x00, 0x00, 0x16, 0x00, 0x00, 0x00, 0xc0, 0x08, 0x00, 0x00, 0x00, 0x00, 0x00, 0x00,
    0x53, 0x07, 0x00, 0x00, 0x33, 0x00, 0x00, 0x00, 0x00, 0x08, 0x00, 0x00, 0x76, 0x00, 0x00, 0x00,
    0x00, 0x08, 0x00, 0x00, 0x36, 0x00, 0x00, 0x00, 0x00, 0x09, 0x00, 0x00, 0xcc, 0x00, 0x00, 0x00,
    0x51, 0x07, 0x00, 0x00, 0x0f, 0x00, 0x00, 0x00, 0x00, 0x08, 0x00, 0x00, 0x66, 0x00, 0x00, 0x00,
    0x00, 0x08, 0x00, 0x00, 0x26, 0x00, 0x00, 0x00, 0x00, 0x09, 0x00, 0x00, 0xac, 0x00, 0x00, 0x00,
    0x00, 0x08, 0x00, 0x00, 0x06, 0x00, 0x00, 0x00, 0x00, 0x08, 0x00, 0x00, 0x86, 0x00, 0x00, 0x00,
    0x00, 0x08, 0x00, 0x00, 0x46, 0x00, 0x00, 0x00, 0x00, 0x09, 0x00, 0x00, 0xec, 0x00, 0x00, 0x00,
    0x50, 0x07, 0x00, 0x00, 0x09, 0x00, 0x00, 0x00, 0x00, 0x08, 0x00, 0x00, 0x5e, 0x00, 0x00, 0x00,
    0x00, 0x08, 0x00, 0x00, 0x1e, 0x00, 0x00, 0x00, 0x00, 0x09, 0x00, 0x00, 0x9c, 0x00, 0x00, 0x00,
    0x54, 0x07, 0x00, 0x00, 0x63, 0x00, 0x00, 0x00, 0x00, 0x08, 0x00, 0x00, 0x7e, 0x00, 0x00, 0x00,
    0x00, 0x08, 0x00, 0x00, 0x3e, 0x00, 0x00, 0x00, 0x00, 0x09, 0x00, 0x00, 0xdc, 0x00, 0x00, 0x00,
    0x52, 0x07, 0x00, 0x00, 0x1b, 0x00, 0x00, 0x00, 0x00, 0x08, 0x00, 0x00, 0x6e, 0x00, 0x00, 0x00,
    0x00, 0x08, 0x00, 0x00, 0x2e, 0x00, 0x00, 0x00, 0x00, 0x09, 0x00, 0x00, 0xbc, 0x00, 0x00, 0x00,
    0x00, 0x08, 0x00, 0x00, 0x0e, 0x00, 0x00, 0x00, 0x00, 0x08, 0x00, 0x00, 0x8e, 0x00, 0x00, 0x00,
    0x00, 0x08, 0x00, 0x00, 0x4e, 0x00, 0x00, 0x00, 0x00, 0x09, 0x00, 0x00, 0xfc, 0x00, 0x00, 0x00,
    0x60, 0x07, 0x00, 0x00, 0x00, 0x01, 0x00, 0x00, 0x00, 0x08, 0x00, 0x00, 0x51, 0x00, 0x00, 0x00,
    0x00, 0x08, 0x00, 0x00, 0x11, 0x00, 0x00, 0x00, 0x55, 0x08, 0x00, 0x00, 0x83, 0x00, 0x00, 0x00,
    0x52, 0x07, 0x00, 0x00, 0x1f, 0x00, 0x00, 0x00, 0x00, 0x08, 0x00, 0x00, 0x71, 0x00, 0x00, 0x00,
    0x00, 0x08, 0x00, 0x00, 0x31, 0x00, 0x00, 0x00, 0x00, 0x09, 0x00, 0x00, 0xc2, 0x00, 0x00, 0x00,
    0x50, 0x07, 0x00, 0x00, 0x0a, 0x00, 0x00, 0x00, 0x00, 0x08, 0x00, 0x00, 0x61, 0x00, 0x00, 0x00,
    0x00, 0x08, 0x00, 0x00, 0x21, 0x00, 0x00, 0x00, 0x00, 0x09, 0x00, 0x00, 0xa2, 0x00, 0x00, 0x00,
    0x00, 0x08, 0x00, 0x00, 0x01, 0x00, 0x00, 0x00, 0x00, 0x08, 0x00, 0x00, 0x81, 0x00, 0x00, 0x00,
    0x00, 0x08, 0x00, 0x00, 0x41, 0x00, 0x00, 0x00, 0x00, 0x09, 0x00, 0x00, 0xe2, 0x00, 0x00, 0x00,
    0x50, 0x07, 0x00, 0x00, 0x06, 0x00, 0x00, 0x00, 0x00, 0x08, 0x00, 0x00, 0x59, 0x00, 0x00, 0x00,
    0x00, 0x08, 0x00, 0x00, 0x19, 0x00, 0x00, 0x00, 0x00, 0x09, 0x00, 0x00, 0x92, 0x00, 0x00, 0x00,
    0x53, 0x07, 0x00, 0x00, 0x3b, 0x00, 0x00, 0x00, 0x00, 0x08, 0x00, 0x00, 0x79, 0x00, 0x00, 0x00,
    0x00, 0x08, 0x00, 0x00, 0x39, 0x00, 0x00, 0x00, 0x00, 0x09, 0x00, 0x00, 0xd2, 0x00, 0x00, 0x00,
    0x51, 0x07, 0x00, 0x00, 0x11, 0x00, 0x00, 0x00, 0x00, 0x08, 0x00, 0x00, 0x69, 0x00, 0x00, 0x00,
    0x00, 0x08, 0x00, 0x00, 0x29, 0x00, 0x00, 0x00, 0x00, 0x09, 0x00, 0x00, 0xb2, 0x00, 0x00, 0x00,
    0x00, 0x08, 0x00, 0x00, 0x09, 0x00, 0x00, 0x00, 0x00, 0x08, 0x00, 0x00, 0x89, 0x00, 0x00, 0x00,
    0x00, 0x08, 0x00, 0x00, 0x49, 0x00, 0x00, 0x00, 0x00, 0x09, 0x00, 0x00, 0xf2, 0x00, 0x00, 0x00,
    0x50, 0x07, 0x00, 0x00, 0x04, 0x00, 0x00, 0x00, 0x00, 0x08, 0x00, 0x00, 0x55, 0x00, 0x00, 0x00,
    0x00, 0x08, 0x00, 0x00, 0x15, 0x00, 0x00, 0x00, 0x50, 0x08, 0x00, 0x00, 0x02, 0x01, 0x00, 0x00,
    0x53, 0x07, 0x00, 0x00, 0x2b, 0x00, 0x00, 0x00, 0x00, 0x08, 0x00, 0x00, 0x75, 0x00, 0x00, 0x00,
    0x00, 0x08, 0x00, 0x00, 0x35, 0x00, 0x00, 0x00, 0x00, 0x09, 0x00, 0x00, 0xca, 0x00, 0x00, 0x00,
    0x51, 0x07, 0x00, 0x00, 0x0d, 0x00, 0x00, 0x00, 0x00, 0x08, 0x00, 0x00, 0x65, 0x00, 0x00, 0x00,
    0x00, 0x08, 0x00, 0x00, 0x25, 0x00, 0x00, 0x00, 0x00, 0x09, 0x00, 0x00, 0xaa, 0x00, 0x00, 0x00,
    0x00, 0x08, 0x00, 0x00, 0x05, 0x00, 0x00, 0x00, 0x00, 0x08, 0x00, 0x00, 0x85, 0x00, 0x00, 0x00,
    0x00, 0x08, 0x00, 0x00, 0x45, 0x00, 0x00, 0x00, 0x00, 0x09, 0x00, 0x00, 0xea, 0x00, 0x00, 0x00,
    0x50, 0x07, 0x00, 0x00, 0x08, 0x00, 0x00, 0x00, 0x00, 0x08, 0x00, 0x00, 0x5d, 0x00, 0x00, 0x00,
    0x00, 0x08, 0x00, 0x00, 0x1d, 0x00, 0x00, 0x00, 0x00, 0x09, 0x00, 0x00, 0x9a, 0x00, 0x00, 0x00,
    0x54, 0x07, 0x00, 0x00, 0x53, 0x00, 0x00, 0x00, 0x00, 0x08, 0x00, 0x00, 0x7d, 0x00, 0x00, 0x00,
    0x00, 0x08, 0x00, 0x00, 0x3d, 0x00, 0x00, 0x00, 0x00, 0x09, 0x00, 0x00, 0xda, 0x00, 0x00, 0x00,
    0x52, 0x07, 0x00, 0x00, 0x17, 0x00, 0x00, 0x00, 0x00, 0x08, 0x00, 0x00, 0x6d, 0x00, 0x00, 0x00,
    0x00, 0x08, 0x00, 0x00, 0x2d, 0x00, 0x00, 0x00, 0x00, 0x09, 0x00, 0x00, 0xba, 0x00, 0x00, 0x00,
    0x00, 0x08, 0x00, 0x00, 0x0d, 0x00, 0x00, 0x00, 0x00, 0x08, 0x00, 0x00, 0x8d, 0x00, 0x00, 0x00,
    0x00, 0x08, 0x00, 0x00, 0x4d, 0x00, 0x00, 0x00, 0x00, 0x09, 0x00, 0x00, 0xfa, 0x00, 0x00, 0x00,
    0x50, 0x07, 0x00, 0x00, 0x03, 0x00, 0x00, 0x00, 0x00, 0x08, 0x00, 0x00, 0x53, 0x00, 0x00, 0x00,
    0x00, 0x08, 0x00, 0x00, 0x13, 0x00, 0x00, 0x00, 0x55, 0x08, 0x00, 0x00, 0xc3, 0x00, 0x00, 0x00,
    0x53, 0x07, 0x00, 0x00, 0x23, 0x00, 0x00, 0x00, 0x00, 0x08, 0x00, 0x00, 0x73, 0x00, 0x00, 0x00,
    0x00, 0x08, 0x00, 0x00, 0x33, 0x00, 0x00, 0x00, 0x00, 0x09, 0x00, 0x00, 0xc6, 0x00, 0x00, 0x00,
    0x51, 0x07, 0x00, 0x00, 0x0b, 0x00, 0x00, 0x00, 0x00, 0x08, 0x00, 0x00, 0x63, 0x00, 0x00, 0x00,
    0x00, 0x08, 0x00, 0x00, 0x23, 0x00, 0x00, 0x00, 0x00, 0x09, 0x00, 0x00, 0xa6, 0x00, 0x00, 0x00,
    0x00, 0x08, 0x00, 0x00, 0x03, 0x00, 0x00, 0x00, 0x00, 0x08, 0x00, 0x00, 0x83, 0x00, 0x00, 0x00,
    0x00, 0x08, 0x00, 0x00, 0x43, 0x00, 0x00, 0x00, 0x00, 0x09, 0x00, 0x00, 0xe6, 0x00, 0x00, 0x00,
    0x50, 0x07, 0x00, 0x00, 0x07, 0x00, 0x00, 0x00, 0x00, 0x08, 0x00, 0x00, 0x5b, 0x00, 0x00, 0x00,
    0x00, 0x08, 0x00, 0x00, 0x1b, 0x00, 0x00, 0x00, 0x00, 0x09, 0x00, 0x00, 0x96, 0x00, 0x00, 0x00,
    0x54, 0x07, 0x00, 0x00, 0x43, 0x00, 0x00, 0x00, 0x00, 0x08, 0x00, 0x00, 0x7b, 0x00, 0x00, 0x00,
    0x00, 0x08, 0x00, 0x00, 0x3b, 0x00, 0x00, 0x00, 0x00, 0x09, 0x00, 0x00, 0xd6, 0x00, 0x00, 0x00,
    0x52, 0x07, 0x00, 0x00, 0x13, 0x00, 0x00, 0x00, 0x00, 0x08, 0x00, 0x00, 0x6b, 0x00, 0x00, 0x00,
    0x00, 0x08, 0x00, 0x00, 0x2b, 0x00, 0x00, 0x00, 0x00, 0x09, 0x00, 0x00, 0xb6, 0x00, 0x00, 0x00,
    0x00, 0x08, 0x00, 0x00, 0x0b, 0x00, 0x00, 0x00, 0x00, 0x08, 0x00, 0x00, 0x8b, 0x00, 0x00, 0x00,
    0x00, 0x08, 0x00, 0x00, 0x4b, 0x00, 0x00, 0x00, 0x00, 0x09, 0x00, 0x00, 0xf6, 0x00, 0x00, 0x00,
    0x50, 0x07, 0x00, 0x00, 0x05, 0x00, 0x00, 0x00, 0x00, 0x08, 0x00, 0x00, 0x57, 0x00, 0x00, 0x00,
    0x00, 0x08, 0x00, 0x00, 0x17, 0x00, 0x00, 0x00, 0xc0, 0x08, 0x00, 0x00, 0x00, 0x00, 0x00, 0x00,
    0x53, 0x07, 0x00, 0x00, 0x33, 0x00, 0x00, 0x00, 0x00, 0x08, 0x00, 0x00, 0x77, 0x00, 0x00, 0x00,
    0x00, 0x08, 0x00, 0x00, 0x37, 0x00, 0x00, 0x00, 0x00, 0x09, 0x00, 0x00, 0xce, 0x00, 0x00, 0x00,
    0x51, 0x07, 0x00, 0x00, 0x0f, 0x00, 0x00, 0x00, 0x00, 0x08, 0x00, 0x00, 0x67, 0x00, 0x00, 0x00,
    0x00, 0x08, 0x00, 0x00, 0x27, 0x00, 0x00, 0x00, 0x00, 0x09, 0x00, 0x00, 0xae, 0x00, 0x00, 0x00,
    0x00, 0x08, 0x00, 0x00, 0x07, 0x00, 0x00, 0x00, 0x00, 0x08, 0x00, 0x00, 0x87, 0x00, 0x00, 0x00,
    0x00, 0x08, 0x00, 0x00, 0x47, 0x00, 0x00, 0x00, 0x00, 0x09, 0x00, 0x00, 0xee, 0x00, 0x00, 0x00,
    0x50, 0x07, 0x00, 0x00, 0x09, 0x00, 0x00, 0x00, 0x00, 0x08, 0x00, 0x00, 0x5f, 0x00, 0x00, 0x00,
    0x00, 0x08, 0x00, 0x00, 0x1f, 0x00, 0x00, 0x00, 0x00, 0x09, 0x00, 0x00, 0x9e, 0x00, 0x00, 0x00,
    0x54, 0x07, 0x00, 0x00, 0x63, 0x00, 0x00, 0x00, 0x00, 0x08, 0x00, 0x00, 0x7f, 0x00, 0x00, 0x00,
    0x00, 0x08, 0x00, 0x00, 0x3f, 0x00, 0x00, 0x00, 0x00, 0x09, 0x00, 0x00, 0xde, 0x00, 0x00, 0x00,
    0x52, 0x07, 0x00, 0x00, 0x1b, 0x00, 0x00, 0x00, 0x00, 0x08, 0x00, 0x00, 0x6f, 0x00, 0x00, 0x00,
    0x00, 0x08, 0x00, 0x00, 0x2f, 0x00, 0x00, 0x00, 0x00, 0x09, 0x00, 0x00, 0xbe, 0x00, 0x00, 0x00,
    0x00, 0x08, 0x00, 0x00, 0x0f, 0x00, 0x00, 0x00, 0x00, 0x08, 0x00, 0x00, 0x8f, 0x00, 0x00, 0x00,
    0x00, 0x08, 0x00, 0x00, 0x4f, 0x00, 0x00, 0x00, 0x00, 0x09, 0x00, 0x00, 0xfe, 0x00, 0x00, 0x00,
    0x60, 0x07, 0x00, 0x00, 0x00, 0x01, 0x00, 0x00, 0x00, 0x08, 0x00, 0x00, 0x50, 0x00, 0x00, 0x00,
    0x00, 0x08, 0x00, 0x00, 0x10, 0x00, 0x00, 0x00, 0x54, 0x08, 0x00, 0x00, 0x73, 0x00, 0x00, 0x00,
    0x52, 0x07, 0x00, 0x00, 0x1f, 0x00, 0x00, 0x00, 0x00, 0x08, 0x00, 0x00, 0x70, 0x00, 0x00, 0x00,
    0x00, 0x08, 0x00, 0x00, 0x30, 0x00, 0x00, 0x00, 0x00, 0x09, 0x00, 0x00, 0xc1, 0x00, 0x00, 0x00,
    0x50, 0x07, 0x00, 0x00, 0x0a, 0x00, 0x00, 0x00, 0x00, 0x08, 0x00, 0x00, 0x60, 0x00, 0x00, 0x00,
    0x00, 0x08, 0x00, 0x00, 0x20, 0x00, 0x00, 0x00, 0x00, 0x09, 0x00, 0x00, 0xa1, 0x00, 0x00, 0x00,
    0x00, 0x08, 0x00, 0x00, 0x00, 0x00, 0x00, 0x00, 0x00, 0x08, 0x00, 0x00, 0x80, 0x00, 0x00, 0x00,
    0x00, 0x08, 0x00, 0x00, 0x40, 0x00, 0x00, 0x00, 0x00, 0x09, 0x00, 0x00, 0xe1, 0x00, 0x00, 0x00,
    0x50, 0x07, 0x00, 0x00, 0x06, 0x00, 0x00, 0x00, 0x00, 0x08, 0x00, 0x00, 0x58, 0x00, 0x00, 0x00,
    0x00, 0x08, 0x00, 0x00, 0x18, 0x00, 0x00, 0x00, 0x00, 0x09, 0x00, 0x00, 0x91, 0x00, 0x00, 0x00,
    0x53, 0x07, 0x00, 0x00, 0x3b, 0x00, 0x00, 0x00, 0x00, 0x08, 0x00, 0x00, 0x78, 0x00, 0x00, 0x00,
    0x00, 0x08, 0x00, 0x00, 0x38, 0x00, 0x00, 0x00, 0x00, 0x09, 0x00, 0x00, 0xd1, 0x00, 0x00, 0x00,
    0x51, 0x07, 0x00, 0x00, 0x11, 0x00, 0x00, 0x00, 0x00, 0x08, 0x00, 0x00, 0x68, 0x00, 0x00, 0x00,
    0x00, 0x08, 0x00, 0x00, 0x28, 0x00, 0x00, 0x00, 0x00, 0x09, 0x00, 0x00, 0xb1, 0x00, 0x00, 0x00,
    0x00, 0x08, 0x00, 0x00, 0x08, 0x00, 0x00, 0x00, 0x00, 0x08, 0x00, 0x00, 0x88, 0x00, 0x00, 0x00,
    0x00, 0x08, 0x00, 0x00, 0x48, 0x00, 0x00, 0x00, 0x00, 0x09, 0x00, 0x00, 0xf1, 0x00, 0x00, 0x00,
    0x50, 0x07, 0x00, 0x00, 0x04, 0x00, 0x00, 0x00, 0x00, 0x08, 0x00, 0x00, 0x54, 0x00, 0x00, 0x00,
    0x00, 0x08, 0x00, 0x00, 0x14, 0x00, 0x00, 0x00, 0x55, 0x08, 0x00, 0x00, 0xe3, 0x00, 0x00, 0x00,
    0x53, 0x07, 0x00, 0x00, 0x2b, 0x00, 0x00, 0x00, 0x00, 0x08, 0x00, 0x00, 0x74, 0x00, 0x00, 0x00,
    0x00, 0x08, 0x00, 0x00, 0x34, 0x00, 0x00, 0x00, 0x00, 0x09, 0x00, 0x00, 0xc9, 0x00, 0x00, 0x00,
    0x51, 0x07, 0x00, 0x00, 0x0d, 0x00, 0x00, 0x00, 0x00, 0x08, 0x00, 0x00, 0x64, 0x00, 0x00, 0x00,
    0x00, 0x08, 0x00, 0x00, 0x24, 0x00, 0x00, 0x00, 0x00, 0x09, 0x00, 0x00, 0xa9, 0x00, 0x00, 0x00,
    0x00, 0x08, 0x00, 0x00, 0x04, 0x00, 0x00, 0x00, 0x00, 0x08, 0x00, 0x00, 0x84, 0x00, 0x00, 0x00,
    0x00, 0x08, 0x00, 0x00, 0x44, 0x00, 0x00, 0x00, 0x00, 0x09, 0x00, 0x00, 0xe9, 0x00, 0x00, 0x00,
    0x50, 0x07, 0x00, 0x00, 0x08, 0x00, 0x00, 0x00, 0x00, 0x08, 0x00, 0x00, 0x5c, 0x00, 0x00, 0x00,
    0x00, 0x08, 0x00, 0x00, 0x1c, 0x00, 0x00, 0x00, 0x00, 0x09, 0x00, 0x00, 0x99, 0x00, 0x00, 0x00,
    0x54, 0x07, 0x00, 0x00, 0x53, 0x00, 0x00, 0x00, 0x00, 0x08, 0x00, 0x00, 0x7c, 0x00, 0x00, 0x00,
    0x00, 0x08, 0x00, 0x00, 0x3c, 0x00, 0x00, 0x00, 0x00, 0x09, 0x00, 0x00, 0xd9, 0x00, 0x00, 0x00,
    0x52, 0x07, 0x00, 0x00, 0x17, 0x00, 0x00, 0x00, 0x00, 0x08, 0x00, 0x00, 0x6c, 0x00, 0x00, 0x00,
    0x00, 0x08, 0x00, 0x00, 0x2c, 0x00, 0x00, 0x00, 0x00, 0x09, 0x00, 0x00, 0xb9, 0x00, 0x00, 0x00,
    0x00, 0x08, 0x00, 0x00, 0x0c, 0x00, 0x00, 0x00, 0x00, 0x08, 0x00, 0x00, 0x8c, 0x00, 0x00, 0x00,
    0x00, 0x08, 0x00, 0x00, 0x4c, 0x00, 0x00, 0x00, 0x00, 0x09, 0x00, 0x00, 0xf9, 0x00, 0x00, 0x00,
    0x50, 0x07, 0x00, 0x00, 0x03, 0x00, 0x00, 0x00, 0x00, 0x08, 0x00, 0x00, 0x52, 0x00, 0x00, 0x00,
    0x00, 0x08, 0x00, 0x00, 0x12, 0x00, 0x00, 0x00, 0x55, 0x08, 0x00, 0x00, 0xa3, 0x00, 0x00, 0x00,
    0x53, 0x07, 0x00, 0x00, 0x23, 0x00, 0x00, 0x00, 0x00, 0x08, 0x00, 0x00, 0x72, 0x00, 0x00, 0x00,
    0x00, 0x08, 0x00, 0x00, 0x32, 0x00, 0x00, 0x00, 0x00, 0x09, 0x00, 0x00, 0xc5, 0x00, 0x00, 0x00,
    0x51, 0x07, 0x00, 0x00, 0x0b, 0x00, 0x00, 0x00, 0x00, 0x08, 0x00, 0x00, 0x62, 0x00, 0x00, 0x00,
    0x00, 0x08, 0x00, 0x00, 0x22, 0x00, 0x00, 0x00, 0x00, 0x09, 0x00, 0x00, 0xa5, 0x00, 0x00, 0x00,
    0x00, 0x08, 0x00, 0x00, 0x02, 0x00, 0x00, 0x00, 0x00, 0x08, 0x00, 0x00, 0x82, 0x00, 0x00, 0x00,
    0x00, 0x08, 0x00, 0x00, 0x42, 0x00, 0x00, 0x00, 0x00, 0x09, 0x00, 0x00, 0xe5, 0x00, 0x00, 0x00,
    0x50, 0x07, 0x00, 0x00, 0x07, 0x00, 0x00, 0x00, 0x00, 0x08, 0x00, 0x00, 0x5a, 0x00, 0x00, 0x00,
    0x00, 0x08, 0x00, 0x00, 0x1a, 0x00, 0x00, 0x00, 0x00, 0x09, 0x00, 0x00, 0x95, 0x00, 0x00, 0x00,
    0x54, 0x07, 0x00, 0x00, 0x43, 0x00, 0x00, 0x00, 0x00, 0x08, 0x00, 0x00, 0x7a, 0x00, 0x00, 0x00,
    0x00, 0x08, 0x00, 0x00, 0x3a, 0x00, 0x00, 0x00, 0x00, 0x09, 0x00, 0x00, 0xd5, 0x00, 0x00, 0x00,
    0x52, 0x07, 0x00, 0x00, 0x13, 0x00, 0x00, 0x00, 0x00, 0x08, 0x00, 0x00, 0x6a, 0x00, 0x00, 0x00,
    0x00, 0x08, 0x00, 0x00, 0x2a, 0x00, 0x00, 0x00, 0x00, 0x09, 0x00, 0x00, 0xb5, 0x00, 0x00, 0x00,
    0x00, 0x08, 0x00, 0x00, 0x0a, 0x00, 0x00, 0x00, 0x00, 0x08, 0x00, 0x00, 0x8a, 0x00, 0x00, 0x00,
    0x00, 0x08, 0x00, 0x00, 0x4a, 0x00, 0x00, 0x00, 0x00, 0x09, 0x00, 0x00, 0xf5, 0x00, 0x00, 0x00,
    0x50, 0x07, 0x00, 0x00, 0x05, 0x00, 0x00, 0x00, 0x00, 0x08, 0x00, 0x00, 0x56, 0x00, 0x00, 0x00,
    0x00, 0x08, 0x00, 0x00, 0x16, 0x00, 0x00, 0x00, 0xc0, 0x08, 0x00, 0x00, 0x00, 0x00, 0x00, 0x00,
    0x53, 0x07, 0x00, 0x00, 0x33, 0x00, 0x00, 0x00, 0x00, 0x08, 0x00, 0x00, 0x76, 0x00, 0x00, 0x00,
    0x00, 0x08, 0x00, 0x00, 0x36, 0x00, 0x00, 0x00, 0x00, 0x09, 0x00, 0x00, 0xcd, 0x00, 0x00, 0x00,
    0x51, 0x07, 0x00, 0x00, 0x0f, 0x00, 0x00, 0x00, 0x00, 0x08, 0x00, 0x00, 0x66, 0x00, 0x00, 0x00,
    0x00, 0x08, 0x00, 0x00, 0x26, 0x00, 0x00, 0x00, 0x00, 0x09, 0x00, 0x00, 0xad, 0x00, 0x00, 0x00,
    0x00, 0x08, 0x00, 0x00, 0x06, 0x00, 0x00, 0x00, 0x00, 0x08, 0x00, 0x00, 0x86, 0x00, 0x00, 0x00,
    0x00, 0x08, 0x00, 0x00, 0x46, 0x00, 0x00, 0x00, 0x00, 0x09, 0x00, 0x00, 0xed, 0x00, 0x00, 0x00,
    0x50, 0x07, 0x00, 0x00, 0x09, 0x00, 0x00, 0x00, 0x00, 0x08, 0x00, 0x00, 0x5e, 0x00, 0x00, 0x00,
    0x00, 0x08, 0x00, 0x00, 0x1e, 0x00, 0x00, 0x00, 0x00, 0x09, 0x00, 0x00, 0x9d, 0x00, 0x00, 0x00,
    0x54, 0x07, 0x00, 0x00, 0x63, 0x00, 0x00, 0x00, 0x00, 0x08, 0x00, 0x00, 0x7e, 0x00, 0x00, 0x00,
    0x00, 0x08, 0x00, 0x00, 0x3e, 0x00, 0x00, 0x00, 0x00, 0x09, 0x00, 0x00, 0xdd, 0x00, 0x00, 0x00,
    0x52, 0x07, 0x00, 0x00, 0x1b, 0x00, 0x00, 0x00, 0x00, 0x08, 0x00, 0x00, 0x6e, 0x00, 0x00, 0x00,
    0x00, 0x08, 0x00, 0x00, 0x2e, 0x00, 0x00, 0x00, 0x00, 0x09, 0x00, 0x00, 0xbd, 0x00, 0x00, 0x00,
    0x00, 0x08, 0x00, 0x00, 0x0e, 0x00, 0x00, 0x00, 0x00, 0x08, 0x00, 0x00, 0x8e, 0x00, 0x00, 0x00,
    0x00, 0x08, 0x00, 0x00, 0x4e, 0x00, 0x00, 0x00, 0x00, 0x09, 0x00, 0x00, 0xfd, 0x00, 0x00, 0x00,
    0x60, 0x07, 0x00, 0x00, 0x00, 0x01, 0x00, 0x00, 0x00, 0x08, 0x00, 0x00, 0x51, 0x00, 0x00, 0x00,
    0x00, 0x08, 0x00, 0x00, 0x11, 0x00, 0x00, 0x00, 0x55, 0x08, 0x00, 0x00, 0x83, 0x00, 0x00, 0x00,
    0x52, 0x07, 0x00, 0x00, 0x1f, 0x00, 0x00, 0x00, 0x00, 0x08, 0x00, 0x00, 0x71, 0x00, 0x00, 0x00,
    0x00, 0x08, 0x00, 0x00, 0x31, 0x00, 0x00, 0x00, 0x00, 0x09, 0x00, 0x00, 0xc3, 0x00, 0x00, 0x00,
    0x50, 0x07, 0x00, 0x00, 0x0a, 0x00, 0x00, 0x00, 0x00, 0x08, 0x00, 0x00, 0x61, 0x00, 0x00, 0x00,
    0x00, 0x08, 0x00, 0x00, 0x21, 0x00, 0x00, 0x00, 0x00, 0x09, 0x00, 0x00, 0xa3, 0x00, 0x00, 0x00,
    0x00, 0x08, 0x00, 0x00, 0x01, 0x00, 0x00, 0x00, 0x00, 0x08, 0x00, 0x00, 0x81, 0x00, 0x00, 0x00,
    0x00, 0x08, 0x00, 0x00, 0x41, 0x00, 0x00, 0x00, 0x00, 0x09, 0x00, 0x00, 0xe3, 0x00, 0x00, 0x00,
    0x50, 0x07, 0x00, 0x00, 0x06, 0x00, 0x00, 0x00, 0x00, 0x08, 0x00, 0x00, 0x59, 0x00, 0x00, 0x00,
    0x00, 0x08, 0x00, 0x00, 0x19, 0x00, 0x00, 0x00, 0x00, 0x09, 0x00, 0x00, 0x93, 0x00, 0x00, 0x00,
    0x53, 0x07, 0x00, 0x00, 0x3b, 0x00, 0x00, 0x00, 0x00, 0x08, 0x00, 0x00, 0x79, 0x00, 0x00, 0x00,
    0x00, 0x08, 0x00, 0x00, 0x39, 0x00, 0x00, 0x00, 0x00, 0x09, 0x00, 0x00, 0xd3, 0x00, 0x00, 0x00,
    0x51, 0x07, 0x00, 0x00, 0x11, 0x00, 0x00, 0x00, 0x00, 0x08, 0x00, 0x00, 0x69, 0x00, 0x00, 0x00,
    0x00, 0x08, 0x00, 0x00, 0x29, 0x00, 0x00, 0x00, 0x00, 0x09, 0x00, 0x00, 0xb3, 0x00, 0x00, 0x00,
    0x00, 0x08, 0x00, 0x00, 0x09, 0x00, 0x00, 0x00, 0x00, 0x08, 0x00, 0x00, 0x89, 0x00, 0x00, 0x00,
    0x00, 0x08, 0x00, 0x00, 0x49, 0x00, 0x00, 0x00, 0x00, 0x09, 0x00, 0x00, 0xf3, 0x00, 0x00, 0x00,
    0x50, 0x07, 0x00, 0x00, 0x04, 0x00, 0x00, 0x00, 0x00, 0x08, 0x00, 0x00, 0x55, 0x00, 0x00, 0x00,
    0x00, 0x08, 0x00, 0x00, 0x15, 0x00, 0x00, 0x00, 0x50, 0x08, 0x00, 0x00, 0x02, 0x01, 0x00, 0x00,
    0x53, 0x07, 0x00, 0x00, 0x2b, 0x00, 0x00, 0x00, 0x00, 0x08, 0x00, 0x00, 0x75, 0x00, 0x00, 0x00,
    0x00, 0x08, 0x00, 0x00, 0x35, 0x00, 0x00, 0x00, 0x00, 0x09, 0x00, 0x00, 0xcb, 0x00, 0x00, 0x00,
    0x51, 0x07, 0x00, 0x00, 0x0d, 0x00, 0x00, 0x00, 0x00, 0x08, 0x00, 0x00, 0x65, 0x00, 0x00, 0x00,
    0x00, 0x08, 0x00, 0x00, 0x25, 0x00, 0x00, 0x00, 0x00, 0x09, 0x00, 0x00, 0xab, 0x00, 0x00, 0x00,
    0x00, 0x08, 0x00, 0x00, 0x05, 0x00, 0x00, 0x00, 0x00, 0x08, 0x00, 0x00, 0x85, 0x00, 0x00, 0x00,
    0x00, 0x08, 0x00, 0x00, 0x45, 0x00, 0x00, 0x00, 0x00, 0x09, 0x00, 0x00, 0xeb, 0x00, 0x00, 0x00,
    0x50, 0x07, 0x00, 0x00, 0x08, 0x00, 0x00, 0x00, 0x00, 0x08, 0x00, 0x00, 0x5d, 0x00, 0x00, 0x00,
    0x00, 0x08, 0x00, 0x00, 0x1d, 0x00, 0x00, 0x00, 0x00, 0x09, 0x00, 0x00, 0x9b, 0x00, 0x00, 0x00,
    0x54, 0x07, 0x00, 0x00, 0x53, 0x00, 0x00, 0x00, 0x00, 0x08, 0x00, 0x00, 0x7d, 0x00, 0x00, 0x00,
    0x00, 0x08, 0x00, 0x00, 0x3d, 0x00, 0x00, 0x00, 0x00, 0x09, 0x00, 0x00, 0xdb, 0x00, 0x00, 0x00,
    0x52, 0x07, 0x00, 0x00, 0x17, 0x00, 0x00, 0x00, 0x00, 0x08, 0x00, 0x00, 0x6d, 0x00, 0x00, 0x00,
    0x00, 0x08, 0x00, 0x00, 0x2d, 0x00, 0x00, 0x00, 0x00, 0x09, 0x00, 0x00, 0xbb, 0x00, 0x00, 0x00,
    0x00, 0x08, 0x00, 0x00, 0x0d, 0x00, 0x00, 0x00, 0x00, 0x08, 0x00, 0x00, 0x8d, 0x00, 0x00, 0x00,
    0x00, 0x08, 0x00, 0x00, 0x4d, 0x00, 0x00, 0x00, 0x00, 0x09, 0x00, 0x00, 0xfb, 0x00, 0x00, 0x00,
    0x50, 0x07, 0x00, 0x00, 0x03, 0x00, 0x00, 0x00, 0x00, 0x08, 0x00, 0x00, 0x53, 0x00, 0x00, 0x00,
    0x00, 0x08, 0x00, 0x00, 0x13, 0x00, 0x00, 0x00, 0x55, 0x08, 0x00, 0x00, 0xc3, 0x00, 0x00, 0x00,
    0x53, 0x07, 0x00, 0x00, 0x23, 0x00, 0x00, 0x00, 0x00, 0x08, 0x00, 0x00, 0x73, 0x00, 0x00, 0x00,
    0x00, 0x08, 0x00, 0x00, 0x33, 0x00, 0x00, 0x00, 0x00, 0x09, 0x00, 0x00, 0xc7, 0x00, 0x00, 0x00,
    0x51, 0x07, 0x00, 0x00, 0x0b, 0x00, 0x00, 0x00, 0x00, 0x08, 0x00, 0x00, 0x63, 0x00, 0x00, 0x00,
    0x00, 0x08, 0x00, 0x00, 0x23, 0x00, 0x00, 0x00, 0x00, 0x09, 0x00, 0x00, 0xa7, 0x00, 0x00, 0x00,
    0x00, 0x08, 0x00, 0x00, 0x03, 0x00, 0x00, 0x00, 0x00, 0x08, 0x00, 0x00, 0x83, 0x00, 0x00, 0x00,
    0x00, 0x08, 0x00, 0x00, 0x43, 0x00, 0x00, 0x00, 0x00, 0x09, 0x00, 0x00, 0xe7, 0x00, 0x00, 0x00,
    0x50, 0x07, 0x00, 0x00, 0x07, 0x00, 0x00, 0x00, 0x00, 0x08, 0x00, 0x00, 0x5b, 0x00, 0x00, 0x00,
    0x00, 0x08, 0x00, 0x00, 0x1b, 0x00, 0x00, 0x00, 0x00, 0x09, 0x00, 0x00, 0x97, 0x00, 0x00, 0x00,
    0x54, 0x07, 0x00, 0x00, 0x43, 0x00, 0x00, 0x00, 0x00, 0x08, 0x00, 0x00, 0x7b, 0x00, 0x00, 0x00,
    0x00, 0x08, 0x00, 0x00, 0x3b, 0x00, 0x00, 0x00, 0x00, 0x09, 0x00, 0x00, 0xd7, 0x00, 0x00, 0x00,
    0x52, 0x07, 0x00, 0x00, 0x13, 0x00, 0x00, 0x00, 0x00, 0x08, 0x00, 0x00, 0x6b, 0x00, 0x00, 0x00,
    0x00, 0x08, 0x00, 0x00, 0x2b, 0x00, 0x00, 0x00, 0x00, 0x09, 0x00, 0x00, 0xb7, 0x00, 0x00, 0x00,
    0x00, 0x08, 0x00, 0x00, 0x0b, 0x00, 0x00, 0x00, 0x00, 0x08, 0x00, 0x00, 0x8b, 0x00, 0x00, 0x00,
    0x00, 0x08, 0x00, 0x00, 0x4b, 0x00, 0x00, 0x00, 0x00, 0x09, 0x00, 0x00, 0xf7, 0x00, 0x00, 0x00,
    0x50, 0x07, 0x00, 0x00, 0x05, 0x00, 0x00, 0x00, 0x00, 0x08, 0x00, 0x00, 0x57, 0x00, 0x00, 0x00,
    0x00, 0x08, 0x00, 0x00, 0x17, 0x00, 0x00, 0x00, 0xc0, 0x08, 0x00, 0x00, 0x00, 0x00, 0x00, 0x00,
    0x53, 0x07, 0x00, 0x00, 0x33, 0x00, 0x00, 0x00, 0x00, 0x08, 0x00, 0x00, 0x77, 0x00, 0x00, 0x00,
    0x00, 0x08, 0x00, 0x00, 0x37, 0x00, 0x00, 0x00, 0x00, 0x09, 0x00, 0x00, 0xcf, 0x00, 0x00, 0x00,
    0x51, 0x07, 0x00, 0x00, 0x0f, 0x00, 0x00, 0x00, 0x00, 0x08, 0x00, 0x00, 0x67, 0x00, 0x00, 0x00,
    0x00, 0x08, 0x00, 0x00, 0x27, 0x00, 0x00, 0x00, 0x00, 0x09, 0x00, 0x00, 0xaf, 0x00, 0x00, 0x00,
    0x00, 0x08, 0x00, 0x00, 0x07, 0x00, 0x00, 0x00, 0x00, 0x08, 0x00, 0x00, 0x87, 0x00, 0x00, 0x00,
    0x00, 0x08, 0x00, 0x00, 0x47, 0x00, 0x00, 0x00, 0x00, 0x09, 0x00, 0x00, 0xef, 0x00, 0x00, 0x00,
    0x50, 0x07, 0x00, 0x00, 0x09, 0x00, 0x00, 0x00, 0x00, 0x08, 0x00, 0x00, 0x5f, 0x00, 0x00, 0x00,
    0x00, 0x08, 0x00, 0x00, 0x1f, 0x00, 0x00, 0x00, 0x00, 0x09, 0x00, 0x00, 0x9f, 0x00, 0x00, 0x00,
    0x54, 0x07, 0x00, 0x00, 0x63, 0x00, 0x00, 0x00, 0x00, 0x08, 0x00, 0x00, 0x7f, 0x00, 0x00, 0x00,
    0x00, 0x08, 0x00, 0x00, 0x3f, 0x00, 0x00, 0x00, 0x00, 0x09, 0x00, 0x00, 0xdf, 0x00, 0x00, 0x00,
    0x52, 0x07, 0x00, 0x00, 0x1b, 0x00, 0x00, 0x00, 0x00, 0x08, 0x00, 0x00, 0x6f, 0x00, 0x00, 0x00,
    0x00, 0x08, 0x00, 0x00, 0x2f, 0x00, 0x00, 0x00, 0x00, 0x09, 0x00, 0x00, 0xbf, 0x00, 0x00, 0x00,
    0x00, 0x08, 0x00, 0x00, 0x0f, 0x00, 0x00, 0x00, 0x00, 0x08, 0x00, 0x00, 0x8f, 0x00, 0x00, 0x00,
    0x00, 0x08, 0x00, 0x00, 0x4f, 0x00, 0x00, 0x00, 0x00, 0x09, 0x00, 0x00, 0xff, 0x00, 0x00, 0x00
};

unsigned char fixed_bd[4] = {
    0x05, 0x00, 0x00, 0x00
};

unsigned char fixed_bl[4] = {
    0x09, 0x00, 0x00, 0x00
};
